protein_variant,am_pathogenicity,am_class
M1A,0.3738,ambiguous
M1C,0.4162,ambiguous
M1D,0.7756,pathogenic
M1E,0.494,ambiguous
M1F,0.24,benign
M1G,0.5321,ambiguous
M1H,0.5987,pathogenic
M1I,0.4431,ambiguous
M1K,0.333,benign
M1L,0.1553,benign
M1N,0.5442,ambiguous
M1P,0.5887,pathogenic
M1Q,0.2778,benign
M1R,0.296,benign
M1S,0.4404,ambiguous
M1T,0.3599,ambiguous
M1V,0.0997,benign
M1W,0.4926,ambiguous
M1Y,0.5167,ambiguous
A2C,0.7437,pathogenic
A2D,0.4096,ambiguous
A2E,0.4184,ambiguous
A2F,0.6203,pathogenic
A2G,0.1753,benign
A2H,0.7577,pathogenic
A2I,0.7312,pathogenic
A2K,0.6474,pathogenic
A2L,0.4928,ambiguous
A2M,0.6982,pathogenic
A2N,0.477,ambiguous
A2P,0.2178,benign
A2Q,0.5852,pathogenic
A2R,0.5372,ambiguous
A2S,0.169,benign
A2T,0.2394,benign
A2V,0.4835,ambiguous
A2W,0.8505,pathogenic
A2Y,0.6752,pathogenic
D3A,0.1595,benign
D3C,0.568,pathogenic
D3E,0.2288,benign
D3F,0.5226,ambiguous
D3G,0.141,benign
D3H,0.3372,benign
D3I,0.47,ambiguous
D3K,0.4412,ambiguous
D3L,0.4864,ambiguous
D3M,0.7652,pathogenic
D3N,0.1794,benign
D3P,0.5723,pathogenic
D3Q,0.3723,ambiguous
D3R,0.3817,ambiguous
D3S,0.1648,benign
D3T,0.334,benign
D3V,0.263,benign
D3W,0.7678,pathogenic
D3Y,0.1997,benign
K4A,0.1591,benign
K4C,0.5511,ambiguous
K4D,0.2311,benign
K4E,0.0882,benign
K4F,0.4615,ambiguous
K4G,0.2318,benign
K4H,0.2448,benign
K4I,0.1711,benign
K4L,0.2133,benign
K4M,0.1541,benign
K4N,0.1871,benign
K4P,0.5779,pathogenic
K4Q,0.1174,benign
K4R,0.0791,benign
K4S,0.2232,benign
K4T,0.0934,benign
K4V,0.1619,benign
K4W,0.576,pathogenic
K4Y,0.3917,ambiguous
V5A,0.1401,benign
V5C,0.5114,ambiguous
V5D,0.1373,benign
V5E,0.1323,benign
V5F,0.0856,benign
V5G,0.1343,benign
V5H,0.2912,benign
V5I,0.0773,benign
V5K,0.1514,benign
V5L,0.1317,benign
V5M,0.1578,benign
V5N,0.1545,benign
V5P,0.3984,ambiguous
V5Q,0.1739,benign
V5R,0.1335,benign
V5S,0.1618,benign
V5T,0.1704,benign
V5W,0.5022,ambiguous
V5Y,0.2362,benign
L6A,0.6467,pathogenic
L6C,0.7447,pathogenic
L6D,0.9471,pathogenic
L6E,0.7783,pathogenic
L6F,0.1957,benign
L6G,0.7969,pathogenic
L6H,0.731,pathogenic
L6I,0.1599,benign
L6K,0.6953,pathogenic
L6M,0.2108,benign
L6N,0.8771,pathogenic
L6P,0.6937,pathogenic
L6Q,0.5933,pathogenic
L6R,0.582,pathogenic
L6S,0.8015,pathogenic
L6T,0.6778,pathogenic
L6V,0.2028,benign
L6W,0.3136,benign
L6Y,0.6176,pathogenic
K7A,0.2416,benign
K7C,0.5902,pathogenic
K7D,0.5155,ambiguous
K7E,0.1221,benign
K7F,0.5541,ambiguous
K7G,0.2574,benign
K7H,0.3292,benign
K7I,0.276,benign
K7L,0.2209,benign
K7M,0.1749,benign
K7N,0.3757,ambiguous
K7P,0.5809,pathogenic
K7Q,0.1183,benign
K7R,0.0722,benign
K7S,0.3406,ambiguous
K7T,0.1614,benign
K7V,0.2597,benign
K7W,0.5195,ambiguous
K7Y,0.46,ambiguous
E8A,0.1194,benign
E8C,0.6641,pathogenic
E8D,0.1287,benign
E8F,0.6056,pathogenic
E8G,0.0633,benign
E8H,0.3557,ambiguous
E8I,0.3594,ambiguous
E8K,0.1229,benign
E8L,0.3168,benign
E8M,0.4172,ambiguous
E8N,0.21,benign
E8P,0.5176,ambiguous
E8Q,0.1068,benign
E8R,0.1545,benign
E8S,0.1687,benign
E8T,0.2055,benign
E8V,0.1962,benign
E8W,0.6403,pathogenic
E8Y,0.4053,ambiguous
K9A,0.5649,pathogenic
K9C,0.7681,pathogenic
K9D,0.7263,pathogenic
K9E,0.2462,benign
K9F,0.8376,pathogenic
K9G,0.5334,ambiguous
K9H,0.4781,ambiguous
K9I,0.4558,ambiguous
K9L,0.5107,ambiguous
K9M,0.3439,ambiguous
K9N,0.4628,ambiguous
K9P,0.891,pathogenic
K9Q,0.1905,benign
K9R,0.1038,benign
K9S,0.5996,pathogenic
K9T,0.3062,benign
K9V,0.4498,ambiguous
K9W,0.8328,pathogenic
K9Y,0.6414,pathogenic
R10A,0.8004,pathogenic
R10C,0.4366,ambiguous
R10D,0.9135,pathogenic
R10E,0.5482,ambiguous
R10F,0.8973,pathogenic
R10G,0.4849,ambiguous
R10H,0.4003,ambiguous
R10I,0.6171,pathogenic
R10K,0.2692,benign
R10L,0.6195,pathogenic
R10M,0.658,pathogenic
R10N,0.8869,pathogenic
R10P,0.8735,pathogenic
R10Q,0.2128,benign
R10S,0.8515,pathogenic
R10T,0.6698,pathogenic
R10V,0.7198,pathogenic
R10W,0.3354,benign
R10Y,0.7218,pathogenic
K11A,0.2775,benign
K11C,0.5657,pathogenic
K11D,0.4658,ambiguous
K11E,0.1787,benign
K11F,0.5571,ambiguous
K11G,0.2645,benign
K11H,0.2893,benign
K11I,0.2181,benign
K11L,0.2448,benign
K11M,0.1951,benign
K11N,0.3078,benign
K11P,0.3637,ambiguous
K11Q,0.142,benign
K11R,0.0744,benign
K11S,0.3448,ambiguous
K11T,0.1588,benign
K11V,0.2244,benign
K11W,0.5795,pathogenic
K11Y,0.4253,ambiguous
L12A,0.1016,benign
L12C,0.2468,benign
L12D,0.2153,benign
L12E,0.1166,benign
L12F,0.1018,benign
L12G,0.1894,benign
L12H,0.1105,benign
L12I,0.0707,benign
L12K,0.0912,benign
L12M,0.104,benign
L12N,0.1583,benign
L12P,0.1085,benign
L12Q,0.0677,benign
L12R,0.069,benign
L12S,0.1252,benign
L12T,0.1029,benign
L12V,0.0709,benign
L12W,0.1224,benign
L12Y,0.1603,benign
F13A,0.5449,ambiguous
F13C,0.3068,benign
F13D,0.8974,pathogenic
F13E,0.8948,pathogenic
F13G,0.7717,pathogenic
F13H,0.7396,pathogenic
F13I,0.1484,benign
F13K,0.8741,pathogenic
F13L,0.4739,ambiguous
F13M,0.3982,ambiguous
F13N,0.8186,pathogenic
F13P,0.9334,pathogenic
F13Q,0.8155,pathogenic
F13R,0.7626,pathogenic
F13S,0.6301,pathogenic
F13T,0.6468,pathogenic
F13V,0.165,benign
F13W,0.3861,ambiguous
F13Y,0.2421,benign
I14A,0.5769,pathogenic
I14C,0.5967,pathogenic
I14D,0.8725,pathogenic
I14E,0.8022,pathogenic
I14F,0.2767,benign
I14G,0.746,pathogenic
I14H,0.6724,pathogenic
I14K,0.6453,pathogenic
I14L,0.18,benign
I14M,0.2632,benign
I14N,0.5044,ambiguous
I14P,0.7391,pathogenic
I14Q,0.6456,pathogenic
I14R,0.4652,ambiguous
I14S,0.4409,ambiguous
I14T,0.4469,ambiguous
I14V,0.096,benign
I14W,0.7981,pathogenic
I14Y,0.6223,pathogenic
R15A,0.2557,benign
R15C,0.1078,benign
R15D,0.3264,benign
R15E,0.2536,benign
R15F,0.307,benign
R15G,0.1481,benign
R15H,0.0802,benign
R15I,0.2092,benign
R15K,0.1415,benign
R15L,0.162,benign
R15M,0.3331,benign
R15N,0.2951,benign
R15P,0.4484,ambiguous
R15Q,0.098,benign
R15S,0.2588,benign
R15T,0.2028,benign
R15V,0.2648,benign
R15W,0.146,benign
R15Y,0.1871,benign
S16A,0.0805,benign
S16C,0.0874,benign
S16D,0.3929,ambiguous
S16E,0.4087,ambiguous
S16F,0.174,benign
S16G,0.0896,benign
S16H,0.2672,benign
S16I,0.2507,benign
S16K,0.4944,ambiguous
S16L,0.1203,benign
S16M,0.2415,benign
S16N,0.1977,benign
S16P,0.5388,ambiguous
S16Q,0.3789,ambiguous
S16R,0.3766,ambiguous
S16T,0.1129,benign
S16V,0.2227,benign
S16W,0.2158,benign
S16Y,0.1353,benign
M17A,0.1366,benign
M17C,0.4551,ambiguous
M17D,0.7266,pathogenic
M17E,0.4716,ambiguous
M17F,0.2966,benign
M17G,0.3352,benign
M17H,0.5649,pathogenic
M17I,0.1925,benign
M17K,0.2396,benign
M17L,0.1188,benign
M17N,0.4502,ambiguous
M17P,0.5178,ambiguous
M17Q,0.303,benign
M17R,0.2112,benign
M17S,0.2522,benign
M17T,0.1005,benign
M17V,0.0547,benign
M17W,0.5765,pathogenic
M17Y,0.6098,pathogenic
G18A,0.1294,benign
G18C,0.1931,benign
G18D,0.1866,benign
G18E,0.2496,benign
G18F,0.5525,ambiguous
G18H,0.3678,ambiguous
G18I,0.3482,ambiguous
G18K,0.3871,ambiguous
G18L,0.4149,ambiguous
G18M,0.4954,ambiguous
G18N,0.2606,benign
G18P,0.634,pathogenic
G18Q,0.3428,ambiguous
G18R,0.2593,benign
G18S,0.108,benign
G18T,0.1502,benign
G18V,0.2112,benign
G18W,0.3692,ambiguous
G18Y,0.398,ambiguous
E19A,0.0889,benign
E19C,0.5745,pathogenic
E19D,0.1341,benign
E19F,0.4145,ambiguous
E19G,0.1001,benign
E19H,0.2947,benign
E19I,0.1924,benign
E19K,0.0855,benign
E19L,0.2218,benign
E19M,0.2351,benign
E19N,0.1939,benign
E19P,0.2207,benign
E19Q,0.114,benign
E19R,0.124,benign
E19S,0.1281,benign
E19T,0.1161,benign
E19V,0.1245,benign
E19W,0.5934,pathogenic
E19Y,0.3218,benign
G20A,0.1783,benign
G20C,0.2952,benign
G20D,0.2819,benign
G20E,0.3079,benign
G20F,0.6647,pathogenic
G20H,0.6319,pathogenic
G20I,0.3876,ambiguous
G20K,0.581,pathogenic
G20L,0.608,pathogenic
G20M,0.6248,pathogenic
G20N,0.4379,ambiguous
G20P,0.7027,pathogenic
G20Q,0.5371,ambiguous
G20R,0.466,ambiguous
G20S,0.1989,benign
G20T,0.2904,benign
G20V,0.2403,benign
G20W,0.4951,ambiguous
G20Y,0.4973,ambiguous
T21A,0.1023,benign
T21C,0.3936,ambiguous
T21D,0.4817,ambiguous
T21E,0.402,ambiguous
T21F,0.2937,benign
T21G,0.2882,benign
T21H,0.3147,benign
T21I,0.1657,benign
T21K,0.2274,benign
T21L,0.1255,benign
T21M,0.1138,benign
T21N,0.168,benign
T21P,0.1923,benign
T21Q,0.2906,benign
T21R,0.1708,benign
T21S,0.1682,benign
T21V,0.1553,benign
T21W,0.5214,ambiguous
T21Y,0.3187,benign
I22A,0.4734,ambiguous
I22C,0.6681,pathogenic
I22D,0.8623,pathogenic
I22E,0.7406,pathogenic
I22F,0.2287,benign
I22G,0.7117,pathogenic
I22H,0.7316,pathogenic
I22K,0.5517,ambiguous
I22L,0.1127,benign
I22M,0.122,benign
I22N,0.5036,ambiguous
I22P,0.8518,pathogenic
I22Q,0.6372,pathogenic
I22R,0.4354,ambiguous
I22S,0.489,ambiguous
I22T,0.4027,ambiguous
I22V,0.0863,benign
I22W,0.7296,pathogenic
I22Y,0.6012,pathogenic
N23A,0.2546,benign
N23C,0.2376,benign
N23D,0.1558,benign
N23E,0.3864,ambiguous
N23F,0.5006,ambiguous
N23G,0.2697,benign
N23H,0.1259,benign
N23I,0.2358,benign
N23K,0.3309,benign
N23L,0.2638,benign
N23M,0.4025,ambiguous
N23P,0.5432,ambiguous
N23Q,0.3942,ambiguous
N23R,0.2925,benign
N23S,0.0879,benign
N23T,0.1562,benign
N23V,0.2755,benign
N23W,0.6357,pathogenic
N23Y,0.1457,benign
G24A,0.1193,benign
G24C,0.179,benign
G24D,0.303,benign
G24E,0.3236,benign
G24F,0.4456,ambiguous
G24H,0.4361,ambiguous
G24I,0.2384,benign
G24K,0.5244,ambiguous
G24L,0.3676,ambiguous
G24M,0.4835,ambiguous
G24N,0.3534,ambiguous
G24P,0.8605,pathogenic
G24Q,0.4157,ambiguous
G24R,0.3289,benign
G24S,0.12,benign
G24T,0.1954,benign
G24V,0.1728,benign
G24W,0.3626,ambiguous
G24Y,0.3481,ambiguous
L25A,0.7349,pathogenic
L25C,0.7176,pathogenic
L25D,0.9625,pathogenic
L25E,0.8967,pathogenic
L25F,0.2137,benign
L25G,0.894,pathogenic
L25H,0.6943,pathogenic
L25I,0.1136,benign
L25K,0.7675,pathogenic
L25M,0.2202,benign
L25N,0.8807,pathogenic
L25P,0.8853,pathogenic
L25Q,0.713,pathogenic
L25R,0.6755,pathogenic
L25S,0.8641,pathogenic
L25T,0.7265,pathogenic
L25V,0.161,benign
L25W,0.4618,ambiguous
L25Y,0.6138,pathogenic
L26A,0.465,ambiguous
L26C,0.642,pathogenic
L26D,0.9348,pathogenic
L26E,0.7149,pathogenic
L26F,0.3757,ambiguous
L26G,0.7046,pathogenic
L26H,0.5933,pathogenic
L26I,0.2098,benign
L26K,0.5887,pathogenic
L26M,0.2437,benign
L26N,0.8203,pathogenic
L26P,0.6966,pathogenic
L26Q,0.4479,ambiguous
L26R,0.4007,ambiguous
L26S,0.6036,pathogenic
L26T,0.4362,ambiguous
L26V,0.2083,benign
L26W,0.4247,ambiguous
L26Y,0.6964,pathogenic
D27A,0.556,ambiguous
D27C,0.8558,pathogenic
D27E,0.5866,pathogenic
D27F,0.8727,pathogenic
D27G,0.3616,ambiguous
D27H,0.6565,pathogenic
D27I,0.8331,pathogenic
D27K,0.7929,pathogenic
D27L,0.7478,pathogenic
D27M,0.9277,pathogenic
D27N,0.4125,ambiguous
D27P,0.9183,pathogenic
D27Q,0.7548,pathogenic
D27R,0.7002,pathogenic
D27S,0.461,ambiguous
D27T,0.6904,pathogenic
D27V,0.6185,pathogenic
D27W,0.9199,pathogenic
D27Y,0.4358,ambiguous
E28A,0.1682,benign
E28C,0.6871,pathogenic
E28D,0.2148,benign
E28F,0.6097,pathogenic
E28G,0.1667,benign
E28H,0.3938,ambiguous
E28I,0.3297,benign
E28K,0.1287,benign
E28L,0.3941,ambiguous
E28M,0.4203,ambiguous
E28N,0.3079,benign
E28P,0.9233,pathogenic
E28Q,0.1482,benign
E28R,0.2017,benign
E28S,0.2495,benign
E28T,0.2574,benign
E28V,0.2148,benign
E28W,0.8251,pathogenic
E28Y,0.4485,ambiguous
L29A,0.733,pathogenic
L29C,0.7059,pathogenic
L29D,0.9663,pathogenic
L29E,0.8931,pathogenic
L29F,0.3504,ambiguous
L29G,0.8609,pathogenic
L29H,0.7854,pathogenic
L29I,0.2657,benign
L29K,0.8404,pathogenic
L29M,0.2258,benign
L29N,0.9002,pathogenic
L29P,0.9115,pathogenic
L29Q,0.7447,pathogenic
L29R,0.751,pathogenic
L29S,0.8849,pathogenic
L29T,0.8123,pathogenic
L29V,0.2897,benign
L29W,0.6383,pathogenic
L29Y,0.7094,pathogenic
L30A,0.3878,ambiguous
L30C,0.4066,ambiguous
L30D,0.7289,pathogenic
L30E,0.3775,ambiguous
L30F,0.1349,benign
L30G,0.5135,ambiguous
L30H,0.2082,benign
L30I,0.1502,benign
L30K,0.3065,benign
L30M,0.1899,benign
L30N,0.4938,ambiguous
L30P,0.7586,pathogenic
L30Q,0.1612,benign
L30R,0.1779,benign
L30S,0.3511,ambiguous
L30T,0.3968,ambiguous
L30V,0.1548,benign
L30W,0.1533,benign
L30Y,0.2509,benign
Q31A,0.1558,benign
Q31C,0.4889,ambiguous
Q31D,0.1739,benign
Q31E,0.0523,benign
Q31F,0.5559,ambiguous
Q31G,0.1448,benign
Q31H,0.1877,benign
Q31I,0.3439,ambiguous
Q31K,0.0891,benign
Q31L,0.1245,benign
Q31M,0.3274,benign
Q31N,0.201,benign
Q31P,0.2552,benign
Q31R,0.0957,benign
Q31S,0.1987,benign
Q31T,0.1941,benign
Q31V,0.2065,benign
Q31W,0.3853,ambiguous
Q31Y,0.3491,ambiguous
T32A,0.0809,benign
T32C,0.305,benign
T32D,0.2505,benign
T32E,0.1367,benign
T32F,0.2202,benign
T32G,0.1878,benign
T32H,0.1368,benign
T32I,0.1881,benign
T32K,0.0609,benign
T32L,0.1021,benign
T32M,0.0854,benign
T32N,0.086,benign
T32P,0.3135,benign
T32Q,0.103,benign
T32R,0.0629,benign
T32S,0.1172,benign
T32V,0.1626,benign
T32W,0.3822,ambiguous
T32Y,0.1902,benign
R33A,0.1915,benign
R33C,0.1812,benign
R33D,0.3226,benign
R33E,0.1889,benign
R33F,0.4651,ambiguous
R33G,0.0777,benign
R33H,0.1176,benign
R33I,0.2516,benign
R33K,0.0844,benign
R33L,0.234,benign
R33M,0.175,benign
R33N,0.2926,benign
R33P,0.5413,ambiguous
R33Q,0.1006,benign
R33S,0.2305,benign
R33T,0.1312,benign
R33V,0.2886,benign
R33W,0.1728,benign
R33Y,0.3406,ambiguous
V34A,0.5076,ambiguous
V34C,0.8111,pathogenic
V34D,0.7794,pathogenic
V34E,0.7125,pathogenic
V34F,0.4156,ambiguous
V34G,0.4176,ambiguous
V34H,0.8709,pathogenic
V34I,0.1311,benign
V34K,0.7599,pathogenic
V34L,0.5647,pathogenic
V34M,0.5081,ambiguous
V34N,0.762,pathogenic
V34P,0.9137,pathogenic
V34Q,0.7297,pathogenic
V34R,0.6691,pathogenic
V34S,0.6545,pathogenic
V34T,0.6374,pathogenic
V34W,0.9254,pathogenic
V34Y,0.7472,pathogenic
L35A,0.7553,pathogenic
L35C,0.7152,pathogenic
L35D,0.9668,pathogenic
L35E,0.8773,pathogenic
L35F,0.2386,benign
L35G,0.8882,pathogenic
L35H,0.7289,pathogenic
L35I,0.1312,benign
L35K,0.7579,pathogenic
L35M,0.2344,benign
L35N,0.9086,pathogenic
L35P,0.8234,pathogenic
L35Q,0.6801,pathogenic
L35R,0.6106,pathogenic
L35S,0.8641,pathogenic
L35T,0.7772,pathogenic
L35V,0.1819,benign
L35W,0.4078,ambiguous
L35Y,0.6817,pathogenic
N36A,0.3914,ambiguous
N36C,0.2669,benign
N36D,0.2232,benign
N36E,0.5341,ambiguous
N36F,0.7454,pathogenic
N36G,0.2621,benign
N36H,0.174,benign
N36I,0.4344,ambiguous
N36K,0.3959,ambiguous
N36L,0.3747,ambiguous
N36M,0.5059,ambiguous
N36P,0.6495,pathogenic
N36Q,0.4585,ambiguous
N36R,0.3773,ambiguous
N36S,0.0855,benign
N36T,0.1677,benign
N36V,0.437,ambiguous
N36W,0.7584,pathogenic
N36Y,0.2863,benign
K37A,0.1696,benign
K37C,0.4737,ambiguous
K37D,0.2473,benign
K37E,0.0717,benign
K37F,0.5166,ambiguous
K37G,0.1746,benign
K37H,0.2074,benign
K37I,0.1859,benign
K37L,0.1688,benign
K37M,0.1379,benign
K37N,0.1971,benign
K37P,0.2695,benign
K37Q,0.0752,benign
K37R,0.0749,benign
K37S,0.2186,benign
K37T,0.1004,benign
K37V,0.1761,benign
K37W,0.4392,ambiguous
K37Y,0.3388,benign
E38A,0.1516,benign
E38C,0.7872,pathogenic
E38D,0.1864,benign
E38F,0.7459,pathogenic
E38G,0.106,benign
E38H,0.5641,pathogenic
E38I,0.4307,ambiguous
E38K,0.1834,benign
E38L,0.4416,ambiguous
E38M,0.4888,ambiguous
E38N,0.3653,ambiguous
E38P,0.5756,pathogenic
E38Q,0.1832,benign
E38R,0.2511,benign
E38S,0.2827,benign
E38T,0.2671,benign
E38V,0.2327,benign
E38W,0.7879,pathogenic
E38Y,0.5721,pathogenic
E39A,0.3902,ambiguous
E39C,0.9438,pathogenic
E39D,0.3943,ambiguous
E39F,0.9467,pathogenic
E39G,0.3955,ambiguous
E39H,0.8793,pathogenic
E39I,0.7436,pathogenic
E39K,0.4664,ambiguous
E39L,0.7952,pathogenic
E39M,0.7679,pathogenic
E39N,0.6837,pathogenic
E39P,0.9693,pathogenic
E39Q,0.3252,benign
E39R,0.6269,pathogenic
E39S,0.6547,pathogenic
E39T,0.6438,pathogenic
E39V,0.506,ambiguous
E39W,0.9729,pathogenic
E39Y,0.8699,pathogenic
M40A,0.3539,ambiguous
M40C,0.7266,pathogenic
M40D,0.8512,pathogenic
M40E,0.4584,ambiguous
M40F,0.51,ambiguous
M40G,0.596,pathogenic
M40H,0.6921,pathogenic
M40I,0.4195,ambiguous
M40K,0.1992,benign
M40L,0.2471,benign
M40N,0.6253,pathogenic
M40P,0.9391,pathogenic
M40Q,0.2949,benign
M40R,0.1878,benign
M40S,0.4835,ambiguous
M40T,0.2267,benign
M40V,0.1027,benign
M40W,0.6684,pathogenic
M40Y,0.6286,pathogenic
E41A,0.182,benign
E41C,0.7782,pathogenic
E41D,0.1948,benign
E41F,0.7462,pathogenic
E41G,0.1293,benign
E41H,0.5608,ambiguous
E41I,0.4222,ambiguous
E41K,0.2163,benign
E41L,0.363,ambiguous
E41M,0.4799,ambiguous
E41N,0.3401,ambiguous
E41P,0.889,pathogenic
E41Q,0.1547,benign
E41R,0.2536,benign
E41S,0.3146,benign
E41T,0.3376,benign
E41V,0.2288,benign
E41W,0.7923,pathogenic
E41Y,0.5668,pathogenic
K42A,0.1847,benign
K42C,0.543,ambiguous
K42D,0.3484,ambiguous
K42E,0.1114,benign
K42F,0.4847,ambiguous
K42G,0.3045,benign
K42H,0.2931,benign
K42I,0.1037,benign
K42L,0.1861,benign
K42M,0.1012,benign
K42N,0.2126,benign
K42P,0.8335,pathogenic
K42Q,0.1364,benign
K42R,0.0775,benign
K42S,0.2885,benign
K42T,0.0933,benign
K42V,0.1356,benign
K42W,0.547,ambiguous
K42Y,0.3938,ambiguous
V43A,0.5526,ambiguous
V43C,0.821,pathogenic
V43D,0.7559,pathogenic
V43E,0.6504,pathogenic
V43F,0.3175,benign
V43G,0.4194,ambiguous
V43H,0.859,pathogenic
V43I,0.0953,benign
V43K,0.7807,pathogenic
V43L,0.3504,ambiguous
V43M,0.3617,ambiguous
V43N,0.6816,pathogenic
V43P,0.8909,pathogenic
V43Q,0.7247,pathogenic
V43R,0.6981,pathogenic
V43S,0.6596,pathogenic
V43T,0.6333,pathogenic
V43W,0.8465,pathogenic
V43Y,0.6884,pathogenic
K44A,0.4287,ambiguous
K44C,0.5907,pathogenic
K44D,0.6813,pathogenic
K44E,0.181,benign
K44F,0.6897,pathogenic
K44G,0.4214,ambiguous
K44H,0.3705,ambiguous
K44I,0.2731,benign
K44L,0.2912,benign
K44M,0.2318,benign
K44N,0.4908,ambiguous
K44P,0.8575,pathogenic
K44Q,0.1277,benign
K44R,0.0706,benign
K44S,0.4961,ambiguous
K44T,0.2164,benign
K44V,0.309,benign
K44W,0.6079,pathogenic
K44Y,0.5706,pathogenic
R45A,0.1565,benign
R45C,0.093,benign
R45D,0.1799,benign
R45E,0.1467,benign
R45F,0.2302,benign
R45G,0.0924,benign
R45H,0.085,benign
R45I,0.1246,benign
R45K,0.0967,benign
R45L,0.122,benign
R45M,0.1604,benign
R45N,0.1955,benign
R45P,0.5482,ambiguous
R45Q,0.0831,benign
R45S,0.1771,benign
R45T,0.1205,benign
R45V,0.1568,benign
R45W,0.1108,benign
R45Y,0.1509,benign
E46A,0.1659,benign
E46C,0.678,pathogenic
E46D,0.1872,benign
E46F,0.6991,pathogenic
E46G,0.0873,benign
E46H,0.463,ambiguous
E46I,0.3798,ambiguous
E46K,0.1385,benign
E46L,0.4159,ambiguous
E46M,0.4691,ambiguous
E46N,0.3021,benign
E46P,0.6678,pathogenic
E46Q,0.1351,benign
E46R,0.1939,benign
E46S,0.2434,benign
E46T,0.2524,benign
E46V,0.2269,benign
E46W,0.736,pathogenic
E46Y,0.5274,ambiguous
N47A,0.4286,ambiguous
N47C,0.3399,benign
N47D,0.3207,benign
N47E,0.5138,ambiguous
N47F,0.5591,ambiguous
N47G,0.4393,ambiguous
N47H,0.1741,benign
N47I,0.3166,benign
N47K,0.3895,ambiguous
N47L,0.4557,ambiguous
N47M,0.444,ambiguous
N47P,0.7466,pathogenic
N47Q,0.5252,ambiguous
N47R,0.441,ambiguous
N47S,0.2364,benign
N47T,0.2681,benign
N47V,0.3353,benign
N47W,0.7463,pathogenic
N47Y,0.1285,benign
A48C,0.3345,benign
A48D,0.1367,benign
A48E,0.1887,benign
A48F,0.2804,benign
A48G,0.1209,benign
A48H,0.3067,benign
A48I,0.2182,benign
A48K,0.2598,benign
A48L,0.1693,benign
A48M,0.2662,benign
A48N,0.1793,benign
A48P,0.1091,benign
A48Q,0.2518,benign
A48R,0.2104,benign
A48S,0.097,benign
A48T,0.0828,benign
A48V,0.117,benign
A48W,0.5588,ambiguous
A48Y,0.3258,benign
T49A,0.1061,benign
T49C,0.4815,ambiguous
T49D,0.4053,ambiguous
T49E,0.3578,ambiguous
T49F,0.3365,benign
T49G,0.285,benign
T49H,0.3339,benign
T49I,0.2832,benign
T49K,0.1975,benign
T49L,0.1541,benign
T49M,0.1184,benign
T49N,0.1792,benign
T49P,0.22,benign
T49Q,0.3004,benign
T49R,0.1387,benign
T49S,0.1613,benign
T49V,0.2177,benign
T49W,0.6124,pathogenic
T49Y,0.3873,ambiguous
V50A,0.1093,benign
V50C,0.5849,pathogenic
V50D,0.1818,benign
V50E,0.2329,benign
V50F,0.159,benign
V50G,0.1546,benign
V50H,0.4334,ambiguous
V50I,0.0871,benign
V50K,0.2668,benign
V50L,0.1811,benign
V50M,0.1451,benign
V50N,0.1857,benign
V50P,0.3025,benign
V50Q,0.2816,benign
V50R,0.2048,benign
V50S,0.1514,benign
V50T,0.1408,benign
V50W,0.6894,pathogenic
V50Y,0.4314,ambiguous
M51A,0.3809,ambiguous
M51C,0.7462,pathogenic
M51D,0.7694,pathogenic
M51E,0.4347,ambiguous
M51F,0.4495,ambiguous
M51G,0.5454,ambiguous
M51H,0.5635,ambiguous
M51I,0.5048,ambiguous
M51K,0.1636,benign
M51L,0.1848,benign
M51N,0.5554,ambiguous
M51P,0.6052,pathogenic
M51Q,0.2532,benign
M51R,0.1394,benign
M51S,0.4472,ambiguous
M51T,0.1878,benign
M51V,0.1471,benign
M51W,0.5676,pathogenic
M51Y,0.6255,pathogenic
D52A,0.3243,benign
D52C,0.7604,pathogenic
D52E,0.3595,ambiguous
D52F,0.7949,pathogenic
D52G,0.2448,benign
D52H,0.5517,ambiguous
D52I,0.6932,pathogenic
D52K,0.6681,pathogenic
D52L,0.6273,pathogenic
D52M,0.842,pathogenic
D52N,0.2609,benign
D52P,0.9113,pathogenic
D52Q,0.6087,pathogenic
D52R,0.652,pathogenic
D52S,0.3434,ambiguous
D52T,0.6035,pathogenic
D52V,0.4342,ambiguous
D52W,0.9155,pathogenic
D52Y,0.3344,benign
K53A,0.6009,pathogenic
K53C,0.7906,pathogenic
K53D,0.8732,pathogenic
K53E,0.3159,benign
K53F,0.9091,pathogenic
K53G,0.6753,pathogenic
K53H,0.6332,pathogenic
K53I,0.5019,ambiguous
K53L,0.579,pathogenic
K53M,0.3298,benign
K53N,0.7281,pathogenic
K53P,0.9507,pathogenic
K53Q,0.1691,benign
K53R,0.1001,benign
K53S,0.728,pathogenic
K53T,0.357,ambiguous
K53V,0.5082,ambiguous
K53W,0.8866,pathogenic
K53Y,0.8154,pathogenic
T54A,0.0513,benign
T54C,0.3473,ambiguous
T54D,0.69,pathogenic
T54E,0.633,pathogenic
T54F,0.5382,ambiguous
T54G,0.1501,benign
T54H,0.5643,pathogenic
T54I,0.3449,ambiguous
T54K,0.5523,ambiguous
T54L,0.2661,benign
T54M,0.1657,benign
T54N,0.2903,benign
T54P,0.497,ambiguous
T54Q,0.4994,ambiguous
T54R,0.4477,ambiguous
T54S,0.1214,benign
T54V,0.2097,benign
T54W,0.7986,pathogenic
T54Y,0.5104,ambiguous
R55A,0.7119,pathogenic
R55C,0.3225,benign
R55D,0.9183,pathogenic
R55E,0.6353,pathogenic
R55F,0.8269,pathogenic
R55G,0.5208,ambiguous
R55H,0.3108,benign
R55I,0.6026,pathogenic
R55K,0.3129,benign
R55L,0.5829,pathogenic
R55M,0.6496,pathogenic
R55N,0.9113,pathogenic
R55P,0.8991,pathogenic
R55Q,0.2383,benign
R55S,0.8145,pathogenic
R55T,0.6739,pathogenic
R55V,0.6993,pathogenic
R55W,0.2798,benign
R55Y,0.732,pathogenic
A56C,0.3762,ambiguous
A56D,0.195,benign
A56E,0.2796,benign
A56F,0.2553,benign
A56G,0.1516,benign
A56H,0.4271,ambiguous
A56I,0.2717,benign
A56K,0.4796,ambiguous
A56L,0.2151,benign
A56M,0.2953,benign
A56N,0.268,benign
A56P,0.7201,pathogenic
A56Q,0.3749,ambiguous
A56R,0.3678,ambiguous
A56S,0.1116,benign
A56T,0.1204,benign
A56V,0.1333,benign
A56W,0.662,pathogenic
A56Y,0.3584,ambiguous
L57A,0.6291,pathogenic
L57C,0.6769,pathogenic
L57D,0.97,pathogenic
L57E,0.9067,pathogenic
L57F,0.2631,benign
L57G,0.8648,pathogenic
L57H,0.7755,pathogenic
L57I,0.1084,benign
L57K,0.8457,pathogenic
L57M,0.2062,benign
L57N,0.9076,pathogenic
L57P,0.8575,pathogenic
L57Q,0.7622,pathogenic
L57R,0.7393,pathogenic
L57S,0.8265,pathogenic
L57T,0.6341,pathogenic
L57V,0.1024,benign
L57W,0.5223,ambiguous
L57Y,0.7112,pathogenic
I58A,0.2231,benign
I58C,0.5148,ambiguous
I58D,0.836,pathogenic
I58E,0.6995,pathogenic
I58F,0.124,benign
I58G,0.5607,ambiguous
I58H,0.5986,pathogenic
I58K,0.5369,ambiguous
I58L,0.0717,benign
I58M,0.0776,benign
I58N,0.4437,ambiguous
I58P,0.743,pathogenic
I58Q,0.5256,ambiguous
I58R,0.3839,ambiguous
I58S,0.297,benign
I58T,0.1124,benign
I58V,0.0993,benign
I58W,0.4786,ambiguous
I58Y,0.4681,ambiguous
D59A,0.5464,ambiguous
D59C,0.8352,pathogenic
D59E,0.6419,pathogenic
D59F,0.8414,pathogenic
D59G,0.4285,ambiguous
D59H,0.6369,pathogenic
D59I,0.7956,pathogenic
D59K,0.8265,pathogenic
D59L,0.7518,pathogenic
D59M,0.9418,pathogenic
D59N,0.3123,benign
D59P,0.9414,pathogenic
D59Q,0.797,pathogenic
D59R,0.7144,pathogenic
D59S,0.3836,ambiguous
D59T,0.6898,pathogenic
D59V,0.617,pathogenic
D59W,0.9532,pathogenic
D59Y,0.4159,ambiguous
S60A,0.0696,benign
S60C,0.0853,benign
S60D,0.3321,benign
S60E,0.4782,ambiguous
S60F,0.1435,benign
S60G,0.0862,benign
S60H,0.3007,benign
S60I,0.1375,benign
S60K,0.5837,pathogenic
S60L,0.0967,benign
S60M,0.1884,benign
S60N,0.1667,benign
S60P,0.6942,pathogenic
S60Q,0.4893,ambiguous
S60R,0.4319,ambiguous
S60T,0.092,benign
S60V,0.1731,benign
S60W,0.2275,benign
S60Y,0.1211,benign
V61A,0.5317,ambiguous
V61C,0.817,pathogenic
V61D,0.8803,pathogenic
V61E,0.8314,pathogenic
V61F,0.2983,benign
V61G,0.61,pathogenic
V61H,0.9145,pathogenic
V61I,0.0828,benign
V61K,0.8507,pathogenic
V61L,0.2044,benign
V61M,0.2375,benign
V61N,0.7998,pathogenic
V61P,0.9281,pathogenic
V61Q,0.8229,pathogenic
V61R,0.7868,pathogenic
V61S,0.7069,pathogenic
V61T,0.5957,pathogenic
V61W,0.9179,pathogenic
V61Y,0.8188,pathogenic
I62A,0.5386,ambiguous
I62C,0.7452,pathogenic
I62D,0.7934,pathogenic
I62E,0.6666,pathogenic
I62F,0.1405,benign
I62G,0.6846,pathogenic
I62H,0.6144,pathogenic
I62K,0.5156,ambiguous
I62L,0.1206,benign
I62M,0.152,benign
I62N,0.38,ambiguous
I62P,0.7581,pathogenic
I62Q,0.5764,pathogenic
I62R,0.421,ambiguous
I62S,0.4222,ambiguous
I62T,0.3817,ambiguous
I62V,0.167,benign
I62W,0.722,pathogenic
I62Y,0.4591,ambiguous
P63A,0.1029,benign
P63C,0.1791,benign
P63D,0.3016,benign
P63E,0.1965,benign
P63F,0.3398,benign
P63G,0.1329,benign
P63H,0.1128,benign
P63I,0.2475,benign
P63K,0.1405,benign
P63L,0.0984,benign
P63M,0.2988,benign
P63N,0.2362,benign
P63Q,0.1028,benign
P63R,0.0644,benign
P63S,0.1344,benign
P63T,0.1188,benign
P63V,0.188,benign
P63W,0.2544,benign
P63Y,0.2423,benign
K64A,0.7943,pathogenic
K64C,0.9198,pathogenic
K64D,0.9206,pathogenic
K64E,0.5024,ambiguous
K64F,0.9534,pathogenic
K64G,0.805,pathogenic
K64H,0.6984,pathogenic
K64I,0.8368,pathogenic
K64L,0.7431,pathogenic
K64M,0.6323,pathogenic
K64N,0.8696,pathogenic
K64P,0.9528,pathogenic
K64Q,0.4557,ambiguous
K64R,0.1236,benign
K64S,0.8624,pathogenic
K64T,0.6992,pathogenic
K64V,0.7959,pathogenic
K64W,0.9414,pathogenic
K64Y,0.8998,pathogenic
G65A,0.5022,ambiguous
G65C,0.6565,pathogenic
G65D,0.5917,pathogenic
G65E,0.6494,pathogenic
G65F,0.91,pathogenic
G65H,0.865,pathogenic
G65I,0.8185,pathogenic
G65K,0.8183,pathogenic
G65L,0.8886,pathogenic
G65M,0.8995,pathogenic
G65N,0.794,pathogenic
G65P,0.9687,pathogenic
G65Q,0.832,pathogenic
G65R,0.7142,pathogenic
G65S,0.4005,ambiguous
G65T,0.6227,pathogenic
G65V,0.6498,pathogenic
G65W,0.804,pathogenic
G65Y,0.809,pathogenic
A66C,0.3527,ambiguous
A66D,0.1158,benign
A66E,0.1326,benign
A66F,0.2057,benign
A66G,0.1169,benign
A66H,0.2244,benign
A66I,0.1928,benign
A66K,0.2025,benign
A66L,0.1428,benign
A66M,0.2422,benign
A66N,0.1566,benign
A66P,0.0658,benign
A66Q,0.1844,benign
A66R,0.1621,benign
A66S,0.0848,benign
A66T,0.087,benign
A66V,0.1117,benign
A66W,0.4577,ambiguous
A66Y,0.2585,benign
Q67A,0.1103,benign
Q67C,0.4229,ambiguous
Q67D,0.2398,benign
Q67E,0.0728,benign
Q67F,0.4462,ambiguous
Q67G,0.1591,benign
Q67H,0.1543,benign
Q67I,0.2254,benign
Q67K,0.0628,benign
Q67L,0.0914,benign
Q67M,0.2562,benign
Q67N,0.2244,benign
Q67P,0.0801,benign
Q67R,0.0602,benign
Q67S,0.1639,benign
Q67T,0.138,benign
Q67V,0.1506,benign
Q67W,0.2672,benign
Q67Y,0.2749,benign
A68C,0.7752,pathogenic
A68D,0.6842,pathogenic
A68E,0.6684,pathogenic
A68F,0.7339,pathogenic
A68G,0.2234,benign
A68H,0.8306,pathogenic
A68I,0.6684,pathogenic
A68K,0.8541,pathogenic
A68L,0.603,pathogenic
A68M,0.7355,pathogenic
A68N,0.6662,pathogenic
A68P,0.279,benign
A68Q,0.749,pathogenic
A68R,0.7322,pathogenic
A68S,0.1715,benign
A68T,0.3399,benign
A68V,0.3678,ambiguous
A68W,0.9347,pathogenic
A68Y,0.7921,pathogenic
C69A,0.3526,ambiguous
C69D,0.9062,pathogenic
C69E,0.95,pathogenic
C69F,0.5872,pathogenic
C69G,0.1835,benign
C69H,0.8461,pathogenic
C69I,0.7952,pathogenic
C69K,0.9618,pathogenic
C69L,0.7241,pathogenic
C69M,0.8338,pathogenic
C69N,0.7447,pathogenic
C69P,0.9273,pathogenic
C69Q,0.8907,pathogenic
C69R,0.8091,pathogenic
C69S,0.1617,benign
C69T,0.5342,ambiguous
C69V,0.6635,pathogenic
C69W,0.8074,pathogenic
C69Y,0.6871,pathogenic
Q70A,0.2279,benign
Q70C,0.5073,ambiguous
Q70D,0.2598,benign
Q70E,0.0803,benign
Q70F,0.6093,pathogenic
Q70G,0.2047,benign
Q70H,0.1563,benign
Q70I,0.422,ambiguous
Q70K,0.0849,benign
Q70L,0.1588,benign
Q70M,0.3755,ambiguous
Q70N,0.2026,benign
Q70P,0.3338,benign
Q70R,0.0829,benign
Q70S,0.2347,benign
Q70T,0.2361,benign
Q70V,0.3061,benign
Q70W,0.3732,ambiguous
Q70Y,0.3529,ambiguous
I71A,0.3686,ambiguous
I71C,0.599,pathogenic
I71D,0.5954,pathogenic
I71E,0.5156,ambiguous
I71F,0.1568,benign
I71G,0.6311,pathogenic
I71H,0.3747,ambiguous
I71K,0.2442,benign
I71L,0.1474,benign
I71M,0.1249,benign
I71N,0.2263,benign
I71P,0.8728,pathogenic
I71Q,0.3786,ambiguous
I71R,0.178,benign
I71S,0.3203,benign
I71T,0.2805,benign
I71V,0.1066,benign
I71W,0.6606,pathogenic
I71Y,0.3565,ambiguous
C72A,0.5808,pathogenic
C72D,0.9606,pathogenic
C72E,0.9817,pathogenic
C72F,0.1196,benign
C72G,0.3339,benign
C72H,0.8721,pathogenic
C72I,0.5314,ambiguous
C72K,0.9813,pathogenic
C72L,0.3225,benign
C72M,0.6146,pathogenic
C72N,0.9034,pathogenic
C72P,0.9601,pathogenic
C72Q,0.9466,pathogenic
C72R,0.8819,pathogenic
C72S,0.611,pathogenic
C72T,0.7252,pathogenic
C72V,0.4723,ambiguous
C72W,0.5796,pathogenic
C72Y,0.4196,ambiguous
I73A,0.5391,ambiguous
I73C,0.6886,pathogenic
I73D,0.8541,pathogenic
I73E,0.7222,pathogenic
I73F,0.2034,benign
I73G,0.7435,pathogenic
I73H,0.6284,pathogenic
I73K,0.4546,ambiguous
I73L,0.1434,benign
I73M,0.1313,benign
I73N,0.4081,ambiguous
I73P,0.9133,pathogenic
I73Q,0.5723,pathogenic
I73R,0.3402,ambiguous
I73S,0.4477,ambiguous
I73T,0.3805,ambiguous
I73V,0.1196,benign
I73W,0.7658,pathogenic
I73Y,0.556,ambiguous
T74A,0.0723,benign
T74C,0.3173,benign
T74D,0.1459,benign
T74E,0.1801,benign
T74F,0.2264,benign
T74G,0.153,benign
T74H,0.1379,benign
T74I,0.1761,benign
T74K,0.1028,benign
T74L,0.1189,benign
T74M,0.119,benign
T74N,0.0702,benign
T74P,0.2473,benign
T74Q,0.1465,benign
T74R,0.0772,benign
T74S,0.0834,benign
T74V,0.1792,benign
T74W,0.424,ambiguous
T74Y,0.1849,benign
Y75A,0.2683,benign
Y75C,0.0966,benign
Y75D,0.2133,benign
Y75E,0.4966,ambiguous
Y75F,0.1171,benign
Y75G,0.2715,benign
Y75H,0.1068,benign
Y75I,0.3836,ambiguous
Y75K,0.407,ambiguous
Y75L,0.3986,ambiguous
Y75M,0.5282,ambiguous
Y75N,0.1216,benign
Y75P,0.8717,pathogenic
Y75Q,0.3346,benign
Y75R,0.2384,benign
Y75S,0.1219,benign
Y75T,0.2636,benign
Y75V,0.3017,benign
Y75W,0.3212,benign
I76A,0.6933,pathogenic
I76C,0.7653,pathogenic
I76D,0.9497,pathogenic
I76E,0.9327,pathogenic
I76F,0.2121,benign
I76G,0.8931,pathogenic
I76H,0.8322,pathogenic
I76K,0.8446,pathogenic
I76L,0.1055,benign
I76M,0.1782,benign
I76N,0.7207,pathogenic
I76P,0.9262,pathogenic
I76Q,0.8738,pathogenic
I76R,0.7368,pathogenic
I76S,0.7137,pathogenic
I76T,0.6321,pathogenic
I76V,0.1273,benign
I76W,0.8461,pathogenic
I76Y,0.6698,pathogenic
C77A,0.2893,benign
C77D,0.4621,ambiguous
C77E,0.4662,ambiguous
C77F,0.1589,benign
C77G,0.1342,benign
C77H,0.2369,benign
C77I,0.3517,ambiguous
C77K,0.3374,benign
C77L,0.2835,benign
C77M,0.4776,ambiguous
C77N,0.3633,ambiguous
C77P,0.8442,pathogenic
C77Q,0.2667,benign
C77R,0.1165,benign
C77S,0.2147,benign
C77T,0.3121,benign
C77V,0.323,benign
C77W,0.2346,benign
C77Y,0.1712,benign
E78A,0.1494,benign
E78C,0.6696,pathogenic
E78D,0.1669,benign
E78F,0.6657,pathogenic
E78G,0.1003,benign
E78H,0.2934,benign
E78I,0.4064,ambiguous
E78K,0.0718,benign
E78L,0.3364,benign
E78M,0.3854,ambiguous
E78N,0.21,benign
E78P,0.7498,pathogenic
E78Q,0.0988,benign
E78R,0.1055,benign
E78S,0.1774,benign
E78T,0.2026,benign
E78V,0.2507,benign
E78W,0.6973,pathogenic
E78Y,0.4843,ambiguous
E79A,0.1646,benign
E79C,0.7572,pathogenic
E79D,0.1407,benign
E79F,0.6771,pathogenic
E79G,0.1442,benign
E79H,0.4508,ambiguous
E79I,0.3395,benign
E79K,0.143,benign
E79L,0.45,ambiguous
E79M,0.4626,ambiguous
E79N,0.2559,benign
E79P,0.8201,pathogenic
E79Q,0.1695,benign
E79R,0.2309,benign
E79S,0.245,benign
E79T,0.2351,benign
E79V,0.1938,benign
E79W,0.8123,pathogenic
E79Y,0.506,ambiguous
D80A,0.5605,ambiguous
D80C,0.8588,pathogenic
D80E,0.6548,pathogenic
D80F,0.8773,pathogenic
D80G,0.4046,ambiguous
D80H,0.7327,pathogenic
D80I,0.7967,pathogenic
D80K,0.8099,pathogenic
D80L,0.8201,pathogenic
D80M,0.9344,pathogenic
D80N,0.299,benign
D80P,0.9209,pathogenic
D80Q,0.8291,pathogenic
D80R,0.7929,pathogenic
D80S,0.4929,ambiguous
D80T,0.7478,pathogenic
D80V,0.5502,ambiguous
D80W,0.9628,pathogenic
D80Y,0.4486,ambiguous
S81A,0.0761,benign
S81C,0.0651,benign
S81D,0.1547,benign
S81E,0.1865,benign
S81F,0.1462,benign
S81G,0.0638,benign
S81H,0.1135,benign
S81I,0.0876,benign
S81K,0.1769,benign
S81L,0.1078,benign
S81M,0.1683,benign
S81N,0.0873,benign
S81P,0.0776,benign
S81Q,0.1728,benign
S81R,0.1082,benign
S81T,0.0768,benign
S81V,0.1184,benign
S81W,0.1434,benign
S81Y,0.0999,benign
Y82A,0.2373,benign
Y82C,0.0899,benign
Y82D,0.1243,benign
Y82E,0.3262,benign
Y82F,0.0921,benign
Y82G,0.206,benign
Y82H,0.0737,benign
Y82I,0.238,benign
Y82K,0.2869,benign
Y82L,0.2328,benign
Y82M,0.4392,ambiguous
Y82N,0.1018,benign
Y82P,0.3692,ambiguous
Y82Q,0.2299,benign
Y82R,0.1671,benign
Y82S,0.1048,benign
Y82T,0.2128,benign
Y82V,0.1959,benign
Y82W,0.2536,benign
L83A,0.4578,ambiguous
L83C,0.657,pathogenic
L83D,0.8924,pathogenic
L83E,0.6717,pathogenic
L83F,0.2374,benign
L83G,0.7279,pathogenic
L83H,0.4203,ambiguous
L83I,0.1344,benign
L83K,0.5005,ambiguous
L83M,0.2116,benign
L83N,0.7556,pathogenic
L83P,0.6179,pathogenic
L83Q,0.3782,ambiguous
L83R,0.3322,benign
L83S,0.559,ambiguous
L83T,0.386,ambiguous
L83V,0.1356,benign
L83W,0.3638,ambiguous
L83Y,0.5894,pathogenic
A84C,0.5094,ambiguous
A84D,0.6144,pathogenic
A84E,0.4784,ambiguous
A84F,0.5118,ambiguous
A84G,0.1566,benign
A84H,0.6557,pathogenic
A84I,0.5661,pathogenic
A84K,0.6448,pathogenic
A84L,0.3807,ambiguous
A84M,0.5212,ambiguous
A84N,0.6295,pathogenic
A84P,0.537,ambiguous
A84Q,0.5486,ambiguous
A84R,0.4756,ambiguous
A84S,0.1388,benign
A84T,0.239,benign
A84V,0.2706,benign
A84W,0.7799,pathogenic
A84Y,0.5873,pathogenic
G85A,0.0994,benign
G85C,0.1751,benign
G85D,0.1269,benign
G85E,0.0849,benign
G85F,0.3871,ambiguous
G85H,0.2164,benign
G85I,0.1971,benign
G85K,0.1322,benign
G85L,0.2594,benign
G85M,0.2982,benign
G85N,0.2043,benign
G85P,0.7106,pathogenic
G85Q,0.1255,benign
G85R,0.0984,benign
G85S,0.1124,benign
G85T,0.1268,benign
G85V,0.1235,benign
G85W,0.2258,benign
G85Y,0.2532,benign
T86A,0.0851,benign
T86C,0.2943,benign
T86D,0.2571,benign
T86E,0.1631,benign
T86F,0.153,benign
T86G,0.2287,benign
T86H,0.145,benign
T86I,0.0875,benign
T86K,0.0737,benign
T86L,0.0784,benign
T86M,0.0725,benign
T86N,0.0942,benign
T86P,0.1688,benign
T86Q,0.124,benign
T86R,0.0727,benign
T86S,0.1151,benign
T86V,0.1029,benign
T86W,0.3447,ambiguous
T86Y,0.1598,benign
L87A,0.4176,ambiguous
L87C,0.6097,pathogenic
L87D,0.9019,pathogenic
L87E,0.6685,pathogenic
L87F,0.2326,benign
L87G,0.7119,pathogenic
L87H,0.4988,ambiguous
L87I,0.1359,benign
L87K,0.5978,pathogenic
L87M,0.1433,benign
L87N,0.756,pathogenic
L87P,0.5899,pathogenic
L87Q,0.4415,ambiguous
L87R,0.4368,ambiguous
L87S,0.5516,ambiguous
L87T,0.4026,ambiguous
L87V,0.1402,benign
L87W,0.3329,benign
L87Y,0.5736,pathogenic
G88A,0.1683,benign
G88C,0.1842,benign
G88D,0.1703,benign
G88E,0.1579,benign
G88F,0.4831,ambiguous
G88H,0.2937,benign
G88I,0.34,benign
G88K,0.2609,benign
G88L,0.3552,ambiguous
G88M,0.4549,ambiguous
G88N,0.2808,benign
G88P,0.6936,pathogenic
G88Q,0.2127,benign
G88R,0.1756,benign
G88S,0.1502,benign
G88T,0.2664,benign
G88V,0.2421,benign
G88W,0.3092,benign
G88Y,0.3247,benign
L89A,0.6046,pathogenic
L89C,0.5506,ambiguous
L89D,0.8616,pathogenic
L89E,0.7223,pathogenic
L89F,0.1087,benign
L89G,0.759,pathogenic
L89H,0.4846,ambiguous
L89I,0.0941,benign
L89K,0.6102,pathogenic
L89M,0.1824,benign
L89N,0.7225,pathogenic
L89P,0.598,pathogenic
L89Q,0.5134,ambiguous
L89R,0.4758,ambiguous
L89S,0.7121,pathogenic
L89T,0.6261,pathogenic
L89V,0.1509,benign
L89W,0.269,benign
L89Y,0.3941,ambiguous
S90A,0.0706,benign
S90C,0.0899,benign
S90D,0.2184,benign
S90E,0.2539,benign
S90F,0.1147,benign
S90G,0.0883,benign
S90H,0.1893,benign
S90I,0.1318,benign
S90K,0.3135,benign
S90L,0.0812,benign
S90M,0.1868,benign
S90N,0.1424,benign
S90P,0.0823,benign
S90Q,0.2733,benign
S90R,0.2391,benign
S90T,0.0793,benign
S90V,0.1351,benign
S90W,0.1626,benign
S90Y,0.1075,benign
A91C,0.2436,benign
A91D,0.1228,benign
A91E,0.1326,benign
A91F,0.1946,benign
A91G,0.0861,benign
A91H,0.2328,benign
A91I,0.1685,benign
A91K,0.1785,benign
A91L,0.1213,benign
A91M,0.1777,benign
A91N,0.1639,benign
A91P,0.0912,benign
A91Q,0.1872,benign
A91R,0.1476,benign
A91S,0.0788,benign
A91T,0.0725,benign
A91V,0.0963,benign
A91W,0.356,ambiguous
A91Y,0.2404,benign
D92A,0.0775,benign
D92C,0.1605,benign
D92E,0.1018,benign
D92F,0.2118,benign
D92G,0.0503,benign
D92H,0.1095,benign
D92I,0.1381,benign
D92K,0.1349,benign
D92L,0.1372,benign
D92M,0.31,benign
D92N,0.0823,benign
D92P,0.1685,benign
D92Q,0.1301,benign
D92R,0.113,benign
D92S,0.0713,benign
D92T,0.1151,benign
D92V,0.091,benign
D92W,0.4077,ambiguous
D92Y,0.091,benign
Q93A,0.0924,benign
Q93C,0.2411,benign
Q93D,0.1314,benign
Q93E,0.0641,benign
Q93F,0.3106,benign
Q93G,0.1053,benign
Q93H,0.1009,benign
Q93I,0.1574,benign
Q93K,0.0673,benign
Q93L,0.0921,benign
Q93M,0.1833,benign
Q93N,0.1313,benign
Q93P,0.0627,benign
Q93R,0.0689,benign
Q93S,0.0993,benign
Q93T,0.0838,benign
Q93V,0.1176,benign
Q93W,0.2125,benign
Q93Y,0.1839,benign
T94A,0.0658,benign
T94C,0.2125,benign
T94D,0.1368,benign
T94E,0.1216,benign
T94F,0.1434,benign
T94G,0.121,benign
T94H,0.1072,benign
T94I,0.0936,benign
T94K,0.0892,benign
T94L,0.0805,benign
T94M,0.0883,benign
T94N,0.0738,benign
T94P,0.0576,benign
T94Q,0.1041,benign
T94R,0.0756,benign
T94S,0.0811,benign
T94V,0.0995,benign
T94W,0.2741,benign
T94Y,0.1266,benign
S95A,0.065,benign
S95C,0.0874,benign
S95D,0.1733,benign
S95E,0.1944,benign
S95F,0.1223,benign
S95G,0.0743,benign
S95H,0.1702,benign
S95I,0.1167,benign
S95K,0.2523,benign
S95L,0.0865,benign
S95M,0.1776,benign
S95N,0.1167,benign
S95P,0.0676,benign
S95Q,0.2343,benign
S95R,0.1942,benign
S95T,0.0716,benign
S95V,0.1175,benign
S95W,0.1516,benign
S95Y,0.1062,benign
G96A,0.0987,benign
G96C,0.1152,benign
G96D,0.0848,benign
G96E,0.0823,benign
G96F,0.2849,benign
G96H,0.1769,benign
G96I,0.1474,benign
G96K,0.1378,benign
G96L,0.2012,benign
G96M,0.2631,benign
G96N,0.1588,benign
G96P,0.2842,benign
G96Q,0.1277,benign
G96R,0.0975,benign
G96S,0.0877,benign
G96T,0.1094,benign
G96V,0.0987,benign
G96W,0.1514,benign
G96Y,0.1801,benign
N97A,0.121,benign
N97C,0.135,benign
N97D,0.0752,benign
N97E,0.1443,benign
N97F,0.2557,benign
N97G,0.1426,benign
N97H,0.0767,benign
N97I,0.1062,benign
N97K,0.1072,benign
N97L,0.1364,benign
N97M,0.212,benign
N97P,0.1886,benign
N97Q,0.1575,benign
N97R,0.1177,benign
N97S,0.0742,benign
N97T,0.0903,benign
N97V,0.1154,benign
N97W,0.4177,ambiguous
N97Y,0.0878,benign
Y98A,0.113,benign
Y98C,0.0563,benign
Y98D,0.0559,benign
Y98E,0.1556,benign
Y98F,0.089,benign
Y98G,0.0949,benign
Y98H,0.0731,benign
Y98I,0.1238,benign
Y98K,0.1529,benign
Y98L,0.1456,benign
Y98M,0.2488,benign
Y98N,0.0569,benign
Y98P,0.1389,benign
Y98Q,0.1329,benign
Y98R,0.1042,benign
Y98S,0.0576,benign
Y98T,0.0953,benign
Y98V,0.1042,benign
Y98W,0.2286,benign
L99A,0.1002,benign
L99C,0.1611,benign
L99D,0.1823,benign
L99E,0.1123,benign
L99F,0.0798,benign
L99G,0.1465,benign
L99H,0.0714,benign
L99I,0.0727,benign
L99K,0.0932,benign
L99M,0.0951,benign
L99N,0.1331,benign
L99P,0.0606,benign
L99Q,0.06,benign
L99R,0.0615,benign
L99S,0.081,benign
L99T,0.0919,benign
L99V,0.071,benign
L99W,0.0818,benign
L99Y,0.1403,benign
N100A,0.0919,benign
N100C,0.12,benign
N100D,0.0786,benign
N100E,0.1302,benign
N100F,0.2289,benign
N100G,0.1207,benign
N100H,0.0663,benign
N100I,0.1105,benign
N100K,0.0985,benign
N100L,0.1066,benign
N100M,0.1768,benign
N100P,0.1062,benign
N100Q,0.1317,benign
N100R,0.1042,benign
N100S,0.0678,benign
N100T,0.072,benign
N100V,0.1109,benign
N100W,0.348,ambiguous
N100Y,0.085,benign
M101A,0.1145,benign
M101C,0.3207,benign
M101D,0.2228,benign
M101E,0.1342,benign
M101F,0.1784,benign
M101G,0.1703,benign
M101H,0.1644,benign
M101I,0.1346,benign
M101K,0.063,benign
M101L,0.0907,benign
M101N,0.1416,benign
M101P,0.1315,benign
M101Q,0.093,benign
M101R,0.0587,benign
M101S,0.1229,benign
M101T,0.0614,benign
M101V,0.0648,benign
M101W,0.2743,benign
M101Y,0.2378,benign
Q102A,0.1162,benign
Q102C,0.3815,ambiguous
Q102D,0.1599,benign
Q102E,0.0629,benign
Q102F,0.4655,ambiguous
Q102G,0.1183,benign
Q102H,0.138,benign
Q102I,0.2173,benign
Q102K,0.0686,benign
Q102L,0.1032,benign
Q102M,0.2533,benign
Q102N,0.1695,benign
Q102P,0.0613,benign
Q102R,0.0738,benign
Q102S,0.145,benign
Q102T,0.1179,benign
Q102V,0.1555,benign
Q102W,0.2577,benign
Q102Y,0.2778,benign
D103A,0.0944,benign
D103C,0.23,benign
D103E,0.1073,benign
D103F,0.2428,benign
D103G,0.0687,benign
D103H,0.1203,benign
D103I,0.1543,benign
D103K,0.1567,benign
D103L,0.1712,benign
D103M,0.3503,ambiguous
D103N,0.0832,benign
D103P,0.1965,benign
D103Q,0.1526,benign
D103R,0.1499,benign
D103S,0.0947,benign
D103T,0.1391,benign
D103V,0.0958,benign
D103W,0.5056,ambiguous
D103Y,0.0811,benign
S104A,0.0762,benign
S104C,0.0811,benign
S104D,0.171,benign
S104E,0.2065,benign
S104F,0.1044,benign
S104G,0.0911,benign
S104H,0.1544,benign
S104I,0.1063,benign
S104K,0.269,benign
S104L,0.0914,benign
S104M,0.1789,benign
S104N,0.1112,benign
S104P,0.0774,benign
S104Q,0.2258,benign
S104R,0.1981,benign
S104T,0.0797,benign
S104V,0.1152,benign
S104W,0.1611,benign
S104Y,0.0841,benign
Q105A,0.1115,benign
Q105C,0.3153,benign
Q105D,0.1629,benign
Q105E,0.0667,benign
Q105F,0.3973,ambiguous
Q105G,0.121,benign
Q105H,0.1215,benign
Q105I,0.2052,benign
Q105K,0.0691,benign
Q105L,0.1005,benign
Q105M,0.2353,benign
Q105N,0.1667,benign
Q105P,0.0622,benign
Q105R,0.068,benign
Q105S,0.1173,benign
Q105T,0.1105,benign
Q105V,0.1463,benign
Q105W,0.2198,benign
Q105Y,0.2428,benign
G106A,0.065,benign
G106C,0.1081,benign
G106D,0.0724,benign
G106E,0.0678,benign
G106F,0.1966,benign
G106H,0.1459,benign
G106I,0.1006,benign
G106K,0.1204,benign
G106L,0.1292,benign
G106M,0.1532,benign
G106N,0.1201,benign
G106P,0.1578,benign
G106Q,0.1181,benign
G106R,0.0984,benign
G106S,0.0818,benign
G106T,0.0762,benign
G106V,0.0641,benign
G106W,0.138,benign
G106Y,0.1349,benign
V107A,0.0885,benign
V107C,0.3405,ambiguous
V107D,0.0847,benign
V107E,0.1056,benign
V107F,0.065,benign
V107G,0.075,benign
V107H,0.1936,benign
V107I,0.0738,benign
V107K,0.1243,benign
V107L,0.092,benign
V107M,0.0897,benign
V107N,0.0959,benign
V107P,0.1332,benign
V107Q,0.1329,benign
V107R,0.1122,benign
V107S,0.0897,benign
V107T,0.1116,benign
V107W,0.3297,benign
V107Y,0.1904,benign
L108A,0.0909,benign
L108C,0.1793,benign
L108D,0.1879,benign
L108E,0.1363,benign
L108F,0.0652,benign
L108G,0.1646,benign
L108H,0.0864,benign
L108I,0.0683,benign
L108K,0.1269,benign
L108M,0.0994,benign
L108N,0.1375,benign
L108P,0.0558,benign
L108Q,0.0782,benign
L108R,0.0811,benign
L108S,0.0824,benign
L108T,0.0937,benign
L108V,0.0658,benign
L108W,0.0968,benign
L108Y,0.1409,benign
S109A,0.0658,benign
S109C,0.0705,benign
S109D,0.1579,benign
S109E,0.1793,benign
S109F,0.1002,benign
S109G,0.0854,benign
S109H,0.1084,benign
S109I,0.0986,benign
S109K,0.2288,benign
S109L,0.0694,benign
S109M,0.163,benign
S109N,0.1068,benign
S109P,0.0463,benign
S109Q,0.1566,benign
S109R,0.1518,benign
S109T,0.0732,benign
S109V,0.1022,benign
S109W,0.127,benign
S109Y,0.0813,benign
S110A,0.0703,benign
S110C,0.082,benign
S110D,0.1659,benign
S110E,0.218,benign
S110F,0.1091,benign
S110G,0.0802,benign
S110H,0.1603,benign
S110I,0.1029,benign
S110K,0.2961,benign
S110L,0.0813,benign
S110M,0.1838,benign
S110N,0.1153,benign
S110P,0.061,benign
S110Q,0.2327,benign
S110R,0.208,benign
S110T,0.0757,benign
S110V,0.106,benign
S110W,0.1601,benign
S110Y,0.0915,benign
F111A,0.1219,benign
F111C,0.1046,benign
F111D,0.1853,benign
F111E,0.2685,benign
F111G,0.2173,benign
F111H,0.1981,benign
F111I,0.0731,benign
F111K,0.2743,benign
F111L,0.3587,ambiguous
F111M,0.2327,benign
F111N,0.1631,benign
F111P,0.2422,benign
F111Q,0.2468,benign
F111R,0.213,benign
F111S,0.0746,benign
F111T,0.1288,benign
F111V,0.076,benign
F111W,0.2264,benign
F111Y,0.0905,benign
P112A,0.0591,benign
P112C,0.1771,benign
P112D,0.1779,benign
P112E,0.1307,benign
P112F,0.1713,benign
P112G,0.1486,benign
P112H,0.0924,benign
P112I,0.1293,benign
P112K,0.1453,benign
P112L,0.0685,benign
P112M,0.1539,benign
P112N,0.1658,benign
P112Q,0.0917,benign
P112R,0.0919,benign
P112S,0.0723,benign
P112T,0.0673,benign
P112V,0.0996,benign
P112W,0.2251,benign
P112Y,0.1722,benign
A113C,0.3059,benign
A113D,0.117,benign
A113E,0.1176,benign
A113F,0.1725,benign
A113G,0.0917,benign
A113H,0.2465,benign
A113I,0.1398,benign
A113K,0.2017,benign
A113L,0.1049,benign
A113M,0.159,benign
A113N,0.1641,benign
A113P,0.0861,benign
A113Q,0.1726,benign
A113R,0.1804,benign
A113S,0.0834,benign
A113T,0.0796,benign
A113V,0.0816,benign
A113W,0.4337,ambiguous
A113Y,0.2277,benign
P114A,0.0645,benign
P114C,0.1928,benign
P114D,0.1727,benign
P114E,0.1254,benign
P114F,0.1865,benign
P114G,0.1487,benign
P114H,0.09,benign
P114I,0.1407,benign
P114K,0.121,benign
P114L,0.0733,benign
P114M,0.1691,benign
P114N,0.1529,benign
P114Q,0.0831,benign
P114R,0.0821,benign
P114S,0.0745,benign
P114T,0.07,benign
P114V,0.1101,benign
P114W,0.2386,benign
P114Y,0.1713,benign
Q115A,0.1001,benign
Q115C,0.2923,benign
Q115D,0.1673,benign
Q115E,0.0629,benign
Q115F,0.3537,ambiguous
Q115G,0.1186,benign
Q115H,0.122,benign
Q115I,0.1704,benign
Q115K,0.07,benign
Q115L,0.0808,benign
Q115M,0.2056,benign
Q115N,0.1776,benign
Q115P,0.0596,benign
Q115R,0.0695,benign
Q115S,0.1236,benign
Q115T,0.1109,benign
Q115V,0.1155,benign
Q115W,0.2055,benign
Q115Y,0.222,benign
A116C,0.3152,benign
A116D,0.1023,benign
A116E,0.0972,benign
A116F,0.181,benign
A116G,0.0958,benign
A116H,0.2272,benign
A116I,0.1459,benign
A116K,0.1727,benign
A116L,0.112,benign
A116M,0.1432,benign
A116N,0.1435,benign
A116P,0.0852,benign
A116Q,0.1652,benign
A116R,0.159,benign
A116S,0.0876,benign
A116T,0.0759,benign
A116V,0.0833,benign
A116W,0.3827,ambiguous
A116Y,0.2291,benign
V117A,0.0939,benign
V117C,0.4163,ambiguous
V117D,0.118,benign
V117E,0.1052,benign
V117F,0.0869,benign
V117G,0.0837,benign
V117H,0.2489,benign
V117I,0.0801,benign
V117K,0.1196,benign
V117L,0.0879,benign
V117M,0.0806,benign
V117N,0.1293,benign
V117P,0.1414,benign
V117Q,0.1252,benign
V117R,0.1066,benign
V117S,0.1043,benign
V117T,0.113,benign
V117W,0.3553,ambiguous
V117Y,0.2545,benign
Q118A,0.1023,benign
Q118C,0.2528,benign
Q118D,0.165,benign
Q118E,0.0662,benign
Q118F,0.3424,ambiguous
Q118G,0.1126,benign
Q118H,0.1199,benign
Q118I,0.1719,benign
Q118K,0.0702,benign
Q118L,0.082,benign
Q118M,0.1914,benign
Q118N,0.1658,benign
Q118P,0.0587,benign
Q118R,0.0658,benign
Q118S,0.121,benign
Q118T,0.1026,benign
Q118V,0.124,benign
Q118W,0.1544,benign
Q118Y,0.208,benign
D119A,0.0834,benign
D119C,0.2092,benign
D119E,0.0938,benign
D119F,0.251,benign
D119G,0.0589,benign
D119H,0.1169,benign
D119I,0.1522,benign
D119K,0.1368,benign
D119L,0.1559,benign
D119M,0.308,benign
D119N,0.0771,benign
D119P,0.1912,benign
D119Q,0.1352,benign
D119R,0.1277,benign
D119S,0.0837,benign
D119T,0.124,benign
D119V,0.0915,benign
D119W,0.4673,ambiguous
D119Y,0.0907,benign
N120A,0.1142,benign
N120C,0.1331,benign
N120D,0.0793,benign
N120E,0.1482,benign
N120F,0.2142,benign
N120G,0.1505,benign
N120H,0.0728,benign
N120I,0.0855,benign
N120K,0.1035,benign
N120L,0.11,benign
N120M,0.1822,benign
N120P,0.1702,benign
N120Q,0.1557,benign
N120R,0.1163,benign
N120S,0.0715,benign
N120T,0.0868,benign
N120V,0.0965,benign
N120W,0.4358,ambiguous
N120Y,0.0827,benign
P121A,0.0612,benign
P121C,0.2033,benign
P121D,0.168,benign
P121E,0.1215,benign
P121F,0.2021,benign
P121G,0.1521,benign
P121H,0.088,benign
P121I,0.1341,benign
P121K,0.1129,benign
P121L,0.073,benign
P121M,0.156,benign
P121N,0.1588,benign
P121Q,0.0865,benign
P121R,0.0753,benign
P121S,0.0814,benign
P121T,0.0644,benign
P121V,0.1034,benign
P121W,0.2523,benign
P121Y,0.1858,benign
A122C,0.2684,benign
A122D,0.1097,benign
A122E,0.112,benign
A122F,0.1689,benign
A122G,0.0924,benign
A122H,0.2174,benign
A122I,0.1311,benign
A122K,0.1677,benign
A122L,0.1038,benign
A122M,0.1524,benign
A122N,0.1489,benign
A122P,0.0858,benign
A122Q,0.1561,benign
A122R,0.1408,benign
A122S,0.0834,benign
A122T,0.0761,benign
A122V,0.0802,benign
A122W,0.3575,ambiguous
A122Y,0.2134,benign
M123A,0.1246,benign
M123C,0.4359,ambiguous
M123D,0.274,benign
M123E,0.1452,benign
M123F,0.1826,benign
M123G,0.199,benign
M123H,0.2095,benign
M123I,0.1319,benign
M123K,0.0681,benign
M123L,0.0889,benign
M123N,0.178,benign
M123P,0.1618,benign
M123Q,0.1083,benign
M123R,0.0711,benign
M123S,0.1432,benign
M123T,0.0892,benign
M123V,0.0593,benign
M123W,0.3508,ambiguous
M123Y,0.2875,benign
P124A,0.0669,benign
P124C,0.2101,benign
P124D,0.1629,benign
P124E,0.118,benign
P124F,0.1738,benign
P124G,0.1547,benign
P124H,0.0944,benign
P124I,0.1272,benign
P124K,0.125,benign
P124L,0.0695,benign
P124M,0.15,benign
P124N,0.1494,benign
P124Q,0.0901,benign
P124R,0.0873,benign
P124S,0.0867,benign
P124T,0.0729,benign
P124V,0.1035,benign
P124W,0.2339,benign
P124Y,0.1689,benign
T125A,0.0556,benign
T125C,0.2026,benign
T125D,0.1335,benign
T125E,0.1127,benign
T125F,0.106,benign
T125G,0.1187,benign
T125H,0.1122,benign
T125I,0.0794,benign
T125K,0.0854,benign
T125L,0.069,benign
T125M,0.0791,benign
T125N,0.0789,benign
T125P,0.0576,benign
T125Q,0.1109,benign
T125R,0.0703,benign
T125S,0.0742,benign
T125V,0.0789,benign
T125W,0.2631,benign
T125Y,0.1166,benign
S126A,0.0677,benign
S126C,0.0849,benign
S126D,0.1728,benign
S126E,0.2163,benign
S126F,0.0903,benign
S126G,0.0803,benign
S126H,0.1749,benign
S126I,0.0993,benign
S126K,0.2968,benign
S126L,0.0845,benign
S126M,0.1778,benign
S126N,0.1161,benign
S126P,0.0715,benign
S126Q,0.2621,benign
S126R,0.2155,benign
S126T,0.0762,benign
S126V,0.1026,benign
S126W,0.1523,benign
S126Y,0.0841,benign
S127A,0.0671,benign
S127C,0.0769,benign
S127D,0.1788,benign
S127E,0.1917,benign
S127F,0.1043,benign
S127G,0.0728,benign
S127H,0.16,benign
S127I,0.1,benign
S127K,0.2254,benign
S127L,0.0766,benign
S127M,0.1669,benign
S127N,0.1186,benign
S127P,0.0712,benign
S127Q,0.2239,benign
S127R,0.1614,benign
S127T,0.0734,benign
S127V,0.1063,benign
S127W,0.1358,benign
S127Y,0.0982,benign
G128A,0.0845,benign
G128C,0.1107,benign
G128D,0.0894,benign
G128E,0.084,benign
G128F,0.205,benign
G128H,0.1546,benign
G128I,0.1084,benign
G128K,0.1215,benign
G128L,0.1603,benign
G128M,0.2158,benign
G128N,0.1605,benign
G128P,0.222,benign
G128Q,0.1196,benign
G128R,0.087,benign
G128S,0.0878,benign
G128T,0.094,benign
G128V,0.081,benign
G128W,0.142,benign
G128Y,0.1499,benign
S129A,0.0702,benign
S129C,0.076,benign
S129D,0.1617,benign
S129E,0.1708,benign
S129F,0.1054,benign
S129G,0.0774,benign
S129H,0.141,benign
S129I,0.1001,benign
S129K,0.2031,benign
S129L,0.0742,benign
S129M,0.1533,benign
S129N,0.1027,benign
S129P,0.0604,benign
S129Q,0.194,benign
S129R,0.1426,benign
S129T,0.0749,benign
S129V,0.1048,benign
S129W,0.1259,benign
S129Y,0.094,benign
E130A,0.0776,benign
E130C,0.3237,benign
E130D,0.1007,benign
E130F,0.2922,benign
E130G,0.0547,benign
E130H,0.1735,benign
E130I,0.1398,benign
E130K,0.0612,benign
E130L,0.1497,benign
E130M,0.1859,benign
E130N,0.1319,benign
E130P,0.166,benign
E130Q,0.0794,benign
E130R,0.0752,benign
E130S,0.0994,benign
E130T,0.0952,benign
E130V,0.0958,benign
E130W,0.3395,benign
E130Y,0.2169,benign
G131A,0.1191,benign
G131C,0.1651,benign
G131D,0.1185,benign
G131E,0.1062,benign
G131F,0.3611,ambiguous
G131H,0.2322,benign
G131I,0.1819,benign
G131K,0.1535,benign
G131L,0.2806,benign
G131M,0.3037,benign
G131N,0.1994,benign
G131P,0.4192,ambiguous
G131Q,0.1659,benign
G131R,0.1165,benign
G131S,0.1156,benign
G131T,0.1356,benign
G131V,0.1214,benign
G131W,0.199,benign
G131Y,0.2264,benign
N132A,0.093,benign
N132C,0.1139,benign
N132D,0.0758,benign
N132E,0.1297,benign
N132F,0.2104,benign
N132G,0.117,benign
N132H,0.0694,benign
N132I,0.088,benign
N132K,0.092,benign
N132L,0.1151,benign
N132M,0.1662,benign
N132P,0.1657,benign
N132Q,0.1394,benign
N132R,0.0953,benign
N132S,0.0603,benign
N132T,0.0697,benign
N132V,0.097,benign
N132W,0.3354,benign
N132Y,0.0786,benign
V133A,0.3193,benign
V133C,0.6364,pathogenic
V133D,0.4837,ambiguous
V133E,0.4138,ambiguous
V133F,0.1755,benign
V133G,0.2543,benign
V133H,0.6825,pathogenic
V133I,0.0834,benign
V133K,0.4732,ambiguous
V133L,0.1272,benign
V133M,0.1615,benign
V133N,0.4638,ambiguous
V133P,0.4039,ambiguous
V133Q,0.4528,ambiguous
V133R,0.3803,ambiguous
V133S,0.3963,ambiguous
V133T,0.353,ambiguous
V133W,0.6655,pathogenic
V133Y,0.5283,ambiguous
K134A,0.3339,benign
K134C,0.6003,pathogenic
K134D,0.5893,pathogenic
K134E,0.176,benign
K134F,0.6154,pathogenic
K134G,0.4332,ambiguous
K134H,0.3079,benign
K134I,0.2327,benign
K134L,0.2732,benign
K134M,0.1928,benign
K134N,0.3516,ambiguous
K134P,0.5406,ambiguous
K134Q,0.1297,benign
K134R,0.083,benign
K134S,0.398,ambiguous
K134T,0.1519,benign
K134V,0.2491,benign
K134W,0.6779,pathogenic
K134Y,0.5053,ambiguous
L135A,0.1703,benign
L135C,0.2988,benign
L135D,0.3896,ambiguous
L135E,0.2005,benign
L135F,0.12,benign
L135G,0.2878,benign
L135H,0.1401,benign
L135I,0.1008,benign
L135K,0.1366,benign
L135M,0.1299,benign
L135N,0.2401,benign
L135P,0.084,benign
L135Q,0.1076,benign
L135R,0.0921,benign
L135S,0.182,benign
L135T,0.1501,benign
L135V,0.0975,benign
L135W,0.1645,benign
L135Y,0.2204,benign
C136A,0.7337,pathogenic
C136D,0.9412,pathogenic
C136E,0.9652,pathogenic
C136F,0.5166,ambiguous
C136G,0.5074,ambiguous
C136H,0.8552,pathogenic
C136I,0.7747,pathogenic
C136K,0.9635,pathogenic
C136L,0.708,pathogenic
C136M,0.9065,pathogenic
C136N,0.8896,pathogenic
C136P,0.8258,pathogenic
C136Q,0.9178,pathogenic
C136R,0.7747,pathogenic
C136S,0.6372,pathogenic
C136T,0.828,pathogenic
C136V,0.7038,pathogenic
C136W,0.7932,pathogenic
C136Y,0.6916,pathogenic
S137A,0.111,benign
S137C,0.1125,benign
S137D,0.2689,benign
S137E,0.404,ambiguous
S137F,0.2405,benign
S137G,0.1094,benign
S137H,0.2458,benign
S137I,0.2586,benign
S137K,0.4414,ambiguous
S137L,0.1189,benign
S137M,0.2784,benign
S137N,0.1691,benign
S137P,0.0631,benign
S137Q,0.3672,ambiguous
S137R,0.3426,ambiguous
S137T,0.0873,benign
S137V,0.2388,benign
S137W,0.2672,benign
S137Y,0.1766,benign
L138A,0.0841,benign
L138C,0.2721,benign
L138D,0.2481,benign
L138E,0.1315,benign
L138F,0.107,benign
L138G,0.1997,benign
L138H,0.0941,benign
L138I,0.0849,benign
L138K,0.0937,benign
L138M,0.1056,benign
L138N,0.1823,benign
L138P,0.0491,benign
L138Q,0.074,benign
L138R,0.0663,benign
L138S,0.0959,benign
L138T,0.0928,benign
L138V,0.0764,benign
L138W,0.1125,benign
L138Y,0.1952,benign
E139A,0.1001,benign
E139C,0.6108,pathogenic
E139D,0.1014,benign
E139F,0.5551,ambiguous
E139G,0.0975,benign
E139H,0.2468,benign
E139I,0.2491,benign
E139K,0.0841,benign
E139L,0.2128,benign
E139M,0.322,benign
E139N,0.174,benign
E139P,0.265,benign
E139Q,0.1005,benign
E139R,0.1298,benign
E139S,0.1412,benign
E139T,0.1444,benign
E139V,0.1434,benign
E139W,0.62,pathogenic
E139Y,0.3733,ambiguous
E140A,0.1201,benign
E140C,0.7746,pathogenic
E140D,0.1248,benign
E140F,0.5695,pathogenic
E140G,0.1596,benign
E140H,0.3665,ambiguous
E140I,0.2371,benign
E140K,0.1016,benign
E140L,0.2705,benign
E140M,0.3043,benign
E140N,0.2316,benign
E140P,0.7537,pathogenic
E140Q,0.1397,benign
E140R,0.186,benign
E140S,0.2196,benign
E140T,0.1475,benign
E140V,0.1363,benign
E140W,0.7547,pathogenic
E140Y,0.4048,ambiguous
A141C,0.5456,ambiguous
A141D,0.4921,ambiguous
A141E,0.3689,ambiguous
A141F,0.3191,benign
A141G,0.164,benign
A141H,0.5943,pathogenic
A141I,0.2923,benign
A141K,0.48,ambiguous
A141L,0.2951,benign
A141M,0.3302,benign
A141N,0.4471,ambiguous
A141P,0.6472,pathogenic
A141Q,0.4278,ambiguous
A141R,0.3963,ambiguous
A141S,0.147,benign
A141T,0.1417,benign
A141V,0.1415,benign
A141W,0.7401,pathogenic
A141Y,0.4018,ambiguous
Q142A,0.1766,benign
Q142C,0.4519,ambiguous
Q142D,0.2482,benign
Q142E,0.0659,benign
Q142F,0.5669,pathogenic
Q142G,0.1635,benign
Q142H,0.1827,benign
Q142I,0.3122,benign
Q142K,0.0623,benign
Q142L,0.123,benign
Q142M,0.281,benign
Q142N,0.211,benign
Q142P,0.333,benign
Q142R,0.0722,benign
Q142S,0.2108,benign
Q142T,0.1725,benign
Q142V,0.2097,benign
Q142W,0.3129,benign
Q142Y,0.3507,ambiguous
R143A,0.1376,benign
R143C,0.1471,benign
R143D,0.2323,benign
R143E,0.1398,benign
R143F,0.3033,benign
R143G,0.094,benign
R143H,0.0963,benign
R143I,0.1113,benign
R143K,0.0738,benign
R143L,0.117,benign
R143M,0.0965,benign
R143N,0.1808,benign
R143P,0.6803,pathogenic
R143Q,0.0822,benign
R143S,0.1643,benign
R143T,0.0836,benign
R143V,0.1594,benign
R143W,0.1342,benign
R143Y,0.2297,benign
I144A,0.6395,pathogenic
I144C,0.7334,pathogenic
I144D,0.8201,pathogenic
I144E,0.6545,pathogenic
I144F,0.1873,benign
I144G,0.8224,pathogenic
I144H,0.5235,ambiguous
I144K,0.4082,ambiguous
I144L,0.1046,benign
I144M,0.1453,benign
I144N,0.3877,ambiguous
I144P,0.914,pathogenic
I144Q,0.4861,ambiguous
I144R,0.3157,benign
I144S,0.5858,pathogenic
I144T,0.5491,ambiguous
I144V,0.1687,benign
I144W,0.669,pathogenic
I144Y,0.453,ambiguous
W145A,0.2041,benign
W145C,0.2892,benign
W145D,0.4963,ambiguous
W145E,0.2746,benign
W145F,0.1791,benign
W145G,0.1337,benign
W145H,0.2478,benign
W145I,0.2527,benign
W145K,0.1764,benign
W145L,0.1241,benign
W145M,0.2488,benign
W145N,0.4171,ambiguous
W145P,0.8062,pathogenic
W145Q,0.1708,benign
W145R,0.1406,benign
W145S,0.1841,benign
W145T,0.2123,benign
W145V,0.2256,benign
W145Y,0.2367,benign
K146A,0.1902,benign
K146C,0.4991,ambiguous
K146D,0.2583,benign
K146E,0.0786,benign
K146F,0.5422,ambiguous
K146G,0.2342,benign
K146H,0.2097,benign
K146I,0.2206,benign
K146L,0.1911,benign
K146M,0.1341,benign
K146N,0.146,benign
K146P,0.7514,pathogenic
K146Q,0.0829,benign
K146R,0.0775,benign
K146S,0.2041,benign
K146T,0.1225,benign
K146V,0.2196,benign
K146W,0.5715,pathogenic
K146Y,0.3849,ambiguous
Q147A,0.1334,benign
Q147C,0.4658,ambiguous
Q147D,0.1821,benign
Q147E,0.0508,benign
Q147F,0.5818,pathogenic
Q147G,0.1281,benign
Q147H,0.2035,benign
Q147I,0.2622,benign
Q147K,0.0749,benign
Q147L,0.1089,benign
Q147M,0.2577,benign
Q147N,0.1859,benign
Q147P,0.2973,benign
Q147R,0.088,benign
Q147S,0.1834,benign
Q147T,0.1306,benign
Q147V,0.1561,benign
Q147W,0.3691,ambiguous
Q147Y,0.3474,ambiguous
K148A,0.4555,ambiguous
K148C,0.6578,pathogenic
K148D,0.5534,ambiguous
K148E,0.1991,benign
K148F,0.7452,pathogenic
K148G,0.4566,ambiguous
K148H,0.2886,benign
K148I,0.4725,ambiguous
K148L,0.4015,ambiguous
K148M,0.2735,benign
K148N,0.319,benign
K148P,0.8452,pathogenic
K148Q,0.1353,benign
K148R,0.08,benign
K148S,0.4765,ambiguous
K148T,0.264,benign
K148V,0.4445,ambiguous
K148W,0.6969,pathogenic
K148Y,0.5223,ambiguous
S149A,0.0573,benign
S149C,0.0987,benign
S149D,0.2441,benign
S149E,0.2288,benign
S149F,0.175,benign
S149G,0.0803,benign
S149H,0.1991,benign
S149I,0.1625,benign
S149K,0.3147,benign
S149L,0.0938,benign
S149M,0.1797,benign
S149N,0.1295,benign
S149P,0.1102,benign
S149Q,0.2472,benign
S149R,0.2295,benign
S149T,0.0921,benign
S149V,0.1594,benign
S149W,0.2126,benign
S149Y,0.1252,benign
A150C,0.3078,benign
A150D,0.1088,benign
A150E,0.1193,benign
A150F,0.2299,benign
A150G,0.0966,benign
A150H,0.2191,benign
A150I,0.1907,benign
A150K,0.1475,benign
A150L,0.1265,benign
A150M,0.1699,benign
A150N,0.1272,benign
A150P,0.1256,benign
A150Q,0.1684,benign
A150R,0.1382,benign
A150S,0.0789,benign
A150T,0.0709,benign
A150V,0.1088,benign
A150W,0.4152,ambiguous
A150Y,0.277,benign
E151A,0.2668,benign
E151C,0.8598,pathogenic
E151D,0.3261,benign
E151F,0.8247,pathogenic
E151G,0.2834,benign
E151H,0.653,pathogenic
E151I,0.5456,ambiguous
E151K,0.2491,benign
E151L,0.5404,ambiguous
E151M,0.5145,ambiguous
E151N,0.4978,ambiguous
E151P,0.9151,pathogenic
E151Q,0.1662,benign
E151R,0.3659,ambiguous
E151S,0.3928,ambiguous
E151T,0.3878,ambiguous
E151V,0.3439,ambiguous
E151W,0.9165,pathogenic
E151Y,0.7216,pathogenic
I152A,0.751,pathogenic
I152C,0.8517,pathogenic
I152D,0.9441,pathogenic
I152E,0.9205,pathogenic
I152F,0.3762,ambiguous
I152G,0.9001,pathogenic
I152H,0.8922,pathogenic
I152K,0.7624,pathogenic
I152L,0.3512,ambiguous
I152M,0.1989,benign
I152N,0.6248,pathogenic
I152P,0.9586,pathogenic
I152Q,0.8627,pathogenic
I152R,0.6698,pathogenic
I152S,0.7271,pathogenic
I152T,0.6406,pathogenic
I152V,0.1869,benign
I152W,0.921,pathogenic
I152Y,0.7455,pathogenic
Y153A,0.9662,pathogenic
Y153C,0.8158,pathogenic
Y153D,0.9255,pathogenic
Y153E,0.9838,pathogenic
Y153F,0.4741,ambiguous
Y153G,0.9365,pathogenic
Y153H,0.8762,pathogenic
Y153I,0.9011,pathogenic
Y153K,0.9831,pathogenic
Y153L,0.808,pathogenic
Y153M,0.9634,pathogenic
Y153N,0.8288,pathogenic
Y153P,0.9394,pathogenic
Y153Q,0.9778,pathogenic
Y153R,0.9455,pathogenic
Y153S,0.8028,pathogenic
Y153T,0.9507,pathogenic
Y153V,0.8838,pathogenic
Y153W,0.8519,pathogenic
P154A,0.1559,benign
P154C,0.5049,ambiguous
P154D,0.417,ambiguous
P154E,0.3115,benign
P154F,0.6414,pathogenic
P154G,0.3851,ambiguous
P154H,0.2166,benign
P154I,0.5368,ambiguous
P154K,0.2774,benign
P154L,0.2257,benign
P154M,0.5222,ambiguous
P154N,0.3898,ambiguous
P154Q,0.2105,benign
P154R,0.1661,benign
P154S,0.1878,benign
P154T,0.1704,benign
P154V,0.3809,ambiguous
P154W,0.6635,pathogenic
P154Y,0.5277,ambiguous
I155A,0.3687,ambiguous
I155C,0.6729,pathogenic
I155D,0.7602,pathogenic
I155E,0.6882,pathogenic
I155F,0.2547,benign
I155G,0.673,pathogenic
I155H,0.6639,pathogenic
I155K,0.5236,ambiguous
I155L,0.1203,benign
I155M,0.1369,benign
I155N,0.3667,ambiguous
I155P,0.5479,ambiguous
I155Q,0.5932,pathogenic
I155R,0.4124,ambiguous
I155S,0.3984,ambiguous
I155T,0.2796,benign
I155V,0.0753,benign
I155W,0.8369,pathogenic
I155Y,0.6543,pathogenic
M156A,0.3019,benign
M156C,0.6383,pathogenic
M156D,0.7524,pathogenic
M156E,0.3605,ambiguous
M156F,0.3558,ambiguous
M156G,0.393,ambiguous
M156H,0.3902,ambiguous
M156I,0.4827,ambiguous
M156K,0.0805,benign
M156L,0.1152,benign
M156N,0.5058,ambiguous
M156P,0.6321,pathogenic
M156Q,0.158,benign
M156R,0.0826,benign
M156S,0.374,ambiguous
M156T,0.1902,benign
M156V,0.14,benign
M156W,0.4823,ambiguous
M156Y,0.5325,ambiguous
D157A,0.0978,benign
D157C,0.364,ambiguous
D157E,0.1074,benign
D157F,0.4657,ambiguous
D157G,0.087,benign
D157H,0.1517,benign
D157I,0.2849,benign
D157K,0.166,benign
D157L,0.2302,benign
D157M,0.4409,ambiguous
D157N,0.0917,benign
D157P,0.1766,benign
D157Q,0.1691,benign
D157R,0.185,benign
D157S,0.1056,benign
D157T,0.1869,benign
D157V,0.152,benign
D157W,0.6725,pathogenic
D157Y,0.1603,benign
K158A,0.2376,benign
K158C,0.583,pathogenic
K158D,0.4549,ambiguous
K158E,0.1448,benign
K158F,0.6183,pathogenic
K158G,0.3074,benign
K158H,0.3016,benign
K158I,0.2184,benign
K158L,0.2806,benign
K158M,0.1864,benign
K158N,0.3461,ambiguous
K158P,0.3506,ambiguous
K158Q,0.1361,benign
K158R,0.0714,benign
K158S,0.3105,benign
K158T,0.1381,benign
K158V,0.2226,benign
K158W,0.6437,pathogenic
K158Y,0.4816,ambiguous
S159A,0.0729,benign
S159C,0.1162,benign
S159D,0.1639,benign
S159E,0.1941,benign
S159F,0.1582,benign
S159G,0.0871,benign
S159H,0.1762,benign
S159I,0.1349,benign
S159K,0.2374,benign
S159L,0.0955,benign
S159M,0.1858,benign
S159N,0.0996,benign
S159P,0.1164,benign
S159Q,0.2391,benign
S159R,0.2034,benign
S159T,0.0814,benign
S159V,0.145,benign
S159W,0.2019,benign
S159Y,0.1199,benign
S160A,0.0844,benign
S160C,0.0908,benign
S160D,0.1499,benign
S160E,0.1989,benign
S160F,0.1587,benign
S160G,0.0685,benign
S160H,0.1635,benign
S160I,0.1373,benign
S160K,0.2426,benign
S160L,0.1024,benign
S160M,0.1766,benign
S160N,0.0831,benign
S160P,0.2638,benign
S160Q,0.2318,benign
S160R,0.1882,benign
S160T,0.07,benign
S160V,0.1511,benign
S160W,0.2014,benign
S160Y,0.1276,benign
R161A,0.9151,pathogenic
R161C,0.4333,ambiguous
R161D,0.9698,pathogenic
R161E,0.8538,pathogenic
R161F,0.9441,pathogenic
R161G,0.7672,pathogenic
R161H,0.4565,ambiguous
R161I,0.8555,pathogenic
R161K,0.5074,ambiguous
R161L,0.8123,pathogenic
R161M,0.8924,pathogenic
R161N,0.958,pathogenic
R161P,0.9231,pathogenic
R161Q,0.3872,ambiguous
R161S,0.9373,pathogenic
R161T,0.8832,pathogenic
R161V,0.8928,pathogenic
R161W,0.5424,ambiguous
R161Y,0.873,pathogenic
T162A,0.1491,benign
T162C,0.4599,ambiguous
T162D,0.494,ambiguous
T162E,0.2814,benign
T162F,0.3825,ambiguous
T162G,0.3366,benign
T162H,0.2229,benign
T162I,0.2917,benign
T162K,0.0885,benign
T162L,0.1659,benign
T162M,0.1176,benign
T162N,0.1686,benign
T162P,0.237,benign
T162Q,0.1492,benign
T162R,0.0854,benign
T162S,0.1671,benign
T162V,0.2491,benign
T162W,0.6205,pathogenic
T162Y,0.3695,ambiguous
R163A,0.9452,pathogenic
R163C,0.4514,ambiguous
R163D,0.9843,pathogenic
R163E,0.9406,pathogenic
R163F,0.9667,pathogenic
R163G,0.7348,pathogenic
R163H,0.4723,ambiguous
R163I,0.9486,pathogenic
R163K,0.685,pathogenic
R163L,0.8719,pathogenic
R163M,0.9546,pathogenic
R163N,0.9695,pathogenic
R163P,0.9217,pathogenic
R163Q,0.5592,ambiguous
R163S,0.9477,pathogenic
R163T,0.9567,pathogenic
R163V,0.961,pathogenic
R163W,0.6664,pathogenic
R163Y,0.8993,pathogenic
L164A,0.486,ambiguous
L164C,0.586,pathogenic
L164D,0.8996,pathogenic
L164E,0.5573,ambiguous
L164F,0.2738,benign
L164G,0.7676,pathogenic
L164H,0.3153,benign
L164I,0.1549,benign
L164K,0.2832,benign
L164M,0.2025,benign
L164N,0.6733,pathogenic
L164P,0.8785,pathogenic
L164Q,0.2257,benign
L164R,0.1704,benign
L164S,0.5597,ambiguous
L164T,0.433,ambiguous
L164V,0.1582,benign
L164W,0.3155,benign
L164Y,0.5036,ambiguous
A165C,0.8334,pathogenic
A165D,0.9775,pathogenic
A165E,0.9838,pathogenic
A165F,0.9722,pathogenic
A165G,0.4582,ambiguous
A165H,0.988,pathogenic
A165I,0.9707,pathogenic
A165K,0.9933,pathogenic
A165L,0.9045,pathogenic
A165M,0.9705,pathogenic
A165N,0.9803,pathogenic
A165P,0.9622,pathogenic
A165Q,0.9748,pathogenic
A165R,0.9671,pathogenic
A165S,0.4232,ambiguous
A165T,0.8254,pathogenic
A165V,0.8396,pathogenic
A165W,0.9964,pathogenic
A165Y,0.9862,pathogenic
L166A,0.8688,pathogenic
L166C,0.8419,pathogenic
L166D,0.9948,pathogenic
L166E,0.9737,pathogenic
L166F,0.4987,ambiguous
L166G,0.9678,pathogenic
L166H,0.9017,pathogenic
L166I,0.244,benign
L166K,0.9117,pathogenic
L166M,0.3185,benign
L166N,0.9728,pathogenic
L166P,0.9829,pathogenic
L166Q,0.8843,pathogenic
L166R,0.8393,pathogenic
L166S,0.9442,pathogenic
L166T,0.902,pathogenic
L166V,0.2454,benign
L166W,0.8064,pathogenic
L166Y,0.8832,pathogenic
I167A,0.9555,pathogenic
I167C,0.9662,pathogenic
I167D,0.9949,pathogenic
I167E,0.9856,pathogenic
I167F,0.7945,pathogenic
I167G,0.9886,pathogenic
I167H,0.9811,pathogenic
I167K,0.9673,pathogenic
I167L,0.2805,benign
I167M,0.3701,ambiguous
I167N,0.9259,pathogenic
I167P,0.9889,pathogenic
I167Q,0.9734,pathogenic
I167R,0.9529,pathogenic
I167S,0.9465,pathogenic
I167T,0.9372,pathogenic
I167V,0.2681,benign
I167W,0.9871,pathogenic
I167Y,0.9679,pathogenic
I168A,0.9588,pathogenic
I168C,0.9674,pathogenic
I168D,0.9956,pathogenic
I168E,0.9938,pathogenic
I168F,0.5625,ambiguous
I168G,0.9925,pathogenic
I168H,0.9783,pathogenic
I168K,0.9824,pathogenic
I168L,0.3444,ambiguous
I168M,0.5312,ambiguous
I168N,0.9448,pathogenic
I168P,0.9914,pathogenic
I168Q,0.9871,pathogenic
I168R,0.9631,pathogenic
I168S,0.9522,pathogenic
I168T,0.9407,pathogenic
I168V,0.2529,benign
I168W,0.9796,pathogenic
I168Y,0.9369,pathogenic
C169A,0.8115,pathogenic
C169D,0.9629,pathogenic
C169E,0.9863,pathogenic
C169F,0.7542,pathogenic
C169G,0.5608,ambiguous
C169H,0.892,pathogenic
C169I,0.9132,pathogenic
C169K,0.9908,pathogenic
C169L,0.8788,pathogenic
C169M,0.9363,pathogenic
C169N,0.7731,pathogenic
C169P,0.9929,pathogenic
C169Q,0.9527,pathogenic
C169R,0.9163,pathogenic
C169S,0.5697,pathogenic
C169T,0.8158,pathogenic
C169V,0.8381,pathogenic
C169W,0.8756,pathogenic
C169Y,0.8267,pathogenic
N170A,0.8834,pathogenic
N170C,0.6614,pathogenic
N170D,0.8883,pathogenic
N170E,0.9614,pathogenic
N170F,0.979,pathogenic
N170G,0.9198,pathogenic
N170H,0.7347,pathogenic
N170I,0.6246,pathogenic
N170K,0.9697,pathogenic
N170L,0.7519,pathogenic
N170M,0.8375,pathogenic
N170P,0.9461,pathogenic
N170Q,0.9272,pathogenic
N170R,0.9562,pathogenic
N170S,0.311,benign
N170T,0.6704,pathogenic
N170V,0.6576,pathogenic
N170W,0.9898,pathogenic
N170Y,0.8865,pathogenic
E171A,0.234,benign
E171C,0.8222,pathogenic
E171D,0.3747,ambiguous
E171F,0.7767,pathogenic
E171G,0.3029,benign
E171H,0.6303,pathogenic
E171I,0.2025,benign
E171K,0.155,benign
E171L,0.3711,ambiguous
E171M,0.3436,ambiguous
E171N,0.4936,ambiguous
E171P,0.8891,pathogenic
E171Q,0.1965,benign
E171R,0.2624,benign
E171S,0.3607,ambiguous
E171T,0.1546,benign
E171V,0.1472,benign
E171W,0.8867,pathogenic
E171Y,0.6567,pathogenic
E172A,0.1405,benign
E172C,0.7464,pathogenic
E172D,0.1303,benign
E172F,0.5884,pathogenic
E172G,0.2303,benign
E172H,0.3924,ambiguous
E172I,0.1864,benign
E172K,0.1522,benign
E172L,0.3322,benign
E172M,0.3278,benign
E172N,0.2311,benign
E172P,0.8508,pathogenic
E172Q,0.1411,benign
E172R,0.2465,benign
E172S,0.2305,benign
E172T,0.1609,benign
E172V,0.1103,benign
E172W,0.8097,pathogenic
E172Y,0.4289,ambiguous
F173A,0.9539,pathogenic
F173C,0.9474,pathogenic
F173D,0.9526,pathogenic
F173E,0.9723,pathogenic
F173G,0.9557,pathogenic
F173H,0.9401,pathogenic
F173I,0.8429,pathogenic
F173K,0.9717,pathogenic
F173L,0.9913,pathogenic
F173M,0.9363,pathogenic
F173N,0.9266,pathogenic
F173P,0.9943,pathogenic
F173Q,0.9795,pathogenic
F173R,0.947,pathogenic
F173S,0.9229,pathogenic
F173T,0.9299,pathogenic
F173V,0.8743,pathogenic
F173W,0.7692,pathogenic
F173Y,0.523,ambiguous
D174A,0.1885,benign
D174C,0.5195,ambiguous
D174E,0.1853,benign
D174F,0.5312,ambiguous
D174G,0.1694,benign
D174H,0.2265,benign
D174I,0.3127,benign
D174K,0.3515,ambiguous
D174L,0.3325,benign
D174M,0.6495,pathogenic
D174N,0.1285,benign
D174P,0.5846,pathogenic
D174Q,0.3169,benign
D174R,0.3337,benign
D174S,0.148,benign
D174T,0.251,benign
D174V,0.1906,benign
D174W,0.8295,pathogenic
D174Y,0.1902,benign
S175A,0.0935,benign
S175C,0.1043,benign
S175D,0.1586,benign
S175E,0.2735,benign
S175F,0.165,benign
S175G,0.0754,benign
S175H,0.1711,benign
S175I,0.1419,benign
S175K,0.3626,ambiguous
S175L,0.1314,benign
S175M,0.2138,benign
S175N,0.0792,benign
S175P,0.3209,benign
S175Q,0.3192,benign
S175R,0.2614,benign
S175T,0.0779,benign
S175V,0.1737,benign
S175W,0.2489,benign
S175Y,0.1129,benign
I176A,0.3808,ambiguous
I176C,0.5605,ambiguous
I176D,0.5239,ambiguous
I176E,0.4613,ambiguous
I176F,0.1253,benign
I176G,0.5077,ambiguous
I176H,0.3016,benign
I176K,0.278,benign
I176L,0.0526,benign
I176M,0.1044,benign
I176N,0.2206,benign
I176P,0.57,pathogenic
I176Q,0.3097,benign
I176R,0.213,benign
I176S,0.2668,benign
I176T,0.3348,benign
I176V,0.1221,benign
I176W,0.5136,ambiguous
I176Y,0.2945,benign
P177A,0.0993,benign
P177C,0.3752,ambiguous
P177D,0.3062,benign
P177E,0.2561,benign
P177F,0.4267,ambiguous
P177G,0.236,benign
P177H,0.1898,benign
P177I,0.3604,ambiguous
P177K,0.25,benign
P177L,0.1567,benign
P177M,0.3499,ambiguous
P177N,0.2729,benign
P177Q,0.1704,benign
P177R,0.1683,benign
P177S,0.0974,benign
P177T,0.1158,benign
P177V,0.2702,benign
P177W,0.4857,ambiguous
P177Y,0.3473,ambiguous
R178A,0.2435,benign
R178C,0.2035,benign
R178D,0.4635,ambiguous
R178E,0.2065,benign
R178F,0.4154,ambiguous
R178G,0.1507,benign
R178H,0.1414,benign
R178I,0.1712,benign
R178K,0.0768,benign
R178L,0.178,benign
R178M,0.1734,benign
R178N,0.3791,ambiguous
R178P,0.2631,benign
R178Q,0.101,benign
R178S,0.2916,benign
R178T,0.1505,benign
R178V,0.2222,benign
R178W,0.1546,benign
R178Y,0.3213,benign
R179A,0.959,pathogenic
R179C,0.6024,pathogenic
R179D,0.9694,pathogenic
R179E,0.8276,pathogenic
R179F,0.9645,pathogenic
R179G,0.8534,pathogenic
R179H,0.6333,pathogenic
R179I,0.8473,pathogenic
R179K,0.7033,pathogenic
R179L,0.8278,pathogenic
R179M,0.9312,pathogenic
R179N,0.9663,pathogenic
R179P,0.9233,pathogenic
R179Q,0.5597,ambiguous
R179S,0.9692,pathogenic
R179T,0.9391,pathogenic
R179V,0.9289,pathogenic
R179W,0.5439,ambiguous
R179Y,0.8957,pathogenic
T180A,0.0705,benign
T180C,0.3242,benign
T180D,0.1324,benign
T180E,0.1386,benign
T180F,0.1713,benign
T180G,0.1788,benign
T180H,0.146,benign
T180I,0.1298,benign
T180K,0.1043,benign
T180L,0.0959,benign
T180M,0.0987,benign
T180N,0.0763,benign
T180P,0.0858,benign
T180Q,0.1536,benign
T180R,0.0898,benign
T180S,0.0965,benign
T180V,0.1208,benign
T180W,0.3515,ambiguous
T180Y,0.1559,benign
G181A,0.6391,pathogenic
G181C,0.825,pathogenic
G181D,0.9048,pathogenic
G181E,0.9218,pathogenic
G181F,0.9661,pathogenic
G181H,0.9625,pathogenic
G181I,0.9562,pathogenic
G181K,0.9584,pathogenic
G181L,0.9659,pathogenic
G181M,0.9749,pathogenic
G181N,0.9524,pathogenic
G181P,0.9882,pathogenic
G181Q,0.9461,pathogenic
G181R,0.8643,pathogenic
G181S,0.5812,pathogenic
G181T,0.8736,pathogenic
G181V,0.8928,pathogenic
G181W,0.9086,pathogenic
G181Y,0.9587,pathogenic
A182C,0.7301,pathogenic
A182D,0.8484,pathogenic
A182E,0.8768,pathogenic
A182F,0.8929,pathogenic
A182G,0.3587,ambiguous
A182H,0.928,pathogenic
A182I,0.89,pathogenic
A182K,0.9594,pathogenic
A182L,0.7926,pathogenic
A182M,0.7883,pathogenic
A182N,0.8397,pathogenic
A182P,0.9443,pathogenic
A182Q,0.8975,pathogenic
A182R,0.9007,pathogenic
A182S,0.1562,benign
A182T,0.3485,ambiguous
A182V,0.6278,pathogenic
A182W,0.9689,pathogenic
A182Y,0.9331,pathogenic
E183A,0.1189,benign
E183C,0.72,pathogenic
E183D,0.101,benign
E183F,0.6263,pathogenic
E183G,0.1269,benign
E183H,0.3269,benign
E183I,0.3193,benign
E183K,0.1045,benign
E183L,0.3325,benign
E183M,0.3683,ambiguous
E183N,0.1793,benign
E183P,0.6689,pathogenic
E183Q,0.1373,benign
E183R,0.1799,benign
E183S,0.1716,benign
E183T,0.2042,benign
E183V,0.1887,benign
E183W,0.7554,pathogenic
E183Y,0.4761,ambiguous
V184A,0.1134,benign
V184C,0.6643,pathogenic
V184D,0.2296,benign
V184E,0.207,benign
V184F,0.149,benign
V184G,0.1751,benign
V184H,0.3957,ambiguous
V184I,0.0989,benign
V184K,0.1698,benign
V184L,0.2634,benign
V184M,0.1521,benign
V184N,0.2032,benign
V184P,0.7359,pathogenic
V184Q,0.2195,benign
V184R,0.1432,benign
V184S,0.1988,benign
V184T,0.1522,benign
V184W,0.6323,pathogenic
V184Y,0.3762,ambiguous
D185A,0.9493,pathogenic
D185C,0.9871,pathogenic
D185E,0.9619,pathogenic
D185F,0.9914,pathogenic
D185G,0.9324,pathogenic
D185H,0.9749,pathogenic
D185I,0.9852,pathogenic
D185K,0.9901,pathogenic
D185L,0.9751,pathogenic
D185M,0.9967,pathogenic
D185N,0.9107,pathogenic
D185P,0.9897,pathogenic
D185Q,0.9903,pathogenic
D185R,0.9801,pathogenic
D185S,0.9373,pathogenic
D185T,0.982,pathogenic
D185V,0.942,pathogenic
D185W,0.9975,pathogenic
D185Y,0.9187,pathogenic
I186A,0.5537,ambiguous
I186C,0.7301,pathogenic
I186D,0.8338,pathogenic
I186E,0.6349,pathogenic
I186F,0.3829,ambiguous
I186G,0.812,pathogenic
I186H,0.7676,pathogenic
I186K,0.5015,ambiguous
I186L,0.1615,benign
I186M,0.1529,benign
I186N,0.4627,ambiguous
I186P,0.9443,pathogenic
I186Q,0.6227,pathogenic
I186R,0.4307,ambiguous
I186S,0.5118,ambiguous
I186T,0.2887,benign
I186V,0.0912,benign
I186W,0.911,pathogenic
I186Y,0.7612,pathogenic
T187A,0.0659,benign
T187C,0.3013,benign
T187D,0.2061,benign
T187E,0.1185,benign
T187F,0.185,benign
T187G,0.1899,benign
T187H,0.134,benign
T187I,0.102,benign
T187K,0.0755,benign
T187L,0.0774,benign
T187M,0.0827,benign
T187N,0.0941,benign
T187P,0.2471,benign
T187Q,0.1094,benign
T187R,0.0569,benign
T187S,0.1038,benign
T187V,0.1089,benign
T187W,0.3237,benign
T187Y,0.1914,benign
G188A,0.155,benign
G188C,0.2852,benign
G188D,0.3056,benign
G188E,0.2656,benign
G188F,0.7734,pathogenic
G188H,0.44,ambiguous
G188I,0.6266,pathogenic
G188K,0.3408,ambiguous
G188L,0.6125,pathogenic
G188M,0.6695,pathogenic
G188N,0.3374,benign
G188P,0.9709,pathogenic
G188Q,0.2998,benign
G188R,0.2047,benign
G188S,0.1516,benign
G188T,0.3245,benign
G188V,0.4391,ambiguous
G188W,0.521,ambiguous
G188Y,0.5539,ambiguous
M189A,0.9444,pathogenic
M189C,0.9641,pathogenic
M189D,0.9972,pathogenic
M189E,0.9842,pathogenic
M189F,0.75,pathogenic
M189G,0.9842,pathogenic
M189H,0.9906,pathogenic
M189I,0.7803,pathogenic
M189K,0.9557,pathogenic
M189L,0.4391,ambiguous
M189N,0.9733,pathogenic
M189P,0.9966,pathogenic
M189Q,0.9492,pathogenic
M189R,0.9686,pathogenic
M189S,0.9698,pathogenic
M189T,0.8913,pathogenic
M189V,0.3416,ambiguous
M189W,0.9822,pathogenic
M189Y,0.9802,pathogenic
T190A,0.0787,benign
T190C,0.3863,ambiguous
T190D,0.3886,ambiguous
T190E,0.1239,benign
T190F,0.3136,benign
T190G,0.2259,benign
T190H,0.1812,benign
T190I,0.2015,benign
T190K,0.0737,benign
T190L,0.1356,benign
T190M,0.0936,benign
T190N,0.1293,benign
T190P,0.6222,pathogenic
T190Q,0.0951,benign
T190R,0.0673,benign
T190S,0.1313,benign
T190V,0.1765,benign
T190W,0.5283,ambiguous
T190Y,0.2519,benign
M191A,0.1415,benign
M191C,0.4944,ambiguous
M191D,0.4346,ambiguous
M191E,0.2251,benign
M191F,0.2668,benign
M191G,0.3024,benign
M191H,0.241,benign
M191I,0.1844,benign
M191K,0.0827,benign
M191L,0.109,benign
M191N,0.2316,benign
M191P,0.889,pathogenic
M191Q,0.1227,benign
M191R,0.0778,benign
M191S,0.1759,benign
M191T,0.0854,benign
M191V,0.075,benign
M191W,0.476,ambiguous
M191Y,0.3994,ambiguous
L192A,0.763,pathogenic
L192C,0.8021,pathogenic
L192D,0.9825,pathogenic
L192E,0.9406,pathogenic
L192F,0.5219,ambiguous
L192G,0.919,pathogenic
L192H,0.8143,pathogenic
L192I,0.2396,benign
L192K,0.8958,pathogenic
L192M,0.3514,ambiguous
L192N,0.9243,pathogenic
L192P,0.9405,pathogenic
L192Q,0.7874,pathogenic
L192R,0.7892,pathogenic
L192S,0.8943,pathogenic
L192T,0.7411,pathogenic
L192V,0.2426,benign
L192W,0.8159,pathogenic
L192Y,0.8792,pathogenic
L193A,0.9556,pathogenic
L193C,0.9149,pathogenic
L193D,0.9965,pathogenic
L193E,0.9873,pathogenic
L193F,0.3734,ambiguous
L193G,0.9764,pathogenic
L193H,0.9365,pathogenic
L193I,0.5995,pathogenic
L193K,0.9762,pathogenic
L193M,0.5386,ambiguous
L193N,0.9887,pathogenic
L193P,0.9728,pathogenic
L193Q,0.9516,pathogenic
L193R,0.9246,pathogenic
L193S,0.9815,pathogenic
L193T,0.9661,pathogenic
L193V,0.7194,pathogenic
L193W,0.7903,pathogenic
L193Y,0.9246,pathogenic
Q194A,0.2994,benign
Q194C,0.5698,pathogenic
Q194D,0.4674,ambiguous
Q194E,0.0795,benign
Q194F,0.7956,pathogenic
Q194G,0.2246,benign
Q194H,0.2607,benign
Q194I,0.5153,ambiguous
Q194K,0.0798,benign
Q194L,0.2286,benign
Q194M,0.4578,ambiguous
Q194N,0.3309,benign
Q194P,0.7545,pathogenic
Q194R,0.0862,benign
Q194S,0.3172,benign
Q194T,0.2171,benign
Q194V,0.373,ambiguous
Q194W,0.5004,ambiguous
Q194Y,0.5455,ambiguous
N195A,0.173,benign
N195C,0.2303,benign
N195D,0.0956,benign
N195E,0.2424,benign
N195F,0.5103,ambiguous
N195G,0.1664,benign
N195H,0.0955,benign
N195I,0.2415,benign
N195K,0.1863,benign
N195L,0.2904,benign
N195M,0.3258,benign
N195P,0.9161,pathogenic
N195Q,0.2203,benign
N195R,0.2198,benign
N195S,0.0818,benign
N195T,0.133,benign
N195V,0.2641,benign
N195W,0.6712,pathogenic
N195Y,0.1405,benign
L196A,0.7706,pathogenic
L196C,0.7802,pathogenic
L196D,0.982,pathogenic
L196E,0.9351,pathogenic
L196F,0.2799,benign
L196G,0.9366,pathogenic
L196H,0.7687,pathogenic
L196I,0.246,benign
L196K,0.8959,pathogenic
L196M,0.2278,benign
L196N,0.9322,pathogenic
L196P,0.9512,pathogenic
L196Q,0.801,pathogenic
L196R,0.7878,pathogenic
L196S,0.8789,pathogenic
L196T,0.7304,pathogenic
L196V,0.349,ambiguous
L196W,0.5743,pathogenic
L196Y,0.7813,pathogenic
G197A,0.5477,ambiguous
G197C,0.5237,ambiguous
G197D,0.3352,benign
G197E,0.6346,pathogenic
G197F,0.9507,pathogenic
G197H,0.7912,pathogenic
G197I,0.928,pathogenic
G197K,0.8598,pathogenic
G197L,0.9241,pathogenic
G197M,0.9489,pathogenic
G197N,0.6311,pathogenic
G197P,0.9906,pathogenic
G197Q,0.7277,pathogenic
G197R,0.7195,pathogenic
G197S,0.3205,benign
G197T,0.7992,pathogenic
G197V,0.8485,pathogenic
G197W,0.8666,pathogenic
G197Y,0.8611,pathogenic
Y198A,0.9929,pathogenic
Y198C,0.8186,pathogenic
Y198D,0.9503,pathogenic
Y198E,0.9956,pathogenic
Y198F,0.2913,benign
Y198G,0.9645,pathogenic
Y198H,0.9539,pathogenic
Y198I,0.9738,pathogenic
Y198K,0.9958,pathogenic
Y198L,0.941,pathogenic
Y198M,0.9831,pathogenic
Y198N,0.9214,pathogenic
Y198P,0.9961,pathogenic
Y198Q,0.996,pathogenic
Y198R,0.987,pathogenic
Y198S,0.9632,pathogenic
Y198T,0.9922,pathogenic
Y198V,0.9563,pathogenic
Y198W,0.8388,pathogenic
S199A,0.088,benign
S199C,0.0825,benign
S199D,0.179,benign
S199E,0.1914,benign
S199F,0.2234,benign
S199G,0.1082,benign
S199H,0.1245,benign
S199I,0.1064,benign
S199K,0.1539,benign
S199L,0.1064,benign
S199M,0.1518,benign
S199N,0.1002,benign
S199P,0.7518,pathogenic
S199Q,0.1602,benign
S199R,0.1152,benign
S199T,0.068,benign
S199V,0.1337,benign
S199W,0.2418,benign
S199Y,0.1581,benign
V200A,0.522,ambiguous
V200C,0.8685,pathogenic
V200D,0.9397,pathogenic
V200E,0.9188,pathogenic
V200F,0.7699,pathogenic
V200G,0.6422,pathogenic
V200H,0.9729,pathogenic
V200I,0.1681,benign
V200K,0.926,pathogenic
V200L,0.7976,pathogenic
V200M,0.6011,pathogenic
V200N,0.8881,pathogenic
V200P,0.8838,pathogenic
V200Q,0.9259,pathogenic
V200R,0.8881,pathogenic
V200S,0.7274,pathogenic
V200T,0.4161,ambiguous
V200W,0.9862,pathogenic
V200Y,0.9669,pathogenic
D201A,0.1144,benign
D201C,0.328,benign
D201E,0.1313,benign
D201F,0.3497,ambiguous
D201G,0.2125,benign
D201H,0.1375,benign
D201I,0.1305,benign
D201K,0.2223,benign
D201L,0.2128,benign
D201M,0.3953,ambiguous
D201N,0.1034,benign
D201P,0.8395,pathogenic
D201Q,0.2159,benign
D201R,0.2306,benign
D201S,0.1275,benign
D201T,0.1441,benign
D201V,0.0789,benign
D201W,0.7491,pathogenic
D201Y,0.1264,benign
V202A,0.3496,ambiguous
V202C,0.7215,pathogenic
V202D,0.4264,ambiguous
V202E,0.3107,benign
V202F,0.2801,benign
V202G,0.3613,ambiguous
V202H,0.7058,pathogenic
V202I,0.0846,benign
V202K,0.4079,ambiguous
V202L,0.3412,ambiguous
V202M,0.2061,benign
V202N,0.4663,ambiguous
V202P,0.7842,pathogenic
V202Q,0.4236,ambiguous
V202R,0.3889,ambiguous
V202S,0.4177,ambiguous
V202T,0.2719,benign
V202W,0.8542,pathogenic
V202Y,0.6484,pathogenic
K203A,0.5597,ambiguous
K203C,0.5304,ambiguous
K203D,0.8876,pathogenic
K203E,0.2618,benign
K203F,0.7486,pathogenic
K203G,0.6394,pathogenic
K203H,0.3245,benign
K203I,0.4368,ambiguous
K203L,0.3868,ambiguous
K203M,0.2952,benign
K203N,0.7005,pathogenic
K203P,0.9521,pathogenic
K203Q,0.1507,benign
K203R,0.0685,benign
K203S,0.6753,pathogenic
K203T,0.4085,ambiguous
K203V,0.4041,ambiguous
K203W,0.6528,pathogenic
K203Y,0.6241,pathogenic
K204A,0.3958,ambiguous
K204C,0.5368,ambiguous
K204D,0.5811,pathogenic
K204E,0.1121,benign
K204F,0.7022,pathogenic
K204G,0.4171,ambiguous
K204H,0.3127,benign
K204I,0.307,benign
K204L,0.3148,benign
K204M,0.1851,benign
K204N,0.3271,benign
K204P,0.7835,pathogenic
K204Q,0.1208,benign
K204R,0.0703,benign
K204S,0.4093,ambiguous
K204T,0.1467,benign
K204V,0.2763,benign
K204W,0.6088,pathogenic
K204Y,0.4936,ambiguous
N205A,0.7126,pathogenic
N205C,0.7307,pathogenic
N205D,0.1602,benign
N205E,0.7368,pathogenic
N205F,0.8916,pathogenic
N205G,0.6618,pathogenic
N205H,0.4655,ambiguous
N205I,0.6974,pathogenic
N205K,0.755,pathogenic
N205L,0.7491,pathogenic
N205M,0.7237,pathogenic
N205P,0.9601,pathogenic
N205Q,0.7433,pathogenic
N205R,0.79,pathogenic
N205S,0.31,benign
N205T,0.5693,pathogenic
N205V,0.7234,pathogenic
N205W,0.9492,pathogenic
N205Y,0.4216,ambiguous
L206A,0.6141,pathogenic
L206C,0.5411,ambiguous
L206D,0.9661,pathogenic
L206E,0.815,pathogenic
L206F,0.5015,ambiguous
L206G,0.8008,pathogenic
L206H,0.6437,pathogenic
L206I,0.2312,benign
L206K,0.4178,ambiguous
L206M,0.2452,benign
L206N,0.8471,pathogenic
L206P,0.8452,pathogenic
L206Q,0.4013,ambiguous
L206R,0.2995,benign
L206S,0.7628,pathogenic
L206T,0.6537,pathogenic
L206V,0.2118,benign
L206W,0.7014,pathogenic
L206Y,0.7843,pathogenic
T207A,0.1911,benign
T207C,0.5667,pathogenic
T207D,0.4219,ambiguous
T207E,0.4352,ambiguous
T207F,0.5881,pathogenic
T207G,0.4377,ambiguous
T207H,0.4221,ambiguous
T207I,0.5909,pathogenic
T207K,0.3488,ambiguous
T207L,0.2471,benign
T207M,0.1638,benign
T207N,0.2046,benign
T207P,0.3152,benign
T207Q,0.3721,ambiguous
T207R,0.2672,benign
T207S,0.1535,benign
T207V,0.4873,ambiguous
T207W,0.7656,pathogenic
T207Y,0.5339,ambiguous
A208C,0.7125,pathogenic
A208D,0.7626,pathogenic
A208E,0.7558,pathogenic
A208F,0.7514,pathogenic
A208G,0.2104,benign
A208H,0.8393,pathogenic
A208I,0.7083,pathogenic
A208K,0.8462,pathogenic
A208L,0.6853,pathogenic
A208M,0.6898,pathogenic
A208N,0.7409,pathogenic
A208P,0.7859,pathogenic
A208Q,0.7802,pathogenic
A208R,0.7498,pathogenic
A208S,0.1227,benign
A208T,0.2496,benign
A208V,0.3761,ambiguous
A208W,0.9557,pathogenic
A208Y,0.8382,pathogenic
S209A,0.065,benign
S209C,0.1177,benign
S209D,0.2327,benign
S209E,0.222,benign
S209F,0.1604,benign
S209G,0.1038,benign
S209H,0.2276,benign
S209I,0.1297,benign
S209K,0.2766,benign
S209L,0.0808,benign
S209M,0.176,benign
S209N,0.1451,benign
S209P,0.1929,benign
S209Q,0.2541,benign
S209R,0.2088,benign
S209T,0.0834,benign
S209V,0.1403,benign
S209W,0.1911,benign
S209Y,0.1427,benign
D210A,0.1027,benign
D210C,0.4519,ambiguous
D210E,0.0994,benign
D210F,0.5726,pathogenic
D210G,0.1044,benign
D210H,0.2441,benign
D210I,0.3752,ambiguous
D210K,0.231,benign
D210L,0.3218,benign
D210M,0.5148,ambiguous
D210N,0.1174,benign
D210P,0.8674,pathogenic
D210Q,0.1718,benign
D210R,0.247,benign
D210S,0.1345,benign
D210T,0.2503,benign
D210V,0.2105,benign
D210W,0.8267,pathogenic
D210Y,0.2369,benign
M211A,0.9524,pathogenic
M211C,0.9726,pathogenic
M211D,0.9961,pathogenic
M211E,0.9736,pathogenic
M211F,0.8266,pathogenic
M211G,0.9867,pathogenic
M211H,0.9901,pathogenic
M211I,0.7801,pathogenic
M211K,0.9286,pathogenic
M211L,0.5746,pathogenic
M211N,0.9806,pathogenic
M211P,0.9977,pathogenic
M211Q,0.9143,pathogenic
M211R,0.935,pathogenic
M211S,0.9641,pathogenic
M211T,0.9046,pathogenic
M211V,0.421,ambiguous
M211W,0.9829,pathogenic
M211Y,0.9821,pathogenic
T212A,0.0628,benign
T212C,0.3127,benign
T212D,0.2961,benign
T212E,0.1479,benign
T212F,0.1701,benign
T212G,0.2018,benign
T212H,0.1702,benign
T212I,0.0962,benign
T212K,0.0867,benign
T212L,0.0739,benign
T212M,0.0722,benign
T212N,0.1023,benign
T212P,0.3722,ambiguous
T212Q,0.1301,benign
T212R,0.0745,benign
T212S,0.1173,benign
T212V,0.1039,benign
T212W,0.4381,ambiguous
T212Y,0.184,benign
T213A,0.0621,benign
T213C,0.3162,benign
T213D,0.2293,benign
T213E,0.1365,benign
T213F,0.1952,benign
T213G,0.1856,benign
T213H,0.1605,benign
T213I,0.1153,benign
T213K,0.0726,benign
T213L,0.0773,benign
T213M,0.0774,benign
T213N,0.1129,benign
T213P,0.3669,ambiguous
T213Q,0.1261,benign
T213R,0.0578,benign
T213S,0.1048,benign
T213V,0.1031,benign
T213W,0.3898,ambiguous
T213Y,0.2162,benign
E214A,0.0978,benign
E214C,0.6978,pathogenic
E214D,0.5228,ambiguous
E214F,0.7634,pathogenic
E214G,0.301,benign
E214H,0.5288,ambiguous
E214I,0.3029,benign
E214K,0.2317,benign
E214L,0.4516,ambiguous
E214M,0.4527,ambiguous
E214N,0.5409,ambiguous
E214P,0.9359,pathogenic
E214Q,0.1586,benign
E214R,0.3279,benign
E214S,0.2677,benign
E214T,0.2189,benign
E214V,0.1405,benign
E214W,0.9181,pathogenic
E214Y,0.6538,pathogenic
L215A,0.6162,pathogenic
L215C,0.8066,pathogenic
L215D,0.9918,pathogenic
L215E,0.9517,pathogenic
L215F,0.6079,pathogenic
L215G,0.912,pathogenic
L215H,0.9447,pathogenic
L215I,0.122,benign
L215K,0.9299,pathogenic
L215M,0.175,benign
L215N,0.9657,pathogenic
L215P,0.9461,pathogenic
L215Q,0.8769,pathogenic
L215R,0.8807,pathogenic
L215S,0.8976,pathogenic
L215T,0.565,pathogenic
L215V,0.1175,benign
L215W,0.823,pathogenic
L215Y,0.9245,pathogenic
E216A,0.0827,benign
E216C,0.5385,ambiguous
E216D,0.214,benign
E216F,0.478,ambiguous
E216G,0.1155,benign
E216H,0.2445,benign
E216I,0.1733,benign
E216K,0.0637,benign
E216L,0.1709,benign
E216M,0.2074,benign
E216N,0.2138,benign
E216P,0.766,pathogenic
E216Q,0.0795,benign
E216R,0.0906,benign
E216S,0.1522,benign
E216T,0.1332,benign
E216V,0.1138,benign
E216W,0.6153,pathogenic
E216Y,0.3439,ambiguous
A217C,0.3672,ambiguous
A217D,0.1297,benign
A217E,0.1447,benign
A217F,0.2653,benign
A217G,0.1239,benign
A217H,0.3002,benign
A217I,0.2147,benign
A217K,0.2032,benign
A217L,0.1572,benign
A217M,0.2064,benign
A217N,0.1408,benign
A217P,0.6698,pathogenic
A217Q,0.2125,benign
A217R,0.1822,benign
A217S,0.0942,benign
A217T,0.091,benign
A217V,0.1197,benign
A217W,0.549,ambiguous
A217Y,0.2781,benign
F218A,0.9629,pathogenic
F218C,0.954,pathogenic
F218D,0.9934,pathogenic
F218E,0.9928,pathogenic
F218G,0.9905,pathogenic
F218H,0.9733,pathogenic
F218I,0.8146,pathogenic
F218K,0.9948,pathogenic
F218L,0.9851,pathogenic
F218M,0.938,pathogenic
F218N,0.9865,pathogenic
F218P,0.999,pathogenic
F218Q,0.993,pathogenic
F218R,0.9844,pathogenic
F218S,0.9569,pathogenic
F218T,0.9638,pathogenic
F218V,0.7841,pathogenic
F218W,0.8482,pathogenic
F218Y,0.6158,pathogenic
A219C,0.4524,ambiguous
A219D,0.8519,pathogenic
A219E,0.73,pathogenic
A219F,0.6629,pathogenic
A219G,0.2234,benign
A219H,0.7859,pathogenic
A219I,0.4692,ambiguous
A219K,0.7563,pathogenic
A219L,0.4324,ambiguous
A219M,0.5469,ambiguous
A219N,0.7242,pathogenic
A219P,0.8741,pathogenic
A219Q,0.6212,pathogenic
A219R,0.5625,ambiguous
A219S,0.114,benign
A219T,0.2022,benign
A219V,0.2447,benign
A219W,0.8978,pathogenic
A219Y,0.7729,pathogenic
H220A,0.0957,benign
H220C,0.0814,benign
H220D,0.0978,benign
H220E,0.1544,benign
H220F,0.2307,benign
H220G,0.1104,benign
H220I,0.2005,benign
H220K,0.1089,benign
H220L,0.0763,benign
H220M,0.2921,benign
H220N,0.0727,benign
H220P,0.4393,ambiguous
H220Q,0.0868,benign
H220R,0.054,benign
H220S,0.0936,benign
H220T,0.1326,benign
H220V,0.1482,benign
H220W,0.2597,benign
H220Y,0.0815,benign
R221A,0.6438,pathogenic
R221C,0.1417,benign
R221D,0.7366,pathogenic
R221E,0.555,ambiguous
R221F,0.6125,pathogenic
R221G,0.4503,ambiguous
R221H,0.1105,benign
R221I,0.3875,ambiguous
R221K,0.1872,benign
R221L,0.2575,benign
R221M,0.4523,ambiguous
R221N,0.6507,pathogenic
R221P,0.8988,pathogenic
R221Q,0.1361,benign
R221S,0.6138,pathogenic
R221T,0.5214,ambiguous
R221V,0.5507,ambiguous
R221W,0.1872,benign
R221Y,0.4051,ambiguous
P222A,0.0845,benign
P222C,0.4066,ambiguous
P222D,0.2497,benign
P222E,0.1233,benign
P222F,0.4768,ambiguous
P222G,0.2726,benign
P222H,0.1622,benign
P222I,0.2376,benign
P222K,0.1168,benign
P222L,0.1006,benign
P222M,0.2344,benign
P222N,0.2478,benign
P222Q,0.0997,benign
P222R,0.1022,benign
P222S,0.1222,benign
P222T,0.0913,benign
P222V,0.1712,benign
P222W,0.4397,ambiguous
P222Y,0.3834,ambiguous
E223A,0.2948,benign
E223C,0.9013,pathogenic
E223D,0.3939,ambiguous
E223F,0.9171,pathogenic
E223G,0.3707,ambiguous
E223H,0.7611,pathogenic
E223I,0.5934,pathogenic
E223K,0.3056,benign
E223L,0.7365,pathogenic
E223M,0.7097,pathogenic
E223N,0.6402,pathogenic
E223P,0.8622,pathogenic
E223Q,0.2464,benign
E223R,0.4683,ambiguous
E223S,0.4631,ambiguous
E223T,0.5462,ambiguous
E223V,0.4424,ambiguous
E223W,0.9445,pathogenic
E223Y,0.8238,pathogenic
H224A,0.9589,pathogenic
H224C,0.7637,pathogenic
H224D,0.9199,pathogenic
H224E,0.9503,pathogenic
H224F,0.8237,pathogenic
H224G,0.9378,pathogenic
H224I,0.8993,pathogenic
H224K,0.9202,pathogenic
H224L,0.4463,ambiguous
H224M,0.8977,pathogenic
H224N,0.6978,pathogenic
H224P,0.8319,pathogenic
H224Q,0.9055,pathogenic
H224R,0.8549,pathogenic
H224S,0.9603,pathogenic
H224T,0.9642,pathogenic
H224V,0.9258,pathogenic
H224W,0.8032,pathogenic
H224Y,0.6197,pathogenic
K225A,0.1577,benign
K225C,0.4425,ambiguous
K225D,0.3443,ambiguous
K225E,0.0753,benign
K225F,0.5231,ambiguous
K225G,0.2406,benign
K225H,0.2255,benign
K225I,0.1634,benign
K225L,0.1784,benign
K225M,0.1296,benign
K225N,0.251,benign
K225P,0.7564,pathogenic
K225Q,0.0881,benign
K225R,0.0665,benign
K225S,0.2265,benign
K225T,0.1123,benign
K225V,0.1527,benign
K225W,0.5386,ambiguous
K225Y,0.3929,ambiguous
T226A,0.0859,benign
T226C,0.3555,ambiguous
T226D,0.1869,benign
T226E,0.1879,benign
T226F,0.1795,benign
T226G,0.2005,benign
T226H,0.1523,benign
T226I,0.2171,benign
T226K,0.1243,benign
T226L,0.1004,benign
T226M,0.0856,benign
T226N,0.0845,benign
T226P,0.2962,benign
T226Q,0.1557,benign
T226R,0.1028,benign
T226S,0.0956,benign
T226V,0.1891,benign
T226W,0.4635,ambiguous
T226Y,0.1731,benign
S227A,0.1651,benign
S227C,0.3238,benign
S227D,0.9593,pathogenic
S227E,0.9654,pathogenic
S227F,0.8508,pathogenic
S227G,0.3814,ambiguous
S227H,0.9376,pathogenic
S227I,0.8527,pathogenic
S227K,0.9921,pathogenic
S227L,0.467,ambiguous
S227M,0.7196,pathogenic
S227N,0.8527,pathogenic
S227P,0.9522,pathogenic
S227Q,0.9552,pathogenic
S227R,0.9768,pathogenic
S227T,0.3032,benign
S227V,0.7199,pathogenic
S227W,0.8855,pathogenic
S227Y,0.8071,pathogenic
D228A,0.9149,pathogenic
D228C,0.9765,pathogenic
D228E,0.9398,pathogenic
D228F,0.987,pathogenic
D228G,0.8949,pathogenic
D228H,0.9452,pathogenic
D228I,0.983,pathogenic
D228K,0.9871,pathogenic
D228L,0.9789,pathogenic
D228M,0.9955,pathogenic
D228N,0.726,pathogenic
D228P,0.988,pathogenic
D228Q,0.9818,pathogenic
D228R,0.9774,pathogenic
D228S,0.7792,pathogenic
D228T,0.9581,pathogenic
D228V,0.9412,pathogenic
D228W,0.9979,pathogenic
D228Y,0.9068,pathogenic
S229A,0.4361,ambiguous
S229C,0.6217,pathogenic
S229D,0.9841,pathogenic
S229E,0.9939,pathogenic
S229F,0.9752,pathogenic
S229G,0.5051,ambiguous
S229H,0.9806,pathogenic
S229I,0.9586,pathogenic
S229K,0.9987,pathogenic
S229L,0.8718,pathogenic
S229M,0.9239,pathogenic
S229N,0.9337,pathogenic
S229P,0.9907,pathogenic
S229Q,0.9906,pathogenic
S229R,0.9956,pathogenic
S229T,0.6377,pathogenic
S229V,0.9498,pathogenic
S229W,0.983,pathogenic
S229Y,0.967,pathogenic
T230A,0.1,benign
T230C,0.3395,benign
T230D,0.9632,pathogenic
T230E,0.9556,pathogenic
T230F,0.7579,pathogenic
T230G,0.6265,pathogenic
T230H,0.8594,pathogenic
T230I,0.4917,ambiguous
T230K,0.9301,pathogenic
T230L,0.2549,benign
T230M,0.1782,benign
T230N,0.6908,pathogenic
T230P,0.844,pathogenic
T230Q,0.865,pathogenic
T230R,0.8394,pathogenic
T230S,0.2817,benign
T230V,0.2586,benign
T230W,0.9745,pathogenic
T230Y,0.8702,pathogenic
F231A,0.97,pathogenic
F231C,0.8134,pathogenic
F231D,0.9979,pathogenic
F231E,0.9981,pathogenic
F231G,0.9938,pathogenic
F231H,0.9835,pathogenic
F231I,0.396,ambiguous
F231K,0.9982,pathogenic
F231L,0.9514,pathogenic
F231M,0.8482,pathogenic
F231N,0.9922,pathogenic
F231P,0.9989,pathogenic
F231Q,0.9965,pathogenic
F231R,0.9937,pathogenic
F231S,0.9649,pathogenic
F231T,0.9767,pathogenic
F231V,0.4619,ambiguous
F231W,0.8917,pathogenic
F231Y,0.6741,pathogenic
L232A,0.6702,pathogenic
L232C,0.6324,pathogenic
L232D,0.9938,pathogenic
L232E,0.9746,pathogenic
L232F,0.4124,ambiguous
L232G,0.9462,pathogenic
L232H,0.8932,pathogenic
L232I,0.0946,benign
L232K,0.97,pathogenic
L232M,0.2867,benign
L232N,0.9721,pathogenic
L232P,0.9391,pathogenic
L232Q,0.9171,pathogenic
L232R,0.9164,pathogenic
L232S,0.8914,pathogenic
L232T,0.6843,pathogenic
L232V,0.0706,benign
L232W,0.8144,pathogenic
L232Y,0.8894,pathogenic
V233A,0.7822,pathogenic
V233C,0.9071,pathogenic
V233D,0.9768,pathogenic
V233E,0.9757,pathogenic
V233F,0.7312,pathogenic
V233G,0.8009,pathogenic
V233H,0.9876,pathogenic
V233I,0.1502,benign
V233K,0.988,pathogenic
V233L,0.8001,pathogenic
V233M,0.8251,pathogenic
V233N,0.9547,pathogenic
V233P,0.9818,pathogenic
V233Q,0.9744,pathogenic
V233R,0.9658,pathogenic
V233S,0.8655,pathogenic
V233T,0.8419,pathogenic
V233W,0.9926,pathogenic
V233Y,0.9666,pathogenic
F234A,0.9355,pathogenic
F234C,0.6543,pathogenic
F234D,0.9934,pathogenic
F234E,0.9944,pathogenic
F234G,0.9788,pathogenic
F234H,0.9741,pathogenic
F234I,0.2637,benign
F234K,0.9943,pathogenic
F234L,0.7139,pathogenic
F234M,0.6765,pathogenic
F234N,0.9842,pathogenic
F234P,0.9935,pathogenic
F234Q,0.9916,pathogenic
F234R,0.986,pathogenic
F234S,0.9556,pathogenic
F234T,0.9529,pathogenic
F234V,0.3705,ambiguous
F234W,0.8239,pathogenic
F234Y,0.6317,pathogenic
M235A,0.9368,pathogenic
M235C,0.9161,pathogenic
M235D,0.9967,pathogenic
M235E,0.98,pathogenic
M235F,0.8163,pathogenic
M235G,0.9739,pathogenic
M235H,0.9662,pathogenic
M235I,0.9781,pathogenic
M235K,0.9287,pathogenic
M235L,0.4588,ambiguous
M235N,0.9741,pathogenic
M235P,0.9911,pathogenic
M235Q,0.8438,pathogenic
M235R,0.9327,pathogenic
M235S,0.8944,pathogenic
M235T,0.9324,pathogenic
M235V,0.8096,pathogenic
M235W,0.9769,pathogenic
M235Y,0.9784,pathogenic
S236A,0.6505,pathogenic
S236C,0.7615,pathogenic
S236D,0.9725,pathogenic
S236E,0.9873,pathogenic
S236F,0.9614,pathogenic
S236G,0.6094,pathogenic
S236H,0.9739,pathogenic
S236I,0.9646,pathogenic
S236K,0.9963,pathogenic
S236L,0.8633,pathogenic
S236M,0.934,pathogenic
S236N,0.931,pathogenic
S236P,0.9687,pathogenic
S236Q,0.9873,pathogenic
S236R,0.9919,pathogenic
S236T,0.4033,ambiguous
S236V,0.961,pathogenic
S236W,0.9456,pathogenic
S236Y,0.932,pathogenic
H237A,0.9729,pathogenic
H237C,0.8076,pathogenic
H237D,0.8938,pathogenic
H237E,0.961,pathogenic
H237F,0.9037,pathogenic
H237G,0.9723,pathogenic
H237I,0.9844,pathogenic
H237K,0.9233,pathogenic
H237L,0.8207,pathogenic
H237M,0.9813,pathogenic
H237N,0.8206,pathogenic
H237P,0.7692,pathogenic
H237Q,0.9467,pathogenic
H237R,0.7529,pathogenic
H237S,0.9338,pathogenic
H237T,0.9731,pathogenic
H237V,0.9782,pathogenic
H237W,0.7843,pathogenic
H237Y,0.6806,pathogenic
G238A,0.8864,pathogenic
G238C,0.9108,pathogenic
G238D,0.9595,pathogenic
G238E,0.9702,pathogenic
G238F,0.9877,pathogenic
G238H,0.9884,pathogenic
G238I,0.9722,pathogenic
G238K,0.9858,pathogenic
G238L,0.9838,pathogenic
G238M,0.9921,pathogenic
G238N,0.9849,pathogenic
G238P,0.997,pathogenic
G238Q,0.9805,pathogenic
G238R,0.9283,pathogenic
G238S,0.7877,pathogenic
G238T,0.9554,pathogenic
G238V,0.9403,pathogenic
G238W,0.9601,pathogenic
G238Y,0.981,pathogenic
I239A,0.4549,ambiguous
I239C,0.5714,pathogenic
I239D,0.4628,ambiguous
I239E,0.4021,ambiguous
I239F,0.1312,benign
I239G,0.551,ambiguous
I239H,0.4068,ambiguous
I239K,0.2604,benign
I239L,0.125,benign
I239M,0.1262,benign
I239N,0.1589,benign
I239P,0.8182,pathogenic
I239Q,0.3678,ambiguous
I239R,0.2051,benign
I239S,0.2477,benign
I239T,0.2164,benign
I239V,0.1071,benign
I239W,0.6167,pathogenic
I239Y,0.3827,ambiguous
R240A,0.3609,ambiguous
R240C,0.2107,benign
R240D,0.6297,pathogenic
R240E,0.2666,benign
R240F,0.6031,pathogenic
R240G,0.2231,benign
R240H,0.1796,benign
R240I,0.3435,ambiguous
R240K,0.1389,benign
R240L,0.2248,benign
R240M,0.3639,ambiguous
R240N,0.5721,pathogenic
R240P,0.2566,benign
R240Q,0.0921,benign
R240S,0.464,ambiguous
R240T,0.2716,benign
R240V,0.4131,ambiguous
R240W,0.1741,benign
R240Y,0.4476,ambiguous
E241A,0.1397,benign
E241C,0.7323,pathogenic
E241D,0.0869,benign
E241F,0.6793,pathogenic
E241G,0.1058,benign
E241H,0.3887,ambiguous
E241I,0.4498,ambiguous
E241K,0.1507,benign
E241L,0.4039,ambiguous
E241M,0.4755,ambiguous
E241N,0.1856,benign
E241P,0.5511,ambiguous
E241Q,0.1625,benign
E241R,0.2368,benign
E241S,0.1805,benign
E241T,0.2144,benign
E241V,0.2601,benign
E241W,0.7519,pathogenic
E241Y,0.4633,ambiguous
G242A,0.3689,ambiguous
G242C,0.5898,pathogenic
G242D,0.7664,pathogenic
G242E,0.7626,pathogenic
G242F,0.8881,pathogenic
G242H,0.9077,pathogenic
G242I,0.7678,pathogenic
G242K,0.8819,pathogenic
G242L,0.8957,pathogenic
G242M,0.8658,pathogenic
G242N,0.8151,pathogenic
G242P,0.9916,pathogenic
G242Q,0.8498,pathogenic
G242R,0.7736,pathogenic
G242S,0.387,ambiguous
G242T,0.6402,pathogenic
G242V,0.6139,pathogenic
G242W,0.7903,pathogenic
G242Y,0.7796,pathogenic
I243A,0.9564,pathogenic
I243C,0.9535,pathogenic
I243D,0.9888,pathogenic
I243E,0.9835,pathogenic
I243F,0.4844,ambiguous
I243G,0.983,pathogenic
I243H,0.9687,pathogenic
I243K,0.9566,pathogenic
I243L,0.2362,benign
I243M,0.4159,ambiguous
I243N,0.8951,pathogenic
I243P,0.9696,pathogenic
I243Q,0.9756,pathogenic
I243R,0.933,pathogenic
I243S,0.9352,pathogenic
I243T,0.9328,pathogenic
I243V,0.1965,benign
I243W,0.9563,pathogenic
I243Y,0.8803,pathogenic
C244A,0.7333,pathogenic
C244D,0.9625,pathogenic
C244E,0.9682,pathogenic
C244F,0.3752,ambiguous
C244G,0.5503,ambiguous
C244H,0.815,pathogenic
C244I,0.7067,pathogenic
C244K,0.9432,pathogenic
C244L,0.5763,pathogenic
C244M,0.8355,pathogenic
C244N,0.9075,pathogenic
C244P,0.9683,pathogenic
C244Q,0.9007,pathogenic
C244R,0.674,pathogenic
C244S,0.7217,pathogenic
C244T,0.8515,pathogenic
C244V,0.6779,pathogenic
C244W,0.6902,pathogenic
C244Y,0.5002,ambiguous
G245A,0.7112,pathogenic
G245C,0.8533,pathogenic
G245D,0.9308,pathogenic
G245E,0.9266,pathogenic
G245F,0.9773,pathogenic
G245H,0.9798,pathogenic
G245I,0.9626,pathogenic
G245K,0.971,pathogenic
G245L,0.9603,pathogenic
G245M,0.9845,pathogenic
G245N,0.9711,pathogenic
G245P,0.9894,pathogenic
G245Q,0.9543,pathogenic
G245R,0.8414,pathogenic
G245S,0.5823,pathogenic
G245T,0.9126,pathogenic
G245V,0.9073,pathogenic
G245W,0.9277,pathogenic
G245Y,0.9728,pathogenic
K246A,0.5038,ambiguous
K246C,0.7422,pathogenic
K246D,0.84,pathogenic
K246E,0.2566,benign
K246F,0.8293,pathogenic
K246G,0.6307,pathogenic
K246H,0.611,pathogenic
K246I,0.24,benign
K246L,0.4403,ambiguous
K246M,0.2125,benign
K246N,0.606,pathogenic
K246P,0.8692,pathogenic
K246Q,0.1989,benign
K246R,0.0947,benign
K246S,0.5651,pathogenic
K246T,0.1311,benign
K246V,0.2385,benign
K246W,0.8324,pathogenic
K246Y,0.7513,pathogenic
K247A,0.2352,benign
K247C,0.5209,ambiguous
K247D,0.3339,benign
K247E,0.1125,benign
K247F,0.5306,ambiguous
K247G,0.2881,benign
K247H,0.2433,benign
K247I,0.2369,benign
K247L,0.1989,benign
K247M,0.1209,benign
K247N,0.1651,benign
K247P,0.7719,pathogenic
K247Q,0.1008,benign
K247R,0.0789,benign
K247S,0.2406,benign
K247T,0.1212,benign
K247V,0.2355,benign
K247W,0.5766,pathogenic
K247Y,0.3541,ambiguous
H248A,0.4473,ambiguous
H248C,0.1888,benign
H248D,0.3796,ambiguous
H248E,0.5632,ambiguous
H248F,0.1816,benign
H248G,0.4302,ambiguous
H248I,0.472,ambiguous
H248K,0.5694,pathogenic
H248L,0.2545,benign
H248M,0.6259,pathogenic
H248N,0.1705,benign
H248P,0.3477,ambiguous
H248Q,0.4143,ambiguous
H248R,0.294,benign
H248S,0.3288,benign
H248T,0.4685,ambiguous
H248V,0.4133,ambiguous
H248W,0.2942,benign
H248Y,0.0543,benign
S249A,0.137,benign
S249C,0.1254,benign
S249D,0.2517,benign
S249E,0.4781,ambiguous
S249F,0.3205,benign
S249G,0.0872,benign
S249H,0.3212,benign
S249I,0.2573,benign
S249K,0.5011,ambiguous
S249L,0.1487,benign
S249M,0.3032,benign
S249N,0.1325,benign
S249P,0.5368,ambiguous
S249Q,0.4564,ambiguous
S249R,0.3493,ambiguous
S249T,0.1028,benign
S249V,0.2972,benign
S249W,0.3729,ambiguous
S249Y,0.2505,benign
E250A,0.1033,benign
E250C,0.5595,ambiguous
E250D,0.0944,benign
E250F,0.4291,ambiguous
E250G,0.0738,benign
E250H,0.2425,benign
E250I,0.2119,benign
E250K,0.0735,benign
E250L,0.2012,benign
E250M,0.287,benign
E250N,0.1526,benign
E250P,0.1782,benign
E250Q,0.1003,benign
E250R,0.1142,benign
E250S,0.121,benign
E250T,0.1573,benign
E250V,0.136,benign
E250W,0.5814,pathogenic
E250Y,0.3032,benign
Q251A,0.1251,benign
Q251C,0.4438,ambiguous
Q251D,0.1331,benign
Q251E,0.0569,benign
Q251F,0.4592,ambiguous
Q251G,0.1181,benign
Q251H,0.147,benign
Q251I,0.2223,benign
Q251K,0.066,benign
Q251L,0.1008,benign
Q251M,0.2259,benign
Q251N,0.1283,benign
Q251P,0.1168,benign
Q251R,0.0852,benign
Q251S,0.1426,benign
Q251T,0.1119,benign
Q251V,0.1554,benign
Q251W,0.3048,benign
Q251Y,0.2615,benign
V252A,0.1453,benign
V252C,0.4936,ambiguous
V252D,0.0994,benign
V252E,0.1222,benign
V252F,0.1055,benign
V252G,0.1333,benign
V252H,0.2506,benign
V252I,0.0887,benign
V252K,0.1659,benign
V252L,0.1743,benign
V252M,0.1514,benign
V252N,0.1014,benign
V252P,0.4679,ambiguous
V252Q,0.1604,benign
V252R,0.1577,benign
V252S,0.128,benign
V252T,0.1631,benign
V252W,0.6038,pathogenic
V252Y,0.257,benign
P253A,0.0899,benign
P253C,0.347,ambiguous
P253D,0.2509,benign
P253E,0.1925,benign
P253F,0.4845,ambiguous
P253G,0.2251,benign
P253H,0.1642,benign
P253I,0.3489,ambiguous
P253K,0.1814,benign
P253L,0.1441,benign
P253M,0.317,benign
P253N,0.2319,benign
P253Q,0.1382,benign
P253R,0.1245,benign
P253S,0.1083,benign
P253T,0.098,benign
P253V,0.2444,benign
P253W,0.4837,ambiguous
P253Y,0.3785,ambiguous
D254A,0.6844,pathogenic
D254C,0.901,pathogenic
D254E,0.6924,pathogenic
D254F,0.9428,pathogenic
D254G,0.5606,ambiguous
D254H,0.7682,pathogenic
D254I,0.8935,pathogenic
D254K,0.9034,pathogenic
D254L,0.8961,pathogenic
D254M,0.9653,pathogenic
D254N,0.395,ambiguous
D254P,0.9412,pathogenic
D254Q,0.8824,pathogenic
D254R,0.8692,pathogenic
D254S,0.5601,ambiguous
D254T,0.8121,pathogenic
D254V,0.7098,pathogenic
D254W,0.9839,pathogenic
D254Y,0.6214,pathogenic
I255A,0.5015,ambiguous
I255C,0.5862,pathogenic
I255D,0.6406,pathogenic
I255E,0.543,ambiguous
I255F,0.2068,benign
I255G,0.6941,pathogenic
I255H,0.5271,ambiguous
I255K,0.3943,ambiguous
I255L,0.1634,benign
I255M,0.1467,benign
I255N,0.2851,benign
I255P,0.8477,pathogenic
I255Q,0.4995,ambiguous
I255R,0.3021,benign
I255S,0.3561,ambiguous
I255T,0.2386,benign
I255V,0.0654,benign
I255W,0.7888,pathogenic
I255Y,0.4599,ambiguous
L256A,0.8869,pathogenic
L256C,0.827,pathogenic
L256D,0.9861,pathogenic
L256E,0.9383,pathogenic
L256F,0.2601,benign
L256G,0.9544,pathogenic
L256H,0.7618,pathogenic
L256I,0.1916,benign
L256K,0.8796,pathogenic
L256M,0.3241,benign
L256N,0.951,pathogenic
L256P,0.883,pathogenic
L256Q,0.776,pathogenic
L256R,0.7652,pathogenic
L256S,0.9174,pathogenic
L256T,0.8654,pathogenic
L256V,0.2592,benign
L256W,0.6034,pathogenic
L256Y,0.7541,pathogenic
Q257A,0.1839,benign
Q257C,0.4886,ambiguous
Q257D,0.1875,benign
Q257E,0.0753,benign
Q257F,0.5865,pathogenic
Q257G,0.1763,benign
Q257H,0.148,benign
Q257I,0.42,ambiguous
Q257K,0.0799,benign
Q257L,0.146,benign
Q257M,0.3834,ambiguous
Q257N,0.1813,benign
Q257P,0.0612,benign
Q257R,0.0893,benign
Q257S,0.1538,benign
Q257T,0.1817,benign
Q257V,0.2722,benign
Q257W,0.3873,ambiguous
Q257Y,0.3219,benign
L258A,0.3252,benign
L258C,0.4963,ambiguous
L258D,0.5295,ambiguous
L258E,0.3296,benign
L258F,0.1998,benign
L258G,0.4669,ambiguous
L258H,0.2763,benign
L258I,0.0808,benign
L258K,0.2755,benign
L258M,0.1378,benign
L258N,0.3061,benign
L258P,0.182,benign
L258Q,0.2031,benign
L258R,0.2294,benign
L258S,0.3472,ambiguous
L258T,0.1922,benign
L258V,0.0796,benign
L258W,0.2524,benign
L258Y,0.3474,ambiguous
N259A,0.282,benign
N259C,0.3543,ambiguous
N259D,0.067,benign
N259E,0.272,benign
N259F,0.6726,pathogenic
N259G,0.2671,benign
N259H,0.1135,benign
N259I,0.3662,ambiguous
N259K,0.3204,benign
N259L,0.3766,ambiguous
N259M,0.4938,ambiguous
N259P,0.3816,ambiguous
N259Q,0.3394,benign
N259R,0.3414,ambiguous
N259S,0.0948,benign
N259T,0.1537,benign
N259V,0.3599,ambiguous
N259W,0.7599,pathogenic
N259Y,0.2146,benign
A260C,0.3653,ambiguous
A260D,0.1053,benign
A260E,0.1125,benign
A260F,0.3112,benign
A260G,0.1324,benign
A260H,0.2496,benign
A260I,0.2116,benign
A260K,0.1918,benign
A260L,0.1856,benign
A260M,0.2096,benign
A260N,0.1395,benign
A260P,0.3957,ambiguous
A260Q,0.1924,benign
A260R,0.1916,benign
A260S,0.0852,benign
A260T,0.0645,benign
A260V,0.112,benign
A260W,0.574,pathogenic
A260Y,0.3118,benign
I261A,0.7513,pathogenic
I261C,0.8934,pathogenic
I261D,0.9784,pathogenic
I261E,0.9696,pathogenic
I261F,0.488,ambiguous
I261G,0.9593,pathogenic
I261H,0.9539,pathogenic
I261K,0.9342,pathogenic
I261L,0.2016,benign
I261M,0.2895,benign
I261N,0.8646,pathogenic
I261P,0.923,pathogenic
I261Q,0.9532,pathogenic
I261R,0.9012,pathogenic
I261S,0.8405,pathogenic
I261T,0.7493,pathogenic
I261V,0.0956,benign
I261W,0.9643,pathogenic
I261Y,0.8848,pathogenic
F262A,0.9485,pathogenic
F262C,0.798,pathogenic
F262D,0.9783,pathogenic
F262E,0.9797,pathogenic
F262G,0.9584,pathogenic
F262H,0.8736,pathogenic
F262I,0.7839,pathogenic
F262K,0.9781,pathogenic
F262L,0.9752,pathogenic
F262M,0.9174,pathogenic
F262N,0.9436,pathogenic
F262P,0.9936,pathogenic
F262Q,0.9644,pathogenic
F262R,0.9358,pathogenic
F262S,0.8745,pathogenic
F262T,0.9336,pathogenic
F262V,0.7793,pathogenic
F262W,0.5923,pathogenic
F262Y,0.319,benign
N263A,0.1307,benign
N263C,0.1675,benign
N263D,0.0898,benign
N263E,0.121,benign
N263F,0.4085,ambiguous
N263G,0.1749,benign
N263H,0.0666,benign
N263I,0.1765,benign
N263K,0.1095,benign
N263L,0.1462,benign
N263M,0.2252,benign
N263P,0.557,ambiguous
N263Q,0.1141,benign
N263R,0.1047,benign
N263S,0.0742,benign
N263T,0.0925,benign
N263V,0.1577,benign
N263W,0.4569,ambiguous
N263Y,0.1132,benign
M264A,0.2645,benign
M264C,0.4939,ambiguous
M264D,0.6521,pathogenic
M264E,0.4541,ambiguous
M264F,0.3192,benign
M264G,0.4569,ambiguous
M264H,0.318,benign
M264I,0.2748,benign
M264K,0.1192,benign
M264L,0.134,benign
M264N,0.3279,benign
M264P,0.8862,pathogenic
M264Q,0.2228,benign
M264R,0.1243,benign
M264S,0.2859,benign
M264T,0.1382,benign
M264V,0.1039,benign
M264W,0.5961,pathogenic
M264Y,0.439,ambiguous
L265A,0.8589,pathogenic
L265C,0.7545,pathogenic
L265D,0.9884,pathogenic
L265E,0.955,pathogenic
L265F,0.1454,benign
L265G,0.9462,pathogenic
L265H,0.7901,pathogenic
L265I,0.2388,benign
L265K,0.9215,pathogenic
L265M,0.217,benign
L265N,0.9565,pathogenic
L265P,0.8679,pathogenic
L265Q,0.8156,pathogenic
L265R,0.8378,pathogenic
L265S,0.9396,pathogenic
L265T,0.8581,pathogenic
L265V,0.2691,benign
L265W,0.4334,ambiguous
L265Y,0.7034,pathogenic
N266A,0.801,pathogenic
N266C,0.711,pathogenic
N266D,0.41,ambiguous
N266E,0.9514,pathogenic
N266F,0.9723,pathogenic
N266G,0.5851,pathogenic
N266H,0.5604,ambiguous
N266I,0.9003,pathogenic
N266K,0.9262,pathogenic
N266L,0.8859,pathogenic
N266M,0.9092,pathogenic
N266P,0.9525,pathogenic
N266Q,0.9107,pathogenic
N266R,0.8989,pathogenic
N266S,0.1976,benign
N266T,0.565,pathogenic
N266V,0.8971,pathogenic
N266W,0.9852,pathogenic
N266Y,0.7482,pathogenic
T267A,0.155,benign
T267C,0.665,pathogenic
T267D,0.6305,pathogenic
T267E,0.6617,pathogenic
T267F,0.7798,pathogenic
T267G,0.3664,ambiguous
T267H,0.5773,pathogenic
T267I,0.6423,pathogenic
T267K,0.6732,pathogenic
T267L,0.3665,ambiguous
T267M,0.2823,benign
T267N,0.1761,benign
T267P,0.238,benign
T267Q,0.5704,pathogenic
T267R,0.4953,ambiguous
T267S,0.145,benign
T267V,0.4639,ambiguous
T267W,0.9036,pathogenic
T267Y,0.6832,pathogenic
K268A,0.1937,benign
K268C,0.4013,ambiguous
K268D,0.385,ambiguous
K268E,0.1064,benign
K268F,0.5865,pathogenic
K268G,0.2283,benign
K268H,0.2516,benign
K268I,0.1871,benign
K268L,0.2179,benign
K268M,0.1634,benign
K268N,0.2643,benign
K268P,0.5392,ambiguous
K268Q,0.1012,benign
K268R,0.0632,benign
K268S,0.2269,benign
K268T,0.128,benign
K268V,0.1759,benign
K268W,0.4773,ambiguous
K268Y,0.4147,ambiguous
N269A,0.3269,benign
N269C,0.3055,benign
N269D,0.3221,benign
N269E,0.4587,ambiguous
N269F,0.489,ambiguous
N269G,0.4049,ambiguous
N269H,0.102,benign
N269I,0.2479,benign
N269K,0.2544,benign
N269L,0.3794,ambiguous
N269M,0.3933,ambiguous
N269P,0.9113,pathogenic
N269Q,0.3295,benign
N269R,0.2567,benign
N269S,0.1559,benign
N269T,0.2051,benign
N269V,0.2751,benign
N269W,0.7033,pathogenic
N269Y,0.1228,benign
C270A,0.8363,pathogenic
C270D,0.9864,pathogenic
C270E,0.9943,pathogenic
C270F,0.7988,pathogenic
C270G,0.8323,pathogenic
C270H,0.9325,pathogenic
C270I,0.9302,pathogenic
C270K,0.9922,pathogenic
C270L,0.9098,pathogenic
C270M,0.9642,pathogenic
C270N,0.9465,pathogenic
C270P,0.9933,pathogenic
C270Q,0.9731,pathogenic
C270R,0.9121,pathogenic
C270S,0.7493,pathogenic
C270T,0.925,pathogenic
C270V,0.8897,pathogenic
C270W,0.9466,pathogenic
C270Y,0.8705,pathogenic
P271A,0.1149,benign
P271C,0.3927,ambiguous
P271D,0.477,ambiguous
P271E,0.2844,benign
P271F,0.4339,ambiguous
P271G,0.3666,ambiguous
P271H,0.1819,benign
P271I,0.2536,benign
P271K,0.2227,benign
P271L,0.1265,benign
P271M,0.3404,ambiguous
P271N,0.3865,ambiguous
P271Q,0.1596,benign
P271R,0.1229,benign
P271S,0.1588,benign
P271T,0.137,benign
P271V,0.2004,benign
P271W,0.5247,ambiguous
P271Y,0.3935,ambiguous
S272A,0.0837,benign
S272C,0.0844,benign
S272D,0.2456,benign
S272E,0.4059,ambiguous
S272F,0.1815,benign
S272G,0.0764,benign
S272H,0.2028,benign
S272I,0.1641,benign
S272K,0.4495,ambiguous
S272L,0.1062,benign
S272M,0.2182,benign
S272N,0.0963,benign
S272P,0.3774,ambiguous
S272Q,0.348,ambiguous
S272R,0.3267,benign
S272T,0.1264,benign
S272V,0.196,benign
S272W,0.2613,benign
S272Y,0.1343,benign
L273A,0.9314,pathogenic
L273C,0.9489,pathogenic
L273D,0.9953,pathogenic
L273E,0.9699,pathogenic
L273F,0.7677,pathogenic
L273G,0.9686,pathogenic
L273H,0.9461,pathogenic
L273I,0.5605,ambiguous
L273K,0.9468,pathogenic
L273M,0.4772,ambiguous
L273N,0.9799,pathogenic
L273P,0.9661,pathogenic
L273Q,0.8718,pathogenic
L273R,0.8778,pathogenic
L273S,0.9605,pathogenic
L273T,0.9304,pathogenic
L273V,0.5874,pathogenic
L273W,0.9044,pathogenic
L273Y,0.9653,pathogenic
K274A,0.3642,ambiguous
K274C,0.6842,pathogenic
K274D,0.804,pathogenic
K274E,0.2218,benign
K274F,0.7617,pathogenic
K274G,0.5717,pathogenic
K274H,0.4387,ambiguous
K274I,0.2692,benign
K274L,0.3272,benign
K274M,0.2034,benign
K274N,0.6162,pathogenic
K274P,0.9065,pathogenic
K274Q,0.1548,benign
K274R,0.079,benign
K274S,0.5503,ambiguous
K274T,0.2114,benign
K274V,0.2861,benign
K274W,0.7389,pathogenic
K274Y,0.6585,pathogenic
D275A,0.5561,ambiguous
D275C,0.8042,pathogenic
D275E,0.4732,ambiguous
D275F,0.788,pathogenic
D275G,0.185,benign
D275H,0.5605,ambiguous
D275I,0.8205,pathogenic
D275K,0.8161,pathogenic
D275L,0.7518,pathogenic
D275M,0.9106,pathogenic
D275N,0.1397,benign
D275P,0.9698,pathogenic
D275Q,0.7438,pathogenic
D275R,0.7725,pathogenic
D275S,0.3413,ambiguous
D275T,0.6879,pathogenic
D275V,0.6136,pathogenic
D275W,0.9314,pathogenic
D275Y,0.3239,benign
K276A,0.9793,pathogenic
K276C,0.9711,pathogenic
K276D,0.9968,pathogenic
K276E,0.9725,pathogenic
K276F,0.9955,pathogenic
K276G,0.9899,pathogenic
K276H,0.9324,pathogenic
K276I,0.9111,pathogenic
K276L,0.9414,pathogenic
K276M,0.8783,pathogenic
K276N,0.9818,pathogenic
K276P,0.9944,pathogenic
K276Q,0.8974,pathogenic
K276R,0.3485,ambiguous
K276S,0.9883,pathogenic
K276T,0.9084,pathogenic
K276V,0.9313,pathogenic
K276W,0.9958,pathogenic
K276Y,0.9857,pathogenic
P277A,0.8709,pathogenic
P277C,0.9885,pathogenic
P277D,0.9961,pathogenic
P277E,0.9896,pathogenic
P277F,0.9979,pathogenic
P277G,0.9852,pathogenic
P277H,0.9809,pathogenic
P277I,0.9821,pathogenic
P277K,0.9875,pathogenic
P277L,0.8945,pathogenic
P277M,0.9901,pathogenic
P277N,0.9963,pathogenic
P277Q,0.9778,pathogenic
P277R,0.9574,pathogenic
P277S,0.9769,pathogenic
P277T,0.9599,pathogenic
P277V,0.9634,pathogenic
P277W,0.998,pathogenic
P277Y,0.9964,pathogenic
K278A,0.9496,pathogenic
K278C,0.9791,pathogenic
K278D,0.9942,pathogenic
K278E,0.9217,pathogenic
K278F,0.9942,pathogenic
K278G,0.9851,pathogenic
K278H,0.9468,pathogenic
K278I,0.9382,pathogenic
K278L,0.935,pathogenic
K278M,0.843,pathogenic
K278N,0.9811,pathogenic
K278P,0.9912,pathogenic
K278Q,0.8831,pathogenic
K278R,0.4114,ambiguous
K278S,0.9725,pathogenic
K278T,0.839,pathogenic
K278V,0.9085,pathogenic
K278W,0.9928,pathogenic
K278Y,0.9897,pathogenic
V279A,0.8064,pathogenic
V279C,0.934,pathogenic
V279D,0.9627,pathogenic
V279E,0.9488,pathogenic
V279F,0.602,pathogenic
V279G,0.7553,pathogenic
V279H,0.9846,pathogenic
V279I,0.1015,benign
V279K,0.9696,pathogenic
V279L,0.6313,pathogenic
V279M,0.5665,pathogenic
V279N,0.938,pathogenic
V279P,0.9843,pathogenic
V279Q,0.9641,pathogenic
V279R,0.9517,pathogenic
V279S,0.9241,pathogenic
V279T,0.8992,pathogenic
V279W,0.9836,pathogenic
V279Y,0.9301,pathogenic
I280A,0.9469,pathogenic
I280C,0.9372,pathogenic
I280D,0.9963,pathogenic
I280E,0.9929,pathogenic
I280F,0.5404,ambiguous
I280G,0.9881,pathogenic
I280H,0.982,pathogenic
I280K,0.9824,pathogenic
I280L,0.3482,ambiguous
I280M,0.3819,ambiguous
I280N,0.9506,pathogenic
I280P,0.9926,pathogenic
I280Q,0.9865,pathogenic
I280R,0.9684,pathogenic
I280S,0.9506,pathogenic
I280T,0.9407,pathogenic
I280V,0.1817,benign
I280W,0.977,pathogenic
I280Y,0.9357,pathogenic
I281A,0.9568,pathogenic
I281C,0.9537,pathogenic
I281D,0.9966,pathogenic
I281E,0.9941,pathogenic
I281F,0.5574,ambiguous
I281G,0.9921,pathogenic
I281H,0.985,pathogenic
I281K,0.9847,pathogenic
I281L,0.2961,benign
I281M,0.398,ambiguous
I281N,0.9623,pathogenic
I281P,0.9905,pathogenic
I281Q,0.9887,pathogenic
I281R,0.9715,pathogenic
I281S,0.9606,pathogenic
I281T,0.9448,pathogenic
I281V,0.2116,benign
I281W,0.9795,pathogenic
I281Y,0.9551,pathogenic
I282A,0.915,pathogenic
I282C,0.8895,pathogenic
I282D,0.9921,pathogenic
I282E,0.9793,pathogenic
I282F,0.2911,benign
I282G,0.978,pathogenic
I282H,0.9345,pathogenic
I282K,0.9484,pathogenic
I282L,0.2653,benign
I282M,0.2658,benign
I282N,0.8938,pathogenic
I282P,0.9848,pathogenic
I282Q,0.9457,pathogenic
I282R,0.9085,pathogenic
I282S,0.8701,pathogenic
I282T,0.7635,pathogenic
I282V,0.1771,benign
I282W,0.9288,pathogenic
I282Y,0.8133,pathogenic
Q283A,0.7015,pathogenic
Q283C,0.9666,pathogenic
Q283D,0.8889,pathogenic
Q283E,0.2785,benign
Q283F,0.9745,pathogenic
Q283G,0.7915,pathogenic
Q283H,0.8525,pathogenic
Q283I,0.9112,pathogenic
Q283K,0.8393,pathogenic
Q283L,0.7278,pathogenic
Q283M,0.7967,pathogenic
Q283N,0.5275,ambiguous
Q283P,0.7385,pathogenic
Q283R,0.8304,pathogenic
Q283S,0.5205,ambiguous
Q283T,0.7507,pathogenic
Q283V,0.8701,pathogenic
Q283W,0.967,pathogenic
Q283Y,0.9747,pathogenic
A284C,0.7816,pathogenic
A284D,0.9006,pathogenic
A284E,0.9179,pathogenic
A284F,0.8594,pathogenic
A284G,0.4171,ambiguous
A284H,0.9365,pathogenic
A284I,0.9161,pathogenic
A284K,0.9727,pathogenic
A284L,0.7738,pathogenic
A284M,0.8341,pathogenic
A284N,0.8691,pathogenic
A284P,0.9632,pathogenic
A284Q,0.9084,pathogenic
A284R,0.9169,pathogenic
A284S,0.2318,benign
A284T,0.5058,ambiguous
A284V,0.7221,pathogenic
A284W,0.9783,pathogenic
A284Y,0.9143,pathogenic
C285A,0.9203,pathogenic
C285D,0.9026,pathogenic
C285E,0.9774,pathogenic
C285F,0.7859,pathogenic
C285G,0.7746,pathogenic
C285H,0.948,pathogenic
C285I,0.9743,pathogenic
C285K,0.9875,pathogenic
C285L,0.9478,pathogenic
C285M,0.9696,pathogenic
C285N,0.9348,pathogenic
C285P,0.9885,pathogenic
C285Q,0.958,pathogenic
C285R,0.9106,pathogenic
C285S,0.7968,pathogenic
C285T,0.9621,pathogenic
C285V,0.949,pathogenic
C285W,0.9208,pathogenic
C285Y,0.8889,pathogenic
R286A,0.933,pathogenic
R286C,0.4954,ambiguous
R286D,0.9766,pathogenic
R286E,0.8826,pathogenic
R286F,0.9545,pathogenic
R286G,0.7888,pathogenic
R286H,0.4689,ambiguous
R286I,0.8802,pathogenic
R286K,0.6088,pathogenic
R286L,0.8145,pathogenic
R286M,0.9112,pathogenic
R286N,0.9643,pathogenic
R286P,0.9547,pathogenic
R286Q,0.3486,ambiguous
R286S,0.9448,pathogenic
R286T,0.9068,pathogenic
R286V,0.93,pathogenic
R286W,0.5224,ambiguous
R286Y,0.9015,pathogenic
G287A,0.714,pathogenic
G287C,0.8315,pathogenic
G287D,0.8412,pathogenic
G287E,0.8776,pathogenic
G287F,0.9603,pathogenic
G287H,0.9623,pathogenic
G287I,0.9129,pathogenic
G287K,0.932,pathogenic
G287L,0.9563,pathogenic
G287M,0.9651,pathogenic
G287N,0.934,pathogenic
G287P,0.9867,pathogenic
G287Q,0.9401,pathogenic
G287R,0.84,pathogenic
G287S,0.5781,pathogenic
G287T,0.8393,pathogenic
G287V,0.8202,pathogenic
G287W,0.8675,pathogenic
G287Y,0.9362,pathogenic
D288A,0.1236,benign
D288C,0.4375,ambiguous
D288E,0.1194,benign
D288F,0.4013,ambiguous
D288G,0.0853,benign
D288H,0.2302,benign
D288I,0.2314,benign
D288K,0.2124,benign
D288L,0.2529,benign
D288M,0.4683,ambiguous
D288N,0.1041,benign
D288P,0.5533,ambiguous
D288Q,0.2234,benign
D288R,0.2164,benign
D288S,0.1093,benign
D288T,0.182,benign
D288V,0.1291,benign
D288W,0.7519,pathogenic
D288Y,0.1633,benign
S289A,0.1082,benign
S289C,0.0958,benign
S289D,0.1595,benign
S289E,0.2126,benign
S289F,0.2164,benign
S289G,0.0832,benign
S289H,0.1379,benign
S289I,0.1117,benign
S289K,0.1827,benign
S289L,0.1307,benign
S289M,0.2019,benign
S289N,0.0666,benign
S289P,0.459,ambiguous
S289Q,0.212,benign
S289R,0.1547,benign
S289T,0.0998,benign
S289V,0.1566,benign
S289W,0.3108,benign
S289Y,0.1247,benign
P290A,0.0845,benign
P290C,0.2475,benign
P290D,0.1942,benign
P290E,0.1304,benign
P290F,0.2902,benign
P290G,0.1884,benign
P290H,0.0975,benign
P290I,0.2045,benign
P290K,0.1164,benign
P290L,0.0999,benign
P290M,0.2484,benign
P290N,0.1829,benign
P290Q,0.0924,benign
P290R,0.078,benign
P290S,0.1126,benign
P290T,0.0979,benign
P290V,0.1602,benign
P290W,0.323,benign
P290Y,0.2045,benign
G291A,0.3244,benign
G291C,0.5437,ambiguous
G291D,0.6564,pathogenic
G291E,0.6391,pathogenic
G291F,0.8941,pathogenic
G291H,0.8683,pathogenic
G291I,0.7614,pathogenic
G291K,0.8509,pathogenic
G291L,0.8245,pathogenic
G291M,0.8608,pathogenic
G291N,0.8073,pathogenic
G291P,0.9147,pathogenic
G291Q,0.7896,pathogenic
G291R,0.6685,pathogenic
G291S,0.3264,benign
G291T,0.5705,pathogenic
G291V,0.5632,ambiguous
G291W,0.7946,pathogenic
G291Y,0.8517,pathogenic
V292A,0.1513,benign
V292C,0.5934,pathogenic
V292D,0.2317,benign
V292E,0.1875,benign
V292F,0.1419,benign
V292G,0.1818,benign
V292H,0.4552,ambiguous
V292I,0.0948,benign
V292K,0.287,benign
V292L,0.2247,benign
V292M,0.1236,benign
V292N,0.2447,benign
V292P,0.6861,pathogenic
V292Q,0.2745,benign
V292R,0.2443,benign
V292S,0.1824,benign
V292T,0.1746,benign
V292W,0.6273,pathogenic
V292Y,0.4044,ambiguous
V293A,0.2022,benign
V293C,0.6491,pathogenic
V293D,0.3638,ambiguous
V293E,0.3074,benign
V293F,0.1928,benign
V293G,0.2223,benign
V293H,0.6135,pathogenic
V293I,0.1072,benign
V293K,0.4496,ambiguous
V293L,0.2584,benign
V293M,0.2312,benign
V293N,0.3672,ambiguous
V293P,0.7608,pathogenic
V293Q,0.3908,ambiguous
V293R,0.3448,ambiguous
V293S,0.2531,benign
V293T,0.1892,benign
V293W,0.7997,pathogenic
V293Y,0.5407,ambiguous
W294A,0.3966,ambiguous
W294C,0.4599,ambiguous
W294D,0.5897,pathogenic
W294E,0.6443,pathogenic
W294F,0.2031,benign
W294G,0.2612,benign
W294H,0.5703,pathogenic
W294I,0.3233,benign
W294K,0.6829,pathogenic
W294L,0.1741,benign
W294M,0.3759,ambiguous
W294N,0.5795,pathogenic
W294P,0.6186,pathogenic
W294Q,0.6454,pathogenic
W294R,0.5766,pathogenic
W294S,0.2903,benign
W294T,0.3517,ambiguous
W294V,0.2809,benign
W294Y,0.286,benign
F295A,0.2874,benign
F295C,0.1403,benign
F295D,0.4423,ambiguous
F295E,0.3562,ambiguous
F295G,0.3952,ambiguous
F295H,0.2801,benign
F295I,0.0606,benign
F295K,0.3821,ambiguous
F295L,0.183,benign
F295M,0.1505,benign
F295N,0.3157,benign
F295P,0.7479,pathogenic
F295Q,0.2745,benign
F295R,0.2518,benign
F295S,0.2649,benign
F295T,0.2683,benign
F295V,0.0554,benign
F295W,0.2264,benign
F295Y,0.1227,benign
K296A,0.2602,benign
K296C,0.547,ambiguous
K296D,0.3587,ambiguous
K296E,0.1055,benign
K296F,0.7148,pathogenic
K296G,0.2749,benign
K296H,0.2777,benign
K296I,0.3589,ambiguous
K296L,0.3121,benign
K296M,0.2314,benign
K296N,0.3023,benign
K296P,0.3769,ambiguous
K296Q,0.115,benign
K296R,0.0762,benign
K296S,0.262,benign
K296T,0.1337,benign
K296V,0.3181,benign
K296W,0.6619,pathogenic
K296Y,0.5326,ambiguous
D297A,0.3751,ambiguous
D297C,0.7954,pathogenic
D297E,0.4658,ambiguous
D297F,0.798,pathogenic
D297G,0.2575,benign
D297H,0.6151,pathogenic
D297I,0.6782,pathogenic
D297K,0.7255,pathogenic
D297L,0.6707,pathogenic
D297M,0.8802,pathogenic
D297N,0.2748,benign
D297P,0.7381,pathogenic
D297Q,0.7213,pathogenic
D297R,0.7023,pathogenic
D297S,0.3428,ambiguous
D297T,0.5425,ambiguous
D297V,0.3998,ambiguous
D297W,0.9362,pathogenic
D297Y,0.3127,benign
S298A,0.0774,benign
S298C,0.1262,benign
S298D,0.2571,benign
S298E,0.3487,ambiguous
S298F,0.2033,benign
S298G,0.0922,benign
S298H,0.3679,ambiguous
S298I,0.2013,benign
S298K,0.5794,pathogenic
S298L,0.1122,benign
S298M,0.2248,benign
S298N,0.1935,benign
S298P,0.2114,benign
S298Q,0.5115,ambiguous
S298R,0.4944,ambiguous
S298T,0.0895,benign
S298V,0.1803,benign
S298W,0.3058,benign
S298Y,0.1688,benign
V299A,0.0609,benign
V299C,0.3836,ambiguous
V299D,0.0946,benign
V299E,0.1149,benign
V299F,0.1013,benign
V299G,0.0794,benign
V299H,0.2434,benign
V299I,0.0813,benign
V299K,0.1425,benign
V299L,0.1122,benign
V299M,0.1073,benign
V299N,0.1062,benign
V299P,0.1136,benign
V299Q,0.161,benign
V299R,0.1199,benign
V299S,0.0779,benign
V299T,0.0827,benign
V299W,0.4517,ambiguous
V299Y,0.2752,benign
G300A,0.0885,benign
G300C,0.14,benign
G300D,0.1048,benign
G300E,0.0944,benign
G300F,0.3467,ambiguous
G300H,0.2205,benign
G300I,0.1703,benign
G300K,0.1854,benign
G300L,0.2324,benign
G300M,0.2825,benign
G300N,0.1968,benign
G300P,0.3177,benign
G300Q,0.1719,benign
G300R,0.1262,benign
G300S,0.1018,benign
G300T,0.1117,benign
G300V,0.1095,benign
G300W,0.2098,benign
G300Y,0.2361,benign
V301A,0.0812,benign
V301C,0.337,benign
V301D,0.0723,benign
V301E,0.1105,benign
V301F,0.083,benign
V301G,0.0769,benign
V301H,0.2124,benign
V301I,0.0784,benign
V301K,0.142,benign
V301L,0.1057,benign
V301M,0.1141,benign
V301N,0.0871,benign
V301P,0.1265,benign
V301Q,0.1531,benign
V301R,0.1231,benign
V301S,0.0823,benign
V301T,0.1044,benign
V301W,0.4108,ambiguous
V301Y,0.2046,benign
S302A,0.0684,benign
S302C,0.0813,benign
S302D,0.1692,benign
S302E,0.2068,benign
S302F,0.1203,benign
S302G,0.0796,benign
S302H,0.1867,benign
S302I,0.1238,benign
S302K,0.2919,benign
S302L,0.0788,benign
S302M,0.1709,benign
S302N,0.1213,benign
S302P,0.0693,benign
S302Q,0.262,benign
S302R,0.2137,benign
S302T,0.0768,benign
S302V,0.1244,benign
S302W,0.1631,benign
S302Y,0.1055,benign
G303A,0.094,benign
G303C,0.1331,benign
G303D,0.0917,benign
G303E,0.0778,benign
G303F,0.3306,benign
G303H,0.1869,benign
G303I,0.1584,benign
G303K,0.1267,benign
G303L,0.213,benign
G303M,0.2563,benign
G303N,0.1577,benign
G303P,0.3001,benign
G303Q,0.119,benign
G303R,0.0902,benign
G303S,0.0913,benign
G303T,0.1029,benign
G303V,0.1083,benign
G303W,0.1783,benign
G303Y,0.1987,benign
N304A,0.1274,benign
N304C,0.1459,benign
N304D,0.0727,benign
N304E,0.1396,benign
N304F,0.2401,benign
N304G,0.1585,benign
N304H,0.0815,benign
N304I,0.1051,benign
N304K,0.1157,benign
N304L,0.1328,benign
N304M,0.1985,benign
N304P,0.2042,benign
N304Q,0.1636,benign
N304R,0.129,benign
N304S,0.0758,benign
N304T,0.0926,benign
N304V,0.1129,benign
N304W,0.45,ambiguous
N304Y,0.0894,benign
L305A,0.0785,benign
L305C,0.1549,benign
L305D,0.1327,benign
L305E,0.1066,benign
L305F,0.0741,benign
L305G,0.1369,benign
L305H,0.0809,benign
L305I,0.0593,benign
L305K,0.0868,benign
L305M,0.0799,benign
L305N,0.0878,benign
L305P,0.0664,benign
L305Q,0.0776,benign
L305R,0.0693,benign
L305S,0.0677,benign
L305T,0.0676,benign
L305V,0.0581,benign
L305W,0.1181,benign
L305Y,0.1295,benign
S306A,0.0775,benign
S306C,0.0757,benign
S306D,0.1578,benign
S306E,0.2071,benign
S306F,0.0995,benign
S306G,0.091,benign
S306H,0.1527,benign
S306I,0.0983,benign
S306K,0.2994,benign
S306L,0.0788,benign
S306M,0.168,benign
S306N,0.1078,benign
S306P,0.0635,benign
S306Q,0.235,benign
S306R,0.2194,benign
S306T,0.0824,benign
S306V,0.1112,benign
S306W,0.1466,benign
S306Y,0.0852,benign
L307A,0.0947,benign
L307C,0.1994,benign
L307D,0.1914,benign
L307E,0.1301,benign
L307F,0.0734,benign
L307G,0.1738,benign
L307H,0.0994,benign
L307I,0.0733,benign
L307K,0.1243,benign
L307M,0.0929,benign
L307N,0.1348,benign
L307P,0.0689,benign
L307Q,0.091,benign
L307R,0.0969,benign
L307S,0.0727,benign
L307T,0.0915,benign
L307V,0.0679,benign
L307W,0.1054,benign
L307Y,0.1414,benign
P308A,0.0791,benign
P308C,0.243,benign
P308D,0.1874,benign
P308E,0.1345,benign
P308F,0.2499,benign
P308G,0.1701,benign
P308H,0.1155,benign
P308I,0.1725,benign
P308K,0.1502,benign
P308L,0.0841,benign
P308M,0.198,benign
P308N,0.1865,benign
P308Q,0.1046,benign
P308R,0.1052,benign
P308S,0.0965,benign
P308T,0.0844,benign
P308V,0.1322,benign
P308W,0.2941,benign
P308Y,0.2077,benign
T309A,0.0582,benign
T309C,0.2363,benign
T309D,0.1167,benign
T309E,0.1172,benign
T309F,0.1427,benign
T309G,0.1201,benign
T309H,0.1317,benign
T309I,0.1061,benign
T309K,0.101,benign
T309L,0.0833,benign
T309M,0.0906,benign
T309N,0.0784,benign
T309P,0.0695,benign
T309Q,0.125,benign
T309R,0.0845,benign
T309S,0.0791,benign
T309V,0.096,benign
T309W,0.3346,benign
T309Y,0.1432,benign
T310A,0.0616,benign
T310C,0.2494,benign
T310D,0.1347,benign
T310E,0.1133,benign
T310F,0.1649,benign
T310G,0.1223,benign
T310H,0.1402,benign
T310I,0.1018,benign
T310K,0.1017,benign
T310L,0.0805,benign
T310M,0.0801,benign
T310N,0.0899,benign
T310P,0.0563,benign
T310Q,0.1242,benign
T310R,0.0823,benign
T310S,0.0837,benign
T310V,0.0932,benign
T310W,0.3081,benign
T310Y,0.1596,benign
E311A,0.101,benign
E311C,0.5595,ambiguous
E311D,0.0982,benign
E311F,0.5266,ambiguous
E311G,0.0761,benign
E311H,0.2987,benign
E311I,0.24,benign
E311K,0.0897,benign
E311L,0.2438,benign
E311M,0.2982,benign
E311N,0.1742,benign
E311P,0.2749,benign
E311Q,0.1174,benign
E311R,0.1358,benign
E311S,0.1367,benign
E311T,0.1394,benign
E311V,0.1387,benign
E311W,0.596,pathogenic
E311Y,0.3507,ambiguous
E312A,0.0756,benign
E312C,0.4208,ambiguous
E312D,0.0644,benign
E312F,0.3605,ambiguous
E312G,0.0708,benign
E312H,0.2271,benign
E312I,0.1482,benign
E312K,0.1107,benign
E312L,0.185,benign
E312M,0.2427,benign
E312N,0.1079,benign
E312P,0.2541,benign
E312Q,0.1142,benign
E312R,0.1627,benign
E312S,0.107,benign
E312T,0.1126,benign
E312V,0.0972,benign
E312W,0.5581,ambiguous
E312Y,0.2219,benign
F313A,0.2697,benign
F313C,0.2074,benign
F313D,0.3192,benign
F313E,0.4487,ambiguous
F313G,0.4241,ambiguous
F313H,0.4605,ambiguous
F313I,0.1048,benign
F313K,0.5645,pathogenic
F313L,0.6047,pathogenic
F313M,0.2951,benign
F313N,0.3416,ambiguous
F313P,0.6706,pathogenic
F313Q,0.5442,ambiguous
F313R,0.4635,ambiguous
F313S,0.2228,benign
F313T,0.2355,benign
F313V,0.1287,benign
F313W,0.2112,benign
F313Y,0.0936,benign
E314A,0.2075,benign
E314C,0.7002,pathogenic
E314D,0.2536,benign
E314F,0.7319,pathogenic
E314G,0.1728,benign
E314H,0.4885,ambiguous
E314I,0.3757,ambiguous
E314K,0.1677,benign
E314L,0.3874,ambiguous
E314M,0.4835,ambiguous
E314N,0.4553,ambiguous
E314P,0.562,ambiguous
E314Q,0.1547,benign
E314R,0.2323,benign
E314S,0.2898,benign
E314T,0.2806,benign
E314V,0.223,benign
E314W,0.8055,pathogenic
E314Y,0.5856,pathogenic
D315A,0.1063,benign
D315C,0.3147,benign
D315E,0.1372,benign
D315F,0.3484,ambiguous
D315G,0.1002,benign
D315H,0.1985,benign
D315I,0.2051,benign
D315K,0.2556,benign
D315L,0.2559,benign
D315M,0.4429,ambiguous
D315N,0.0991,benign
D315P,0.44,ambiguous
D315Q,0.2717,benign
D315R,0.2698,benign
D315S,0.1185,benign
D315T,0.1672,benign
D315V,0.1161,benign
D315W,0.649,pathogenic
D315Y,0.1,benign
D316A,0.4627,ambiguous
D316C,0.7348,pathogenic
D316E,0.6591,pathogenic
D316F,0.793,pathogenic
D316G,0.3477,ambiguous
D316H,0.6294,pathogenic
D316I,0.7194,pathogenic
D316K,0.7628,pathogenic
D316L,0.6928,pathogenic
D316M,0.8942,pathogenic
D316N,0.2953,benign
D316P,0.8702,pathogenic
D316Q,0.8288,pathogenic
D316R,0.6945,pathogenic
D316S,0.3958,ambiguous
D316T,0.6136,pathogenic
D316V,0.4922,ambiguous
D316W,0.9397,pathogenic
D316Y,0.3295,benign
A317C,0.4683,ambiguous
A317D,0.3482,ambiguous
A317E,0.4563,ambiguous
A317F,0.5288,ambiguous
A317G,0.0971,benign
A317H,0.6468,pathogenic
A317I,0.4915,ambiguous
A317K,0.6251,pathogenic
A317L,0.3825,ambiguous
A317M,0.4833,ambiguous
A317N,0.3745,ambiguous
A317P,0.4879,ambiguous
A317Q,0.5694,pathogenic
A317R,0.486,ambiguous
A317S,0.1286,benign
A317T,0.1604,benign
A317V,0.252,benign
A317W,0.8272,pathogenic
A317Y,0.5869,pathogenic
I318A,0.392,ambiguous
I318C,0.5581,ambiguous
I318D,0.6285,pathogenic
I318E,0.5036,ambiguous
I318F,0.189,benign
I318G,0.5908,pathogenic
I318H,0.5542,ambiguous
I318K,0.3846,ambiguous
I318L,0.1202,benign
I318M,0.1269,benign
I318N,0.3101,benign
I318P,0.6963,pathogenic
I318Q,0.4504,ambiguous
I318R,0.2818,benign
I318S,0.3323,benign
I318T,0.2754,benign
I318V,0.0705,benign
I318W,0.6171,pathogenic
I318Y,0.4485,ambiguous
K319A,0.3534,ambiguous
K319C,0.5062,ambiguous
K319D,0.6396,pathogenic
K319E,0.149,benign
K319F,0.6682,pathogenic
K319G,0.3749,ambiguous
K319H,0.2936,benign
K319I,0.2908,benign
K319L,0.3095,benign
K319M,0.2092,benign
K319N,0.4652,ambiguous
K319P,0.7621,pathogenic
K319Q,0.1067,benign
K319R,0.0715,benign
K319S,0.4174,ambiguous
K319T,0.1628,benign
K319V,0.2728,benign
K319W,0.5707,pathogenic
K319Y,0.5053,ambiguous
K320A,0.4051,ambiguous
K320C,0.6817,pathogenic
K320D,0.7245,pathogenic
K320E,0.1921,benign
K320F,0.7235,pathogenic
K320G,0.5726,pathogenic
K320H,0.4526,ambiguous
K320I,0.3198,benign
K320L,0.3339,benign
K320M,0.1835,benign
K320N,0.5753,pathogenic
K320P,0.6972,pathogenic
K320Q,0.1701,benign
K320R,0.0944,benign
K320S,0.6023,pathogenic
K320T,0.2396,benign
K320V,0.289,benign
K320W,0.7107,pathogenic
K320Y,0.5646,pathogenic
A321C,0.5113,ambiguous
A321D,0.4038,ambiguous
A321E,0.3214,benign
A321F,0.4763,ambiguous
A321G,0.2204,benign
A321H,0.6543,pathogenic
A321I,0.3555,ambiguous
A321K,0.6783,pathogenic
A321L,0.3568,ambiguous
A321M,0.3771,ambiguous
A321N,0.4289,ambiguous
A321P,0.8425,pathogenic
A321Q,0.4698,ambiguous
A321R,0.5477,ambiguous
A321S,0.1456,benign
A321T,0.1143,benign
A321V,0.1687,benign
A321W,0.8071,pathogenic
A321Y,0.548,ambiguous
H322A,0.9208,pathogenic
H322C,0.7289,pathogenic
H322D,0.8594,pathogenic
H322E,0.948,pathogenic
H322F,0.8542,pathogenic
H322G,0.9428,pathogenic
H322I,0.9293,pathogenic
H322K,0.9574,pathogenic
H322L,0.6698,pathogenic
H322M,0.9436,pathogenic
H322N,0.6299,pathogenic
H322P,0.4646,ambiguous
H322Q,0.8899,pathogenic
H322R,0.8452,pathogenic
H322S,0.8785,pathogenic
H322T,0.951,pathogenic
H322V,0.9213,pathogenic
H322W,0.8151,pathogenic
H322Y,0.6225,pathogenic
I323A,0.2169,benign
I323C,0.6201,pathogenic
I323D,0.6472,pathogenic
I323E,0.4307,ambiguous
I323F,0.2294,benign
I323G,0.6167,pathogenic
I323H,0.5254,ambiguous
I323K,0.2392,benign
I323L,0.1161,benign
I323M,0.1073,benign
I323N,0.3122,benign
I323P,0.6898,pathogenic
I323Q,0.3714,ambiguous
I323R,0.1743,benign
I323S,0.2597,benign
I323T,0.0959,benign
I323V,0.0671,benign
I323W,0.718,pathogenic
I323Y,0.5628,ambiguous
E324A,0.872,pathogenic
E324C,0.9786,pathogenic
E324D,0.9419,pathogenic
E324F,0.9925,pathogenic
E324G,0.7444,pathogenic
E324H,0.9689,pathogenic
E324I,0.9754,pathogenic
E324K,0.7698,pathogenic
E324L,0.9702,pathogenic
E324M,0.9714,pathogenic
E324N,0.9734,pathogenic
E324P,0.9839,pathogenic
E324Q,0.5982,pathogenic
E324R,0.8039,pathogenic
E324S,0.9107,pathogenic
E324T,0.9505,pathogenic
E324V,0.9257,pathogenic
E324W,0.9944,pathogenic
E324Y,0.9822,pathogenic
K325A,0.8349,pathogenic
K325C,0.961,pathogenic
K325D,0.9341,pathogenic
K325E,0.6864,pathogenic
K325F,0.993,pathogenic
K325G,0.8567,pathogenic
K325H,0.8723,pathogenic
K325I,0.9511,pathogenic
K325L,0.9114,pathogenic
K325M,0.7437,pathogenic
K325N,0.8751,pathogenic
K325P,0.9866,pathogenic
K325Q,0.5863,pathogenic
K325R,0.2119,benign
K325S,0.8337,pathogenic
K325T,0.6779,pathogenic
K325V,0.9217,pathogenic
K325W,0.9782,pathogenic
K325Y,0.9596,pathogenic
D326A,0.9729,pathogenic
D326C,0.9919,pathogenic
D326E,0.9744,pathogenic
D326F,0.9929,pathogenic
D326G,0.9248,pathogenic
D326H,0.9731,pathogenic
D326I,0.9937,pathogenic
D326K,0.9948,pathogenic
D326L,0.9923,pathogenic
D326M,0.9987,pathogenic
D326N,0.8544,pathogenic
D326P,0.9962,pathogenic
D326Q,0.9954,pathogenic
D326R,0.9921,pathogenic
D326S,0.9549,pathogenic
D326T,0.9917,pathogenic
D326V,0.9737,pathogenic
D326W,0.9979,pathogenic
D326Y,0.8724,pathogenic
F327A,0.9605,pathogenic
F327C,0.7834,pathogenic
F327D,0.9908,pathogenic
F327E,0.9938,pathogenic
F327G,0.9836,pathogenic
F327H,0.9496,pathogenic
F327I,0.5756,pathogenic
F327K,0.9926,pathogenic
F327L,0.9499,pathogenic
F327M,0.7686,pathogenic
F327N,0.9632,pathogenic
F327P,0.9994,pathogenic
F327Q,0.986,pathogenic
F327R,0.9755,pathogenic
F327S,0.9284,pathogenic
F327T,0.9366,pathogenic
F327V,0.6084,pathogenic
F327W,0.8667,pathogenic
F327Y,0.542,ambiguous
I328A,0.4903,ambiguous
I328C,0.8485,pathogenic
I328D,0.9904,pathogenic
I328E,0.976,pathogenic
I328F,0.5492,ambiguous
I328G,0.94,pathogenic
I328H,0.9582,pathogenic
I328K,0.9514,pathogenic
I328L,0.3368,benign
I328M,0.286,benign
I328N,0.9161,pathogenic
I328P,0.9654,pathogenic
I328Q,0.9493,pathogenic
I328R,0.8929,pathogenic
I328S,0.6778,pathogenic
I328T,0.4034,ambiguous
I328V,0.1482,benign
I328W,0.962,pathogenic
I328Y,0.9281,pathogenic
A329C,0.4486,ambiguous
A329D,0.9218,pathogenic
A329E,0.8819,pathogenic
A329F,0.7028,pathogenic
A329G,0.327,benign
A329H,0.9062,pathogenic
A329I,0.5835,pathogenic
A329K,0.961,pathogenic
A329L,0.4257,ambiguous
A329M,0.5553,ambiguous
A329N,0.8256,pathogenic
A329P,0.936,pathogenic
A329Q,0.8746,pathogenic
A329R,0.898,pathogenic
A329S,0.1912,benign
A329T,0.1735,benign
A329V,0.2992,benign
A329W,0.9538,pathogenic
A329Y,0.8046,pathogenic
F330A,0.9645,pathogenic
F330C,0.8271,pathogenic
F330D,0.9969,pathogenic
F330E,0.9972,pathogenic
F330G,0.9874,pathogenic
F330H,0.9787,pathogenic
F330I,0.7504,pathogenic
F330K,0.9973,pathogenic
F330L,0.9352,pathogenic
F330M,0.9026,pathogenic
F330N,0.9893,pathogenic
F330P,0.9984,pathogenic
F330Q,0.9948,pathogenic
F330R,0.9901,pathogenic
F330S,0.9621,pathogenic
F330T,0.983,pathogenic
F330V,0.744,pathogenic
F330W,0.8969,pathogenic
F330Y,0.6332,pathogenic
C331A,0.7769,pathogenic
C331D,0.9553,pathogenic
C331E,0.9636,pathogenic
C331F,0.2405,benign
C331G,0.5117,ambiguous
C331H,0.6042,pathogenic
C331I,0.8218,pathogenic
C331K,0.9415,pathogenic
C331L,0.6156,pathogenic
C331M,0.8354,pathogenic
C331N,0.8415,pathogenic
C331P,0.9808,pathogenic
C331Q,0.8386,pathogenic
C331R,0.6572,pathogenic
C331S,0.6379,pathogenic
C331T,0.8201,pathogenic
C331V,0.7439,pathogenic
C331W,0.6293,pathogenic
C331Y,0.3079,benign
S332A,0.1575,benign
S332C,0.5461,ambiguous
S332D,0.9887,pathogenic
S332E,0.9905,pathogenic
S332F,0.9565,pathogenic
S332G,0.5903,pathogenic
S332H,0.9785,pathogenic
S332I,0.9665,pathogenic
S332K,0.9978,pathogenic
S332L,0.7869,pathogenic
S332M,0.9477,pathogenic
S332N,0.9663,pathogenic
S332P,0.7652,pathogenic
S332Q,0.9833,pathogenic
S332R,0.992,pathogenic
S332T,0.6907,pathogenic
S332V,0.9396,pathogenic
S332W,0.9674,pathogenic
S332Y,0.9375,pathogenic
S333A,0.2939,benign
S333C,0.2258,benign
S333D,0.9686,pathogenic
S333E,0.9797,pathogenic
S333F,0.9498,pathogenic
S333G,0.4491,ambiguous
S333H,0.9661,pathogenic
S333I,0.8506,pathogenic
S333K,0.9951,pathogenic
S333L,0.6767,pathogenic
S333M,0.833,pathogenic
S333N,0.8436,pathogenic
S333P,0.9472,pathogenic
S333Q,0.9727,pathogenic
S333R,0.9863,pathogenic
S333T,0.1655,benign
S333V,0.7003,pathogenic
S333W,0.9687,pathogenic
S333Y,0.9296,pathogenic
T334A,0.4518,ambiguous
T334C,0.8704,pathogenic
T334D,0.9499,pathogenic
T334E,0.9178,pathogenic
T334F,0.8147,pathogenic
T334G,0.8555,pathogenic
T334H,0.8309,pathogenic
T334I,0.6,pathogenic
T334K,0.8018,pathogenic
T334L,0.3442,ambiguous
T334M,0.3066,benign
T334N,0.7095,pathogenic
T334P,0.4062,ambiguous
T334Q,0.8266,pathogenic
T334R,0.7438,pathogenic
T334S,0.5137,ambiguous
T334V,0.5113,ambiguous
T334W,0.9557,pathogenic
T334Y,0.8655,pathogenic
P335A,0.2545,benign
P335C,0.8533,pathogenic
P335D,0.8508,pathogenic
P335E,0.6511,pathogenic
P335F,0.9,pathogenic
P335G,0.7567,pathogenic
P335H,0.6561,pathogenic
P335I,0.7398,pathogenic
P335K,0.7425,pathogenic
P335L,0.3868,ambiguous
P335M,0.7421,pathogenic
P335N,0.8533,pathogenic
P335Q,0.5634,ambiguous
P335R,0.512,ambiguous
P335S,0.4651,ambiguous
P335T,0.3687,ambiguous
P335V,0.6007,pathogenic
P335W,0.8951,pathogenic
P335Y,0.8607,pathogenic
D336A,0.5186,ambiguous
D336C,0.7863,pathogenic
D336E,0.4972,ambiguous
D336F,0.7865,pathogenic
D336G,0.1982,benign
D336H,0.5885,pathogenic
D336I,0.8561,pathogenic
D336K,0.805,pathogenic
D336L,0.7717,pathogenic
D336M,0.929,pathogenic
D336N,0.2722,benign
D336P,0.9294,pathogenic
D336Q,0.7316,pathogenic
D336R,0.7315,pathogenic
D336S,0.3769,ambiguous
D336T,0.6858,pathogenic
D336V,0.6495,pathogenic
D336W,0.9212,pathogenic
D336Y,0.3832,ambiguous
N337A,0.4535,ambiguous
N337C,0.2825,benign
N337D,0.3732,ambiguous
N337E,0.7883,pathogenic
N337F,0.6863,pathogenic
N337G,0.5304,ambiguous
N337H,0.15,benign
N337I,0.5568,ambiguous
N337K,0.724,pathogenic
N337L,0.5296,ambiguous
N337M,0.5333,ambiguous
N337P,0.943,pathogenic
N337Q,0.703,pathogenic
N337R,0.6163,pathogenic
N337S,0.1243,benign
N337T,0.1439,benign
N337V,0.4884,ambiguous
N337W,0.852,pathogenic
N337Y,0.239,benign
V338A,0.4255,ambiguous
V338C,0.7025,pathogenic
V338D,0.6401,pathogenic
V338E,0.4883,ambiguous
V338F,0.2445,benign
V338G,0.4255,ambiguous
V338H,0.7272,pathogenic
V338I,0.113,benign
V338K,0.3226,benign
V338L,0.3309,benign
V338M,0.2678,benign
V338N,0.5772,pathogenic
V338P,0.8686,pathogenic
V338Q,0.4189,ambiguous
V338R,0.2893,benign
V338S,0.514,ambiguous
V338T,0.4877,ambiguous
V338W,0.7915,pathogenic
V338Y,0.5134,ambiguous
S339A,0.1945,benign
S339C,0.5191,ambiguous
S339D,0.9829,pathogenic
S339E,0.9832,pathogenic
S339F,0.9276,pathogenic
S339G,0.6457,pathogenic
S339H,0.9717,pathogenic
S339I,0.9382,pathogenic
S339K,0.9966,pathogenic
S339L,0.7421,pathogenic
S339M,0.9148,pathogenic
S339N,0.9562,pathogenic
S339P,0.9287,pathogenic
S339Q,0.9742,pathogenic
S339R,0.9881,pathogenic
S339T,0.6436,pathogenic
S339V,0.9141,pathogenic
S339W,0.9448,pathogenic
S339Y,0.9201,pathogenic
W340A,0.9003,pathogenic
W340C,0.9208,pathogenic
W340D,0.9751,pathogenic
W340E,0.9612,pathogenic
W340F,0.4272,ambiguous
W340G,0.8199,pathogenic
W340H,0.9133,pathogenic
W340I,0.8446,pathogenic
W340K,0.9642,pathogenic
W340L,0.6942,pathogenic
W340M,0.8858,pathogenic
W340N,0.9628,pathogenic
W340P,0.967,pathogenic
W340Q,0.9599,pathogenic
W340R,0.9269,pathogenic
W340S,0.8462,pathogenic
W340T,0.9061,pathogenic
W340V,0.8102,pathogenic
W340Y,0.5999,pathogenic
R341A,0.9525,pathogenic
R341C,0.5257,ambiguous
R341D,0.9747,pathogenic
R341E,0.8613,pathogenic
R341F,0.9572,pathogenic
R341G,0.87,pathogenic
R341H,0.5658,pathogenic
R341I,0.7205,pathogenic
R341K,0.5655,pathogenic
R341L,0.8073,pathogenic
R341M,0.8852,pathogenic
R341N,0.9622,pathogenic
R341P,0.9628,pathogenic
R341Q,0.5103,ambiguous
R341S,0.9569,pathogenic
R341T,0.9025,pathogenic
R341V,0.8823,pathogenic
R341W,0.5494,ambiguous
R341Y,0.8696,pathogenic
H342A,0.5471,ambiguous
H342C,0.3098,benign
H342D,0.2032,benign
H342E,0.5588,ambiguous
H342F,0.5598,ambiguous
H342G,0.6316,pathogenic
H342I,0.5176,ambiguous
H342K,0.5961,pathogenic
H342L,0.2784,benign
H342M,0.6631,pathogenic
H342N,0.1425,benign
H342P,0.3854,ambiguous
H342Q,0.5466,ambiguous
H342R,0.5074,ambiguous
H342S,0.2824,benign
H342T,0.5485,ambiguous
H342V,0.5375,ambiguous
H342W,0.5645,pathogenic
H342Y,0.1793,benign
P343A,0.1819,benign
P343C,0.6554,pathogenic
P343D,0.5765,pathogenic
P343E,0.3051,benign
P343F,0.6646,pathogenic
P343G,0.4581,ambiguous
P343H,0.325,benign
P343I,0.3936,ambiguous
P343K,0.2825,benign
P343L,0.2492,benign
P343M,0.4912,ambiguous
P343N,0.5275,ambiguous
P343Q,0.2539,benign
P343R,0.189,benign
P343S,0.2448,benign
P343T,0.1695,benign
P343V,0.3022,benign
P343W,0.6881,pathogenic
P343Y,0.5805,pathogenic
T344A,0.0719,benign
T344C,0.3733,ambiguous
T344D,0.2116,benign
T344E,0.1283,benign
T344F,0.1839,benign
T344G,0.1992,benign
T344H,0.1596,benign
T344I,0.1146,benign
T344K,0.0828,benign
T344L,0.0878,benign
T344M,0.0918,benign
T344N,0.1127,benign
T344P,0.2838,benign
T344Q,0.1132,benign
T344R,0.0715,benign
T344S,0.1087,benign
T344V,0.1002,benign
T344W,0.4135,ambiguous
T344Y,0.1761,benign
M345A,0.1428,benign
M345C,0.4313,ambiguous
M345D,0.3644,ambiguous
M345E,0.1215,benign
M345F,0.2389,benign
M345G,0.236,benign
M345H,0.1618,benign
M345I,0.2085,benign
M345K,0.048,benign
M345L,0.0951,benign
M345N,0.1968,benign
M345P,0.7794,pathogenic
M345Q,0.0769,benign
M345R,0.0446,benign
M345S,0.1588,benign
M345T,0.0796,benign
M345V,0.0758,benign
M345W,0.2573,benign
M345Y,0.2702,benign
G346A,0.8289,pathogenic
G346C,0.912,pathogenic
G346D,0.946,pathogenic
G346E,0.9492,pathogenic
G346F,0.984,pathogenic
G346H,0.9819,pathogenic
G346I,0.9662,pathogenic
G346K,0.9701,pathogenic
G346L,0.9753,pathogenic
G346M,0.9881,pathogenic
G346N,0.9754,pathogenic
G346P,0.9872,pathogenic
G346Q,0.9722,pathogenic
G346R,0.9181,pathogenic
G346S,0.8218,pathogenic
G346T,0.9379,pathogenic
G346V,0.9142,pathogenic
G346W,0.9525,pathogenic
G346Y,0.9633,pathogenic
S347A,0.4497,ambiguous
S347C,0.5402,ambiguous
S347D,0.9627,pathogenic
S347E,0.9772,pathogenic
S347F,0.9384,pathogenic
S347G,0.5947,pathogenic
S347H,0.9589,pathogenic
S347I,0.9424,pathogenic
S347K,0.9933,pathogenic
S347L,0.8261,pathogenic
S347M,0.8828,pathogenic
S347N,0.9109,pathogenic
S347P,0.9464,pathogenic
S347Q,0.9792,pathogenic
S347R,0.9852,pathogenic
S347T,0.2571,benign
S347V,0.9112,pathogenic
S347W,0.9325,pathogenic
S347Y,0.9025,pathogenic
V348A,0.3341,benign
V348C,0.6443,pathogenic
V348D,0.483,ambiguous
V348E,0.4707,ambiguous
V348F,0.1632,benign
V348G,0.3457,ambiguous
V348H,0.5876,pathogenic
V348I,0.0861,benign
V348K,0.4583,ambiguous
V348L,0.1258,benign
V348M,0.2085,benign
V348N,0.4363,ambiguous
V348P,0.4787,ambiguous
V348Q,0.4669,ambiguous
V348R,0.3147,benign
V348S,0.4275,ambiguous
V348T,0.3983,ambiguous
V348W,0.649,pathogenic
V348Y,0.4121,ambiguous
F349A,0.9673,pathogenic
F349C,0.9078,pathogenic
F349D,0.9925,pathogenic
F349E,0.9942,pathogenic
F349G,0.9807,pathogenic
F349H,0.9679,pathogenic
F349I,0.8767,pathogenic
F349K,0.9937,pathogenic
F349L,0.958,pathogenic
F349M,0.9285,pathogenic
F349N,0.9821,pathogenic
F349P,0.9961,pathogenic
F349Q,0.9913,pathogenic
F349R,0.981,pathogenic
F349S,0.9597,pathogenic
F349T,0.9756,pathogenic
F349V,0.8597,pathogenic
F349W,0.8873,pathogenic
F349Y,0.6045,pathogenic
I350A,0.628,pathogenic
I350C,0.9152,pathogenic
I350D,0.9877,pathogenic
I350E,0.959,pathogenic
I350F,0.4109,ambiguous
I350G,0.9471,pathogenic
I350H,0.9565,pathogenic
I350K,0.9399,pathogenic
I350L,0.3799,ambiguous
I350M,0.278,benign
I350N,0.8778,pathogenic
I350P,0.9077,pathogenic
I350Q,0.9289,pathogenic
I350R,0.8627,pathogenic
I350S,0.6998,pathogenic
I350T,0.3194,benign
I350V,0.1665,benign
I350W,0.9387,pathogenic
I350Y,0.9179,pathogenic
G351A,0.0824,benign
G351C,0.1065,benign
G351D,0.2567,benign
G351E,0.1159,benign
G351F,0.3016,benign
G351H,0.1897,benign
G351I,0.0896,benign
G351K,0.1303,benign
G351L,0.1568,benign
G351M,0.1091,benign
G351N,0.2026,benign
G351P,0.8446,pathogenic
G351Q,0.1032,benign
G351R,0.0918,benign
G351S,0.0841,benign
G351T,0.0779,benign
G351V,0.0754,benign
G351W,0.1893,benign
G351Y,0.2301,benign
R352A,0.3452,ambiguous
R352C,0.1584,benign
R352D,0.5693,pathogenic
R352E,0.2634,benign
R352F,0.4752,ambiguous
R352G,0.2365,benign
R352H,0.1193,benign
R352I,0.1946,benign
R352K,0.0784,benign
R352L,0.1894,benign
R352M,0.1966,benign
R352N,0.4598,ambiguous
R352P,0.7732,pathogenic
R352Q,0.1009,benign
R352S,0.3963,ambiguous
R352T,0.2038,benign
R352V,0.2983,benign
R352W,0.1814,benign
R352Y,0.337,benign
L353A,0.8761,pathogenic
L353C,0.8733,pathogenic
L353D,0.9945,pathogenic
L353E,0.971,pathogenic
L353F,0.5423,ambiguous
L353G,0.9728,pathogenic
L353H,0.934,pathogenic
L353I,0.145,benign
L353K,0.9485,pathogenic
L353M,0.301,benign
L353N,0.9707,pathogenic
L353P,0.9613,pathogenic
L353Q,0.9046,pathogenic
L353R,0.9129,pathogenic
L353S,0.9598,pathogenic
L353T,0.824,pathogenic
L353V,0.1812,benign
L353W,0.8469,pathogenic
L353Y,0.9133,pathogenic
I354A,0.3611,ambiguous
I354C,0.7828,pathogenic
I354D,0.9199,pathogenic
I354E,0.7562,pathogenic
I354F,0.4864,ambiguous
I354G,0.7924,pathogenic
I354H,0.7844,pathogenic
I354K,0.474,ambiguous
I354L,0.2532,benign
I354M,0.1743,benign
I354N,0.5655,pathogenic
I354P,0.9057,pathogenic
I354Q,0.5795,pathogenic
I354R,0.338,benign
I354S,0.4333,ambiguous
I354T,0.1412,benign
I354V,0.1313,benign
I354W,0.8859,pathogenic
I354Y,0.8,pathogenic
E355A,0.1298,benign
E355C,0.6702,pathogenic
E355D,0.202,benign
E355F,0.5986,pathogenic
E355G,0.1105,benign
E355H,0.2789,benign
E355I,0.3379,benign
E355K,0.0774,benign
E355L,0.3181,benign
E355M,0.3673,ambiguous
E355N,0.2687,benign
E355P,0.8579,pathogenic
E355Q,0.0768,benign
E355R,0.1043,benign
E355S,0.1668,benign
E355T,0.1709,benign
E355V,0.2329,benign
E355W,0.6839,pathogenic
E355Y,0.4285,ambiguous
H356A,0.2732,benign
H356C,0.1084,benign
H356D,0.3393,benign
H356E,0.3424,ambiguous
H356F,0.3029,benign
H356G,0.3654,ambiguous
H356I,0.2229,benign
H356K,0.2142,benign
H356L,0.1337,benign
H356M,0.3678,ambiguous
H356N,0.0967,benign
H356P,0.6777,pathogenic
H356Q,0.1928,benign
H356R,0.1286,benign
H356S,0.2501,benign
H356T,0.2183,benign
H356V,0.1855,benign
H356W,0.3974,ambiguous
H356Y,0.0931,benign
M357A,0.7853,pathogenic
M357C,0.7982,pathogenic
M357D,0.9917,pathogenic
M357E,0.9625,pathogenic
M357F,0.1664,benign
M357G,0.9309,pathogenic
M357H,0.9175,pathogenic
M357I,0.2042,benign
M357K,0.8933,pathogenic
M357L,0.0995,benign
M357N,0.9493,pathogenic
M357P,0.9885,pathogenic
M357Q,0.8626,pathogenic
M357R,0.8815,pathogenic
M357S,0.8807,pathogenic
M357T,0.5888,pathogenic
M357V,0.1124,benign
M357W,0.7559,pathogenic
M357Y,0.7946,pathogenic
Q358A,0.3361,benign
Q358C,0.7621,pathogenic
Q358D,0.6814,pathogenic
Q358E,0.1031,benign
Q358F,0.885,pathogenic
Q358G,0.2644,benign
Q358H,0.4481,ambiguous
Q358I,0.6322,pathogenic
Q358K,0.0857,benign
Q358L,0.2631,benign
Q358M,0.5283,ambiguous
Q358N,0.4882,ambiguous
Q358P,0.6477,pathogenic
Q358R,0.0874,benign
Q358S,0.4484,ambiguous
Q358T,0.3469,ambiguous
Q358V,0.4755,ambiguous
Q358W,0.6325,pathogenic
Q358Y,0.6933,pathogenic
E359A,0.113,benign
E359C,0.7066,pathogenic
E359D,0.1747,benign
E359F,0.6277,pathogenic
E359G,0.1289,benign
E359H,0.3223,benign
E359I,0.2609,benign
E359K,0.0901,benign
E359L,0.2864,benign
E359M,0.3221,benign
E359N,0.2001,benign
E359P,0.8454,pathogenic
E359Q,0.092,benign
E359R,0.1262,benign
E359S,0.201,benign
E359T,0.1505,benign
E359V,0.1655,benign
E359W,0.7548,pathogenic
E359Y,0.4386,ambiguous
Y360A,0.636,pathogenic
Y360C,0.2515,benign
Y360D,0.3487,ambiguous
Y360E,0.6909,pathogenic
Y360F,0.1493,benign
Y360G,0.4927,ambiguous
Y360H,0.1694,benign
Y360I,0.7157,pathogenic
Y360K,0.6265,pathogenic
Y360L,0.6671,pathogenic
Y360M,0.7598,pathogenic
Y360N,0.187,benign
Y360P,0.9589,pathogenic
Y360Q,0.6032,pathogenic
Y360R,0.4916,ambiguous
Y360S,0.3679,ambiguous
Y360T,0.6053,pathogenic
Y360V,0.5848,pathogenic
Y360W,0.4845,ambiguous
A361C,0.611,pathogenic
A361D,0.9415,pathogenic
A361E,0.946,pathogenic
A361F,0.8232,pathogenic
A361G,0.2974,benign
A361H,0.912,pathogenic
A361I,0.7818,pathogenic
A361K,0.9752,pathogenic
A361L,0.6914,pathogenic
A361M,0.8104,pathogenic
A361N,0.9062,pathogenic
A361P,0.9063,pathogenic
A361Q,0.9077,pathogenic
A361R,0.911,pathogenic
A361S,0.1454,benign
A361T,0.3978,ambiguous
A361V,0.5145,ambiguous
A361W,0.9702,pathogenic
A361Y,0.9049,pathogenic
C362A,0.3469,ambiguous
C362D,0.4597,ambiguous
C362E,0.6784,pathogenic
C362F,0.1183,benign
C362G,0.1516,benign
C362H,0.1755,benign
C362I,0.5688,pathogenic
C362K,0.658,pathogenic
C362L,0.5372,ambiguous
C362M,0.7015,pathogenic
C362N,0.3747,ambiguous
C362P,0.6541,pathogenic
C362Q,0.4715,ambiguous
C362R,0.2929,benign
C362S,0.1817,benign
C362T,0.5187,ambiguous
C362V,0.4798,ambiguous
C362W,0.1359,benign
C362Y,0.1154,benign
S363A,0.1001,benign
S363C,0.0795,benign
S363D,0.2447,benign
S363E,0.3412,ambiguous
S363F,0.1326,benign
S363G,0.0963,benign
S363H,0.1971,benign
S363I,0.1574,benign
S363K,0.4368,ambiguous
S363L,0.1244,benign
S363M,0.2549,benign
S363N,0.1267,benign
S363P,0.5439,ambiguous
S363Q,0.3372,benign
S363R,0.2768,benign
S363T,0.0853,benign
S363V,0.1787,benign
S363W,0.223,benign
S363Y,0.1147,benign
C364A,0.4039,ambiguous
C364D,0.4065,ambiguous
C364E,0.6173,pathogenic
C364F,0.1699,benign
C364G,0.1768,benign
C364H,0.2674,benign
C364I,0.5915,pathogenic
C364K,0.5955,pathogenic
C364L,0.4269,ambiguous
C364M,0.6226,pathogenic
C364N,0.3905,ambiguous
C364P,0.9358,pathogenic
C364Q,0.4324,ambiguous
C364R,0.2362,benign
C364S,0.2206,benign
C364T,0.4211,ambiguous
C364V,0.477,ambiguous
C364W,0.2966,benign
C364Y,0.1698,benign
D365A,0.514,ambiguous
D365C,0.6991,pathogenic
D365E,0.6307,pathogenic
D365F,0.9306,pathogenic
D365G,0.503,ambiguous
D365H,0.2396,benign
D365I,0.904,pathogenic
D365K,0.9002,pathogenic
D365L,0.8955,pathogenic
D365M,0.968,pathogenic
D365N,0.234,benign
D365P,0.6716,pathogenic
D365Q,0.8483,pathogenic
D365R,0.883,pathogenic
D365S,0.3209,benign
D365T,0.7824,pathogenic
D365V,0.7971,pathogenic
D365W,0.9728,pathogenic
D365Y,0.5943,pathogenic
V366A,0.526,ambiguous
V366C,0.8902,pathogenic
V366D,0.9452,pathogenic
V366E,0.8874,pathogenic
V366F,0.3538,ambiguous
V366G,0.6937,pathogenic
V366H,0.9711,pathogenic
V366I,0.082,benign
V366K,0.915,pathogenic
V366L,0.1522,benign
V366M,0.1951,benign
V366N,0.9213,pathogenic
V366P,0.8782,pathogenic
V366Q,0.9057,pathogenic
V366R,0.8897,pathogenic
V366S,0.8208,pathogenic
V366T,0.5987,pathogenic
V366W,0.929,pathogenic
V366Y,0.8905,pathogenic
E367A,0.4938,ambiguous
E367C,0.9573,pathogenic
E367D,0.6009,pathogenic
E367F,0.9529,pathogenic
E367G,0.4642,ambiguous
E367H,0.896,pathogenic
E367I,0.832,pathogenic
E367K,0.6185,pathogenic
E367L,0.7796,pathogenic
E367M,0.8001,pathogenic
E367N,0.7896,pathogenic
E367P,0.9403,pathogenic
E367Q,0.3847,ambiguous
E367R,0.714,pathogenic
E367S,0.6608,pathogenic
E367T,0.6692,pathogenic
E367V,0.6146,pathogenic
E367W,0.9753,pathogenic
E367Y,0.9167,pathogenic
E368A,0.2337,benign
E368C,0.9203,pathogenic
E368D,0.1794,benign
E368F,0.8981,pathogenic
E368G,0.2785,benign
E368H,0.7257,pathogenic
E368I,0.7124,pathogenic
E368K,0.3899,ambiguous
E368L,0.6826,pathogenic
E368M,0.6239,pathogenic
E368N,0.4072,ambiguous
E368P,0.9724,pathogenic
E368Q,0.2934,benign
E368R,0.5605,ambiguous
E368S,0.3757,ambiguous
E368T,0.3529,ambiguous
E368V,0.4328,ambiguous
E368W,0.95,pathogenic
E368Y,0.7433,pathogenic
I369A,0.883,pathogenic
I369C,0.9192,pathogenic
I369D,0.9755,pathogenic
I369E,0.9697,pathogenic
I369F,0.7289,pathogenic
I369G,0.9599,pathogenic
I369H,0.9716,pathogenic
I369K,0.9506,pathogenic
I369L,0.2525,benign
I369M,0.2671,benign
I369N,0.762,pathogenic
I369P,0.9785,pathogenic
I369Q,0.959,pathogenic
I369R,0.9265,pathogenic
I369S,0.853,pathogenic
I369T,0.8431,pathogenic
I369V,0.2139,benign
I369W,0.9808,pathogenic
I369Y,0.9114,pathogenic
F370A,0.9509,pathogenic
F370C,0.7924,pathogenic
F370D,0.9927,pathogenic
F370E,0.9923,pathogenic
F370G,0.9669,pathogenic
F370H,0.9582,pathogenic
F370I,0.8495,pathogenic
F370K,0.9921,pathogenic
F370L,0.9525,pathogenic
F370M,0.8886,pathogenic
F370N,0.9751,pathogenic
F370P,0.9968,pathogenic
F370Q,0.9802,pathogenic
F370R,0.9722,pathogenic
F370S,0.9272,pathogenic
F370T,0.9724,pathogenic
F370V,0.8629,pathogenic
F370W,0.8206,pathogenic
F370Y,0.6424,pathogenic
R371A,0.8381,pathogenic
R371C,0.2633,benign
R371D,0.947,pathogenic
R371E,0.7083,pathogenic
R371F,0.9041,pathogenic
R371G,0.5725,pathogenic
R371H,0.2518,benign
R371I,0.7546,pathogenic
R371K,0.2708,benign
R371L,0.5988,pathogenic
R371M,0.7605,pathogenic
R371N,0.8946,pathogenic
R371P,0.9545,pathogenic
R371Q,0.155,benign
R371S,0.8468,pathogenic
R371T,0.6885,pathogenic
R371V,0.808,pathogenic
R371W,0.3076,benign
R371Y,0.7581,pathogenic
K372A,0.7533,pathogenic
K372C,0.8773,pathogenic
K372D,0.8836,pathogenic
K372E,0.4027,ambiguous
K372F,0.909,pathogenic
K372G,0.8265,pathogenic
K372H,0.5724,pathogenic
K372I,0.6599,pathogenic
K372L,0.5712,pathogenic
K372M,0.3781,ambiguous
K372N,0.7585,pathogenic
K372P,0.9843,pathogenic
K372Q,0.2953,benign
K372R,0.1241,benign
K372S,0.8549,pathogenic
K372T,0.5781,pathogenic
K372V,0.6861,pathogenic
K372W,0.8724,pathogenic
K372Y,0.8054,pathogenic
V373A,0.7409,pathogenic
V373C,0.9319,pathogenic
V373D,0.8729,pathogenic
V373E,0.8176,pathogenic
V373F,0.8433,pathogenic
V373G,0.5279,ambiguous
V373H,0.9766,pathogenic
V373I,0.2163,benign
V373K,0.9181,pathogenic
V373L,0.8291,pathogenic
V373M,0.8125,pathogenic
V373N,0.8388,pathogenic
V373P,0.9627,pathogenic
V373Q,0.8906,pathogenic
V373R,0.8614,pathogenic
V373S,0.7912,pathogenic
V373T,0.7154,pathogenic
V373W,0.9883,pathogenic
V373Y,0.9501,pathogenic
R374A,0.6276,pathogenic
R374C,0.2695,benign
R374D,0.9189,pathogenic
R374E,0.6406,pathogenic
R374F,0.868,pathogenic
R374G,0.4841,ambiguous
R374H,0.3916,ambiguous
R374I,0.4485,ambiguous
R374K,0.3115,benign
R374L,0.4284,ambiguous
R374M,0.5285,ambiguous
R374N,0.8368,pathogenic
R374P,0.9139,pathogenic
R374Q,0.1421,benign
R374S,0.7143,pathogenic
R374T,0.5703,pathogenic
R374V,0.6095,pathogenic
R374W,0.4584,ambiguous
R374Y,0.7424,pathogenic
F375A,0.2349,benign
F375C,0.1622,benign
F375D,0.4067,ambiguous
F375E,0.4252,ambiguous
F375G,0.4069,ambiguous
F375H,0.2249,benign
F375I,0.1366,benign
F375K,0.313,benign
F375L,0.3306,benign
F375M,0.2781,benign
F375N,0.2523,benign
F375P,0.9414,pathogenic
F375Q,0.2648,benign
F375R,0.1845,benign
F375S,0.1962,benign
F375T,0.3231,benign
F375V,0.1333,benign
F375W,0.2258,benign
F375Y,0.0833,benign
S376A,0.0934,benign
S376C,0.1369,benign
S376D,0.5738,pathogenic
S376E,0.6936,pathogenic
S376F,0.3356,benign
S376G,0.1728,benign
S376H,0.4278,ambiguous
S376I,0.4434,ambiguous
S376K,0.8355,pathogenic
S376L,0.2272,benign
S376M,0.4631,ambiguous
S376N,0.4285,ambiguous
S376P,0.7915,pathogenic
S376Q,0.6274,pathogenic
S376R,0.6748,pathogenic
S376T,0.1644,benign
S376V,0.4057,ambiguous
S376W,0.3921,ambiguous
S376Y,0.2717,benign
F377A,0.9028,pathogenic
F377C,0.8038,pathogenic
F377D,0.9662,pathogenic
F377E,0.968,pathogenic
F377G,0.9356,pathogenic
F377H,0.9092,pathogenic
F377I,0.8207,pathogenic
F377K,0.9737,pathogenic
F377L,0.9759,pathogenic
F377M,0.8762,pathogenic
F377N,0.9381,pathogenic
F377P,0.9931,pathogenic
F377Q,0.9486,pathogenic
F377R,0.9239,pathogenic
F377S,0.8487,pathogenic
F377T,0.896,pathogenic
F377V,0.6714,pathogenic
F377W,0.7324,pathogenic
F377Y,0.6078,pathogenic
E378A,0.5026,ambiguous
E378C,0.8831,pathogenic
E378D,0.3857,ambiguous
E378F,0.9194,pathogenic
E378G,0.4427,ambiguous
E378H,0.7818,pathogenic
E378I,0.7752,pathogenic
E378K,0.6204,pathogenic
E378L,0.7451,pathogenic
E378M,0.84,pathogenic
E378N,0.7278,pathogenic
E378P,0.912,pathogenic
E378Q,0.3296,benign
E378R,0.616,pathogenic
E378S,0.5136,ambiguous
E378T,0.6582,pathogenic
E378V,0.6083,pathogenic
E378W,0.9558,pathogenic
E378Y,0.8353,pathogenic
Q379A,0.1485,benign
Q379C,0.3958,ambiguous
Q379D,0.2168,benign
Q379E,0.0731,benign
Q379F,0.3638,ambiguous
Q379G,0.1716,benign
Q379H,0.1451,benign
Q379I,0.1763,benign
Q379K,0.0665,benign
Q379L,0.0812,benign
Q379M,0.193,benign
Q379N,0.1645,benign
Q379P,0.1672,benign
Q379R,0.0771,benign
Q379S,0.1625,benign
Q379T,0.1236,benign
Q379V,0.132,benign
Q379W,0.2783,benign
Q379Y,0.2426,benign
P380A,0.0933,benign
P380C,0.4547,ambiguous
P380D,0.3487,ambiguous
P380E,0.2519,benign
P380F,0.449,ambiguous
P380G,0.2405,benign
P380H,0.2224,benign
P380I,0.3036,benign
P380K,0.2384,benign
P380L,0.1473,benign
P380M,0.3121,benign
P380N,0.3115,benign
P380Q,0.1874,benign
P380R,0.1591,benign
P380S,0.1511,benign
P380T,0.1042,benign
P380V,0.2161,benign
P380W,0.4999,ambiguous
P380Y,0.3856,ambiguous
D381A,0.083,benign
D381C,0.2538,benign
D381E,0.113,benign
D381F,0.2619,benign
D381G,0.0629,benign
D381H,0.1372,benign
D381I,0.1775,benign
D381K,0.1574,benign
D381L,0.1735,benign
D381M,0.3567,ambiguous
D381N,0.0854,benign
D381P,0.2755,benign
D381Q,0.1514,benign
D381R,0.1479,benign
D381S,0.0824,benign
D381T,0.135,benign
D381V,0.1068,benign
D381W,0.5009,ambiguous
D381Y,0.1107,benign
G382A,0.1271,benign
G382C,0.1512,benign
G382D,0.1644,benign
G382E,0.1677,benign
G382F,0.3159,benign
G382H,0.2843,benign
G382I,0.1754,benign
G382K,0.2713,benign
G382L,0.3078,benign
G382M,0.357,ambiguous
G382N,0.2633,benign
G382P,0.5567,ambiguous
G382Q,0.24,benign
G382R,0.1763,benign
G382S,0.1215,benign
G382T,0.159,benign
G382V,0.1247,benign
G382W,0.2191,benign
G382Y,0.2396,benign
R383A,0.2506,benign
R383C,0.2257,benign
R383D,0.4721,ambiguous
R383E,0.2219,benign
R383F,0.317,benign
R383G,0.1852,benign
R383H,0.1569,benign
R383I,0.1259,benign
R383K,0.0795,benign
R383L,0.1559,benign
R383M,0.1512,benign
R383N,0.4185,ambiguous
R383P,0.3147,benign
R383Q,0.1231,benign
R383S,0.3471,ambiguous
R383T,0.1607,benign
R383V,0.1816,benign
R383W,0.1548,benign
R383Y,0.2676,benign
A384C,0.3303,benign
A384D,0.4278,ambiguous
A384E,0.3157,benign
A384F,0.2513,benign
A384G,0.168,benign
A384H,0.4648,ambiguous
A384I,0.176,benign
A384K,0.4151,ambiguous
A384L,0.1639,benign
A384M,0.2392,benign
A384N,0.3471,ambiguous
A384P,0.2795,benign
A384Q,0.3464,ambiguous
A384R,0.2923,benign
A384S,0.132,benign
A384T,0.1109,benign
A384V,0.0915,benign
A384W,0.5751,pathogenic
A384Y,0.3712,ambiguous
Q385A,0.6105,pathogenic
Q385C,0.9761,pathogenic
Q385D,0.9675,pathogenic
Q385E,0.442,ambiguous
Q385F,0.9676,pathogenic
Q385G,0.7782,pathogenic
Q385H,0.9612,pathogenic
Q385I,0.7906,pathogenic
Q385K,0.6811,pathogenic
Q385L,0.6147,pathogenic
Q385M,0.7201,pathogenic
Q385N,0.8839,pathogenic
Q385P,0.6218,pathogenic
Q385R,0.7161,pathogenic
Q385S,0.7399,pathogenic
Q385T,0.7525,pathogenic
Q385V,0.6784,pathogenic
Q385W,0.9808,pathogenic
Q385Y,0.9795,pathogenic
M386A,0.9589,pathogenic
M386C,0.9649,pathogenic
M386D,0.9897,pathogenic
M386E,0.956,pathogenic
M386F,0.7068,pathogenic
M386G,0.9732,pathogenic
M386H,0.9481,pathogenic
M386I,0.8749,pathogenic
M386K,0.8084,pathogenic
M386L,0.4206,ambiguous
M386N,0.9272,pathogenic
M386P,0.9762,pathogenic
M386Q,0.7979,pathogenic
M386R,0.8479,pathogenic
M386S,0.9442,pathogenic
M386T,0.9462,pathogenic
M386V,0.5973,pathogenic
M386W,0.9425,pathogenic
M386Y,0.9014,pathogenic
P387A,0.5682,pathogenic
P387C,0.9655,pathogenic
P387D,0.9938,pathogenic
P387E,0.9842,pathogenic
P387F,0.9938,pathogenic
P387G,0.9455,pathogenic
P387H,0.9824,pathogenic
P387I,0.9539,pathogenic
P387K,0.9893,pathogenic
P387L,0.8063,pathogenic
P387M,0.9746,pathogenic
P387N,0.9907,pathogenic
P387Q,0.9743,pathogenic
P387R,0.9609,pathogenic
P387S,0.9281,pathogenic
P387T,0.9059,pathogenic
P387V,0.8753,pathogenic
P387W,0.9972,pathogenic
P387Y,0.9946,pathogenic
T388A,0.1531,benign
T388C,0.5409,ambiguous
T388D,0.8867,pathogenic
T388E,0.8465,pathogenic
T388F,0.8279,pathogenic
T388G,0.6005,pathogenic
T388H,0.8317,pathogenic
T388I,0.6089,pathogenic
T388K,0.8477,pathogenic
T388L,0.5467,ambiguous
T388M,0.3478,ambiguous
T388N,0.5718,pathogenic
T388P,0.7054,pathogenic
T388Q,0.771,pathogenic
T388R,0.7577,pathogenic
T388S,0.2355,benign
T388V,0.3132,benign
T388W,0.9609,pathogenic
T388Y,0.8594,pathogenic
T389A,0.057,benign
T389C,0.3853,ambiguous
T389D,0.6276,pathogenic
T389E,0.4364,ambiguous
T389F,0.4775,ambiguous
T389G,0.33,benign
T389H,0.5033,ambiguous
T389I,0.2317,benign
T389K,0.3144,benign
T389L,0.1866,benign
T389M,0.1363,benign
T389N,0.3019,benign
T389P,0.2617,benign
T389Q,0.3644,ambiguous
T389R,0.2491,benign
T389S,0.1668,benign
T389V,0.1466,benign
T389W,0.7804,pathogenic
T389Y,0.5234,ambiguous
E390A,0.6884,pathogenic
E390C,0.9622,pathogenic
E390D,0.365,ambiguous
E390F,0.9675,pathogenic
E390G,0.547,ambiguous
E390H,0.9105,pathogenic
E390I,0.8883,pathogenic
E390K,0.5815,pathogenic
E390L,0.9086,pathogenic
E390M,0.9073,pathogenic
E390N,0.8129,pathogenic
E390P,0.9445,pathogenic
E390Q,0.5366,ambiguous
E390R,0.7069,pathogenic
E390S,0.6998,pathogenic
E390T,0.7982,pathogenic
E390V,0.7306,pathogenic
E390W,0.9761,pathogenic
E390Y,0.9238,pathogenic
R391A,0.9268,pathogenic
R391C,0.6592,pathogenic
R391D,0.9535,pathogenic
R391E,0.7948,pathogenic
R391F,0.9456,pathogenic
R391G,0.8011,pathogenic
R391H,0.5546,ambiguous
R391I,0.8167,pathogenic
R391K,0.5196,ambiguous
R391L,0.8201,pathogenic
R391M,0.834,pathogenic
R391N,0.9468,pathogenic
R391P,0.9589,pathogenic
R391Q,0.5025,ambiguous
R391S,0.9533,pathogenic
R391T,0.8758,pathogenic
R391V,0.8839,pathogenic
R391W,0.5077,ambiguous
R391Y,0.8477,pathogenic
V392A,0.2831,benign
V392C,0.6872,pathogenic
V392D,0.5469,ambiguous
V392E,0.4234,ambiguous
V392F,0.3637,ambiguous
V392G,0.217,benign
V392H,0.7502,pathogenic
V392I,0.1793,benign
V392K,0.5642,pathogenic
V392L,0.4013,ambiguous
V392M,0.2393,benign
V392N,0.3806,ambiguous
V392P,0.9057,pathogenic
V392Q,0.3871,ambiguous
V392R,0.4905,ambiguous
V392S,0.3059,benign
V392T,0.2553,benign
V392W,0.8985,pathogenic
V392Y,0.695,pathogenic
T393A,0.6882,pathogenic
T393C,0.9065,pathogenic
T393D,0.97,pathogenic
T393E,0.9744,pathogenic
T393F,0.9508,pathogenic
T393G,0.8128,pathogenic
T393H,0.9336,pathogenic
T393I,0.9709,pathogenic
T393K,0.9683,pathogenic
T393L,0.8346,pathogenic
T393M,0.6325,pathogenic
T393N,0.7999,pathogenic
T393P,0.8441,pathogenic
T393Q,0.9327,pathogenic
T393R,0.9466,pathogenic
T393S,0.3494,ambiguous
T393V,0.9287,pathogenic
T393W,0.9846,pathogenic
T393Y,0.9503,pathogenic
L394A,0.6743,pathogenic
L394C,0.8483,pathogenic
L394D,0.9887,pathogenic
L394E,0.9474,pathogenic
L394F,0.5213,ambiguous
L394G,0.9132,pathogenic
L394H,0.8642,pathogenic
L394I,0.3787,ambiguous
L394K,0.905,pathogenic
L394M,0.1731,benign
L394N,0.9277,pathogenic
L394P,0.8878,pathogenic
L394Q,0.751,pathogenic
L394R,0.8275,pathogenic
L394S,0.8043,pathogenic
L394T,0.7443,pathogenic
L394V,0.3202,benign
L394W,0.838,pathogenic
L394Y,0.9086,pathogenic
T395A,0.2523,benign
T395C,0.661,pathogenic
T395D,0.82,pathogenic
T395E,0.768,pathogenic
T395F,0.777,pathogenic
T395G,0.4872,ambiguous
T395H,0.6759,pathogenic
T395I,0.5853,pathogenic
T395K,0.6142,pathogenic
T395L,0.2746,benign
T395M,0.286,benign
T395N,0.356,ambiguous
T395P,0.1599,benign
T395Q,0.5707,pathogenic
T395R,0.5084,ambiguous
T395S,0.2449,benign
T395V,0.4786,ambiguous
T395W,0.9053,pathogenic
T395Y,0.786,pathogenic
R396A,0.7985,pathogenic
R396C,0.4199,ambiguous
R396D,0.9255,pathogenic
R396E,0.7372,pathogenic
R396F,0.9418,pathogenic
R396G,0.5272,ambiguous
R396H,0.2864,benign
R396I,0.8568,pathogenic
R396K,0.118,benign
R396L,0.7439,pathogenic
R396M,0.7828,pathogenic
R396N,0.8454,pathogenic
R396P,0.9532,pathogenic
R396Q,0.23,benign
R396S,0.8066,pathogenic
R396T,0.7047,pathogenic
R396V,0.8719,pathogenic
R396W,0.6102,pathogenic
R396Y,0.8308,pathogenic
C397A,0.2624,benign
C397D,0.3593,ambiguous
C397E,0.5017,ambiguous
C397F,0.18,benign
C397G,0.1322,benign
C397H,0.1521,benign
C397I,0.4507,ambiguous
C397K,0.2703,benign
C397L,0.2393,benign
C397M,0.5519,ambiguous
C397N,0.24,benign
C397P,0.5108,ambiguous
C397Q,0.2396,benign
C397R,0.091,benign
C397S,0.1779,benign
C397T,0.3458,ambiguous
C397V,0.3936,ambiguous
C397W,0.273,benign
C397Y,0.1175,benign
F398A,0.9645,pathogenic
F398C,0.8025,pathogenic
F398D,0.9949,pathogenic
F398E,0.9956,pathogenic
F398G,0.9804,pathogenic
F398H,0.948,pathogenic
F398I,0.7705,pathogenic
F398K,0.9921,pathogenic
F398L,0.9514,pathogenic
F398M,0.9343,pathogenic
F398N,0.9841,pathogenic
F398P,0.9954,pathogenic
F398Q,0.9893,pathogenic
F398R,0.9665,pathogenic
F398S,0.9547,pathogenic
F398T,0.9731,pathogenic
F398V,0.7501,pathogenic
F398W,0.8337,pathogenic
F398Y,0.5671,pathogenic
Y399A,0.9705,pathogenic
Y399C,0.5925,pathogenic
Y399D,0.9742,pathogenic
Y399E,0.9927,pathogenic
Y399F,0.1909,benign
Y399G,0.953,pathogenic
Y399H,0.7158,pathogenic
Y399I,0.9187,pathogenic
Y399K,0.9813,pathogenic
Y399L,0.855,pathogenic
Y399M,0.966,pathogenic
Y399N,0.8778,pathogenic
Y399P,0.9709,pathogenic
Y399Q,0.9706,pathogenic
Y399R,0.9124,pathogenic
Y399S,0.8455,pathogenic
Y399T,0.9681,pathogenic
Y399V,0.873,pathogenic
Y399W,0.688,pathogenic
L400A,0.8997,pathogenic
L400C,0.8727,pathogenic
L400D,0.9939,pathogenic
L400E,0.9842,pathogenic
L400F,0.3599,ambiguous
L400G,0.9682,pathogenic
L400H,0.9062,pathogenic
L400I,0.2791,benign
L400K,0.9596,pathogenic
L400M,0.428,ambiguous
L400N,0.9753,pathogenic
L400P,0.8604,pathogenic
L400Q,0.9291,pathogenic
L400R,0.8784,pathogenic
L400S,0.9627,pathogenic
L400T,0.9034,pathogenic
L400V,0.3495,ambiguous
L400W,0.7945,pathogenic
L400Y,0.8685,pathogenic
F401A,0.964,pathogenic
F401C,0.8641,pathogenic
F401D,0.9825,pathogenic
F401E,0.9885,pathogenic
F401G,0.968,pathogenic
F401H,0.8877,pathogenic
F401I,0.8635,pathogenic
F401K,0.9811,pathogenic
F401L,0.9443,pathogenic
F401M,0.9173,pathogenic
F401N,0.9372,pathogenic
F401P,0.9924,pathogenic
F401Q,0.9665,pathogenic
F401R,0.9481,pathogenic
F401S,0.9093,pathogenic
F401T,0.9767,pathogenic
F401V,0.8819,pathogenic
F401W,0.7631,pathogenic
F401Y,0.4795,ambiguous
P402A,0.5513,ambiguous
P402C,0.9149,pathogenic
P402D,0.9667,pathogenic
P402E,0.9036,pathogenic
P402F,0.9702,pathogenic
P402G,0.8607,pathogenic
P402H,0.8276,pathogenic
P402I,0.9298,pathogenic
P402K,0.9064,pathogenic
P402L,0.7104,pathogenic
P402M,0.9582,pathogenic
P402N,0.9609,pathogenic
P402Q,0.7962,pathogenic
P402R,0.6876,pathogenic
P402S,0.7357,pathogenic
P402T,0.7045,pathogenic
P402V,0.8615,pathogenic
P402W,0.9638,pathogenic
P402Y,0.9602,pathogenic
G403A,0.6038,pathogenic
G403C,0.7245,pathogenic
G403D,0.7114,pathogenic
G403E,0.7447,pathogenic
G403F,0.9336,pathogenic
G403H,0.9157,pathogenic
G403I,0.8931,pathogenic
G403K,0.9158,pathogenic
G403L,0.9108,pathogenic
G403M,0.951,pathogenic
G403N,0.8437,pathogenic
G403P,0.9703,pathogenic
G403Q,0.8546,pathogenic
G403R,0.7853,pathogenic
G403S,0.4377,ambiguous
G403T,0.7747,pathogenic
G403V,0.786,pathogenic
G403W,0.8585,pathogenic
G403Y,0.896,pathogenic
H404A,0.3402,ambiguous
H404C,0.1402,benign
H404D,0.3,benign
H404E,0.3262,benign
H404F,0.1399,benign
H404G,0.3265,benign
H404I,0.2903,benign
H404K,0.277,benign
H404L,0.1508,benign
H404M,0.4087,ambiguous
H404N,0.1047,benign
H404P,0.2801,benign
H404Q,0.2209,benign
H404R,0.1385,benign
H404S,0.2334,benign
H404T,0.2835,benign
H404V,0.2459,benign
H404W,0.2334,benign
H404Y,0.0589,benign
