GeneName,FeatureID,hgvsp_like,protPos,n_snv,phylop_mean,phylop_median,phylop_max
PDK1,ENST00000282077,A10A,10,3,-0.661,-0.661,-0.661
PDK1,ENST00000282077,A10D,10,1,0.189,0.189,0.189
PDK1,ENST00000282077,A10G,10,1,0.189,0.189,0.189
PDK1,ENST00000282077,A10P,10,1,1.669,1.669,1.669
PDK1,ENST00000282077,A10S,10,1,1.669,1.669,1.669
PDK1,ENST00000282077,A10T,10,1,1.669,1.669,1.669
PDK1,ENST00000282077,A10V,10,1,0.189,0.189,0.189
PDK1,ENST00000282077,A11A,11,3,-0.338,-0.338,-0.338
PDK1,ENST00000282077,A11D,11,1,0.353,0.353,0.353
PDK1,ENST00000282077,A11G,11,1,0.353,0.353,0.353
PDK1,ENST00000282077,A11P,11,1,0.857,0.857,0.857
PDK1,ENST00000282077,A11S,11,1,0.857,0.857,0.857
PDK1,ENST00000282077,A11T,11,1,0.857,0.857,0.857
PDK1,ENST00000282077,A11V,11,1,0.353,0.353,0.353
PDK1,ENST00000282077,A129A,129,3,0.27,0.27,0.27
PDK1,ENST00000282077,A129D,129,1,7.152,7.152,7.152
PDK1,ENST00000282077,A129G,129,1,7.152,7.152,7.152
PDK1,ENST00000282077,A129P,129,1,6.147,6.147,6.147
PDK1,ENST00000282077,A129S,129,1,6.147,6.147,6.147
PDK1,ENST00000282077,A129T,129,1,6.147,6.147,6.147
PDK1,ENST00000282077,A129V,129,1,7.152,7.152,7.152
PDK1,ENST00000282077,A132A,132,3,0.283,0.283,0.283
PDK1,ENST00000282077,A132D,132,1,2.134,2.134,2.134
PDK1,ENST00000282077,A132G,132,1,2.134,2.134,2.134
PDK1,ENST00000282077,A132P,132,1,3.019,3.019,3.019
PDK1,ENST00000282077,A132S,132,1,3.019,3.019,3.019
PDK1,ENST00000282077,A132T,132,1,3.019,3.019,3.019
PDK1,ENST00000282077,A132V,132,1,2.134,2.134,2.134
PDK1,ENST00000282077,A134A,134,3,1.165,1.165,1.165
PDK1,ENST00000282077,A134D,134,1,1.35,1.35,1.35
PDK1,ENST00000282077,A134G,134,1,1.35,1.35,1.35
PDK1,ENST00000282077,A134P,134,1,1.197,1.197,1.197
PDK1,ENST00000282077,A134S,134,1,1.197,1.197,1.197
PDK1,ENST00000282077,A134T,134,1,1.197,1.197,1.197
PDK1,ENST00000282077,A134V,134,1,1.35,1.35,1.35
PDK1,ENST00000282077,A13A,13,3,0.771,0.771,0.771
PDK1,ENST00000282077,A13D,13,1,0.776,0.776,0.776
PDK1,ENST00000282077,A13G,13,1,0.776,0.776,0.776
PDK1,ENST00000282077,A13P,13,1,1.406,1.406,1.406
PDK1,ENST00000282077,A13S,13,1,1.406,1.406,1.406
PDK1,ENST00000282077,A13T,13,1,1.406,1.406,1.406
PDK1,ENST00000282077,A13V,13,1,0.776,0.776,0.776
PDK1,ENST00000282077,A157A,157,3,-0.134,-0.134,-0.134
PDK1,ENST00000282077,A157D,157,1,7.518,7.518,7.518
PDK1,ENST00000282077,A157G,157,1,7.518,7.518,7.518
PDK1,ENST00000282077,A157P,157,1,9.389,9.389,9.389
PDK1,ENST00000282077,A157S,157,1,9.389,9.389,9.389
PDK1,ENST00000282077,A157T,157,1,9.389,9.389,9.389
PDK1,ENST00000282077,A157V,157,1,7.518,7.518,7.518
PDK1,ENST00000282077,A21A,21,3,0.26,0.26,0.26
PDK1,ENST00000282077,A21D,21,1,0.789,0.789,0.789
PDK1,ENST00000282077,A21G,21,1,0.789,0.789,0.789
PDK1,ENST00000282077,A21P,21,1,0.235,0.235,0.235
PDK1,ENST00000282077,A21S,21,1,0.235,0.235,0.235
PDK1,ENST00000282077,A21T,21,1,0.235,0.235,0.235
PDK1,ENST00000282077,A21V,21,1,0.789,0.789,0.789
PDK1,ENST00000282077,A22A,22,3,-1.22,-1.22,-1.22
PDK1,ENST00000282077,A22D,22,1,0.282,0.282,0.282
PDK1,ENST00000282077,A22G,22,1,0.282,0.282,0.282
PDK1,ENST00000282077,A22P,22,1,-0.066,-0.066,-0.066
PDK1,ENST00000282077,A22S,22,1,-0.066,-0.066,-0.066
PDK1,ENST00000282077,A22T,22,1,-0.066,-0.066,-0.066
PDK1,ENST00000282077,A22V,22,1,0.282,0.282,0.282
PDK1,ENST00000282077,A236A,236,3,-0.267,-0.267,-0.267
PDK1,ENST00000282077,A236D,236,1,7.518,7.518,7.518
PDK1,ENST00000282077,A236G,236,1,7.518,7.518,7.518
PDK1,ENST00000282077,A236P,236,1,11.295,11.295,11.295
PDK1,ENST00000282077,A236S,236,1,11.295,11.295,11.295
PDK1,ENST00000282077,A236T,236,1,11.295,11.295,11.295
PDK1,ENST00000282077,A236V,236,1,7.518,7.518,7.518
PDK1,ENST00000282077,A257A,257,3,0.392,0.392,0.392
PDK1,ENST00000282077,A257E,257,1,0.629,0.629,0.629
PDK1,ENST00000282077,A257G,257,1,0.629,0.629,0.629
PDK1,ENST00000282077,A257P,257,1,6.992,6.992,6.992
PDK1,ENST00000282077,A257S,257,1,6.992,6.992,6.992
PDK1,ENST00000282077,A257T,257,1,6.992,6.992,6.992
PDK1,ENST00000282077,A257V,257,1,0.629,0.629,0.629
PDK1,ENST00000282077,A284A,284,3,0.563,0.563,0.563
PDK1,ENST00000282077,A284E,284,1,7.518,7.518,7.518
PDK1,ENST00000282077,A284G,284,1,7.518,7.518,7.518
PDK1,ENST00000282077,A284P,284,1,7.891,7.891,7.891
PDK1,ENST00000282077,A284S,284,1,7.891,7.891,7.891
PDK1,ENST00000282077,A284T,284,1,7.891,7.891,7.891
PDK1,ENST00000282077,A284V,284,1,7.518,7.518,7.518
PDK1,ENST00000282077,A287A,287,3,-0.525,-0.525,-0.525
PDK1,ENST00000282077,A287D,287,1,7.518,7.518,7.518
PDK1,ENST00000282077,A287G,287,1,7.518,7.518,7.518
PDK1,ENST00000282077,A287P,287,1,11.295,11.295,11.295
PDK1,ENST00000282077,A287S,287,1,11.295,11.295,11.295
PDK1,ENST00000282077,A287T,287,1,11.295,11.295,11.295
PDK1,ENST00000282077,A287V,287,1,7.518,7.518,7.518
PDK1,ENST00000282077,A293A,293,3,-2.09,-2.09,-2.09
PDK1,ENST00000282077,A293D,293,1,1.702,1.702,1.702
PDK1,ENST00000282077,A293G,293,1,1.702,1.702,1.702
PDK1,ENST00000282077,A293P,293,1,8.044,8.044,8.044
PDK1,ENST00000282077,A293S,293,1,8.044,8.044,8.044
PDK1,ENST00000282077,A293T,293,1,8.044,8.044,8.044
PDK1,ENST00000282077,A293V,293,1,1.702,1.702,1.702
PDK1,ENST00000282077,A339A,339,3,0,0,0
PDK1,ENST00000282077,A339E,339,1,7.518,7.518,7.518
PDK1,ENST00000282077,A339G,339,1,7.518,7.518,7.518
PDK1,ENST00000282077,A339P,339,1,11.295,11.295,11.295
PDK1,ENST00000282077,A339S,339,1,11.295,11.295,11.295
PDK1,ENST00000282077,A339T,339,1,11.295,11.295,11.295
PDK1,ENST00000282077,A339V,339,1,7.518,7.518,7.518
PDK1,ENST00000282077,A349A,349,3,-3.654,-3.654,-3.654
PDK1,ENST00000282077,A349E,349,1,3.706,3.706,3.706
PDK1,ENST00000282077,A349G,349,1,3.706,3.706,3.706
PDK1,ENST00000282077,A349P,349,1,9.262,9.262,9.262
PDK1,ENST00000282077,A349S,349,1,9.262,9.262,9.262
PDK1,ENST00000282077,A349T,349,1,9.262,9.262,9.262
PDK1,ENST00000282077,A349V,349,1,3.706,3.706,3.706
PDK1,ENST00000282077,A353A,353,3,2.897,2.897,2.897
PDK1,ENST00000282077,A353D,353,1,7.518,7.518,7.518
PDK1,ENST00000282077,A353G,353,1,7.518,7.518,7.518
PDK1,ENST00000282077,A353P,353,1,11.295,11.295,11.295
PDK1,ENST00000282077,A353S,353,1,11.295,11.295,11.295
PDK1,ENST00000282077,A353T,353,1,11.295,11.295,11.295
PDK1,ENST00000282077,A353V,353,1,7.518,7.518,7.518
PDK1,ENST00000282077,A366A,366,3,-0.862,-0.862,-0.862
PDK1,ENST00000282077,A366E,366,1,5.798,5.798,5.798
PDK1,ENST00000282077,A366G,366,1,5.798,5.798,5.798
PDK1,ENST00000282077,A366P,366,1,11.295,11.295,11.295
PDK1,ENST00000282077,A366S,366,1,11.295,11.295,11.295
PDK1,ENST00000282077,A366T,366,1,11.295,11.295,11.295
PDK1,ENST00000282077,A366V,366,1,5.798,5.798,5.798
PDK1,ENST00000282077,A37A,37,3,2.361,2.361,2.361
PDK1,ENST00000282077,A37E,37,1,0.858,0.858,0.858
PDK1,ENST00000282077,A37G,37,1,0.858,0.858,0.858
PDK1,ENST00000282077,A37P,37,1,1.829,1.829,1.829
PDK1,ENST00000282077,A37S,37,1,1.829,1.829,1.829
PDK1,ENST00000282077,A37T,37,1,1.829,1.829,1.829
PDK1,ENST00000282077,A37V,37,1,0.858,0.858,0.858
PDK1,ENST00000282077,A385A,385,3,-2.355,-2.355,-2.355
PDK1,ENST00000282077,A385E,385,1,7.518,7.518,7.518
PDK1,ENST00000282077,A385G,385,1,7.518,7.518,7.518
PDK1,ENST00000282077,A385P,385,1,11.295,11.295,11.295
PDK1,ENST00000282077,A385S,385,1,11.295,11.295,11.295
PDK1,ENST00000282077,A385T,385,1,11.295,11.295,11.295
PDK1,ENST00000282077,A385V,385,1,7.518,7.518,7.518
PDK1,ENST00000282077,A391A,391,3,0.187,0.187,0.187
PDK1,ENST00000282077,A391D,391,1,7.43,7.43,7.43
PDK1,ENST00000282077,A391G,391,1,7.43,7.43,7.43
PDK1,ENST00000282077,A391P,391,1,11.256,11.256,11.256
PDK1,ENST00000282077,A391S,391,1,11.256,11.256,11.256
PDK1,ENST00000282077,A391T,391,1,11.256,11.256,11.256
PDK1,ENST00000282077,A391V,391,1,7.43,7.43,7.43
PDK1,ENST00000282077,A406A,406,3,0.045,0.045,0.045
PDK1,ENST00000282077,A406D,406,1,7.493,7.493,7.493
PDK1,ENST00000282077,A406G,406,1,7.493,7.493,7.493
PDK1,ENST00000282077,A406P,406,1,4.065,4.065,4.065
PDK1,ENST00000282077,A406S,406,1,4.065,4.065,4.065
PDK1,ENST00000282077,A406T,406,1,4.065,4.065,4.065
PDK1,ENST00000282077,A406V,406,1,7.493,7.493,7.493
PDK1,ENST00000282077,A407A,407,3,0.059,0.059,0.059
PDK1,ENST00000282077,A407D,407,1,4.716,4.716,4.716
PDK1,ENST00000282077,A407G,407,1,4.716,4.716,4.716
PDK1,ENST00000282077,A407P,407,1,11.256,11.256,11.256
PDK1,ENST00000282077,A407S,407,1,11.256,11.256,11.256
PDK1,ENST00000282077,A407T,407,1,11.256,11.256,11.256
PDK1,ENST00000282077,A407V,407,1,4.716,4.716,4.716
PDK1,ENST00000282077,A417A,417,3,-1.039,-1.039,-1.039
PDK1,ENST00000282077,A417D,417,1,7.493,7.493,7.493
PDK1,ENST00000282077,A417G,417,1,7.493,7.493,7.493
PDK1,ENST00000282077,A417P,417,1,11.256,11.256,11.256
PDK1,ENST00000282077,A417S,417,1,11.256,11.256,11.256
PDK1,ENST00000282077,A417T,417,1,11.256,11.256,11.256
PDK1,ENST00000282077,A417V,417,1,7.493,7.493,7.493
PDK1,ENST00000282077,A436A,436,3,0.706,0.706,0.706
PDK1,ENST00000282077,A436D,436,1,1.203,1.203,1.203
PDK1,ENST00000282077,A436G,436,1,1.203,1.203,1.203
PDK1,ENST00000282077,A436P,436,1,1.198,1.198,1.198
PDK1,ENST00000282077,A436S,436,1,1.198,1.198,1.198
PDK1,ENST00000282077,A436T,436,1,1.198,1.198,1.198
PDK1,ENST00000282077,A436V,436,1,1.203,1.203,1.203
PDK1,ENST00000282077,A4A,4,3,1.26,1.26,1.26
PDK1,ENST00000282077,A4E,4,1,0.43,0.43,0.43
PDK1,ENST00000282077,A4G,4,1,0.43,0.43,0.43
PDK1,ENST00000282077,A4P,4,1,0.165,0.165,0.165
PDK1,ENST00000282077,A4S,4,1,0.165,0.165,0.165
PDK1,ENST00000282077,A4T,4,1,0.165,0.165,0.165
PDK1,ENST00000282077,A4V,4,1,0.43,0.43,0.43
PDK1,ENST00000282077,A50A,50,3,0.209,0.209,0.209
PDK1,ENST00000282077,A50E,50,1,4.019,4.019,4.019
PDK1,ENST00000282077,A50G,50,1,4.019,4.019,4.019
PDK1,ENST00000282077,A50P,50,1,2.864,2.864,2.864
PDK1,ENST00000282077,A50S,50,1,2.864,2.864,2.864
PDK1,ENST00000282077,A50T,50,1,2.864,2.864,2.864
PDK1,ENST00000282077,A50V,50,1,4.019,4.019,4.019
PDK1,ENST00000282077,A70A,70,3,0.229,0.229,0.229
PDK1,ENST00000282077,A70D,70,1,5.791,5.791,5.791
PDK1,ENST00000282077,A70G,70,1,5.791,5.791,5.791
PDK1,ENST00000282077,A70P,70,1,11.295,11.295,11.295
PDK1,ENST00000282077,A70S,70,1,11.295,11.295,11.295
PDK1,ENST00000282077,A70T,70,1,11.295,11.295,11.295
PDK1,ENST00000282077,A70V,70,1,5.791,5.791,5.791
PDK1,ENST00000282077,A88A,88,3,1.45,1.45,1.45
PDK1,ENST00000282077,A88E,88,1,7.518,7.518,7.518
PDK1,ENST00000282077,A88G,88,1,7.518,7.518,7.518
PDK1,ENST00000282077,A88P,88,1,9.239,9.239,9.239
PDK1,ENST00000282077,A88S,88,1,9.239,9.239,9.239
PDK1,ENST00000282077,A88T,88,1,9.239,9.239,9.239
PDK1,ENST00000282077,A88V,88,1,7.518,7.518,7.518
PDK1,ENST00000282077,C223C,223,1,0.663,0.663,0.663
PDK1,ENST00000282077,C223F,223,1,11.295,11.295,11.295
PDK1,ENST00000282077,C223G,223,1,8.871,8.871,8.871
PDK1,ENST00000282077,C223R,223,1,8.871,8.871,8.871
PDK1,ENST00000282077,C223S,223,2,10.083,10.083,11.295
PDK1,ENST00000282077,C223W,223,1,0.663,0.663,0.663
PDK1,ENST00000282077,C223Y,223,1,11.295,11.295,11.295
PDK1,ENST00000282077,C240C,240,1,5.804,5.804,5.804
PDK1,ENST00000282077,C240F,240,1,11.295,11.295,11.295
PDK1,ENST00000282077,C240G,240,1,8.871,8.871,8.871
PDK1,ENST00000282077,C240R,240,1,8.871,8.871,8.871
PDK1,ENST00000282077,C240S,240,2,10.083,10.083,11.295
PDK1,ENST00000282077,C240W,240,1,5.804,5.804,5.804
PDK1,ENST00000282077,C240Y,240,1,11.295,11.295,11.295
PDK1,ENST00000282077,C421C,421,1,-0.161,-0.161,-0.161
PDK1,ENST00000282077,C421F,421,1,11.256,11.256,11.256
PDK1,ENST00000282077,C421G,421,1,7.046,7.046,7.046
PDK1,ENST00000282077,C421R,421,1,7.046,7.046,7.046
PDK1,ENST00000282077,C421S,421,2,9.151,9.151,11.256
PDK1,ENST00000282077,C421W,421,1,-0.161,-0.161,-0.161
PDK1,ENST00000282077,C421Y,421,1,11.256,11.256,11.256
PDK1,ENST00000282077,C71C,71,1,2.839,2.839,2.839
PDK1,ENST00000282077,C71F,71,1,11.295,11.295,11.295
PDK1,ENST00000282077,C71G,71,1,8.871,8.871,8.871
PDK1,ENST00000282077,C71R,71,1,8.871,8.871,8.871
PDK1,ENST00000282077,C71S,71,2,10.083,10.083,11.295
PDK1,ENST00000282077,C71W,71,1,2.839,2.839,2.839
PDK1,ENST00000282077,C71Y,71,1,11.295,11.295,11.295
PDK1,ENST00000282077,D123A,123,1,8.259,8.259,8.259
PDK1,ENST00000282077,D123D,123,1,-0.036,-0.036,-0.036
PDK1,ENST00000282077,D123E,123,2,-0.036,-0.036,-0.036
PDK1,ENST00000282077,D123G,123,1,8.259,8.259,8.259
PDK1,ENST00000282077,D123H,123,1,7.535,7.535,7.535
PDK1,ENST00000282077,D123N,123,1,7.535,7.535,7.535
PDK1,ENST00000282077,D123V,123,1,8.259,8.259,8.259
PDK1,ENST00000282077,D123Y,123,1,7.535,7.535,7.535
PDK1,ENST00000282077,D126A,126,1,8.259,8.259,8.259
PDK1,ENST00000282077,D126D,126,1,-0.074,-0.074,-0.074
PDK1,ENST00000282077,D126E,126,2,-0.074,-0.074,-0.074
PDK1,ENST00000282077,D126G,126,1,8.259,8.259,8.259
PDK1,ENST00000282077,D126H,126,1,7.513,7.513,7.513
PDK1,ENST00000282077,D126N,126,1,7.513,7.513,7.513
PDK1,ENST00000282077,D126V,126,1,8.259,8.259,8.259
PDK1,ENST00000282077,D126Y,126,1,7.513,7.513,7.513
PDK1,ENST00000282077,D131A,131,1,5.342,5.342,5.342
PDK1,ENST00000282077,D131D,131,1,1.605,1.605,1.605
PDK1,ENST00000282077,D131E,131,2,1.605,1.605,1.605
PDK1,ENST00000282077,D131G,131,1,5.342,5.342,5.342
PDK1,ENST00000282077,D131H,131,1,8.824,8.824,8.824
PDK1,ENST00000282077,D131N,131,1,8.824,8.824,8.824
PDK1,ENST00000282077,D131V,131,1,5.342,5.342,5.342
PDK1,ENST00000282077,D131Y,131,1,8.824,8.824,8.824
PDK1,ENST00000282077,D137A,137,1,4.474,4.474,4.474
PDK1,ENST00000282077,D137D,137,1,1.149,1.149,1.149
PDK1,ENST00000282077,D137E,137,2,1.149,1.149,1.149
PDK1,ENST00000282077,D137G,137,1,4.474,4.474,4.474
PDK1,ENST00000282077,D137H,137,1,5.165,5.165,5.165
PDK1,ENST00000282077,D137N,137,1,5.165,5.165,5.165
PDK1,ENST00000282077,D137V,137,1,4.474,4.474,4.474
PDK1,ENST00000282077,D137Y,137,1,5.165,5.165,5.165
PDK1,ENST00000282077,D140A,140,1,8.687,8.687,8.687
PDK1,ENST00000282077,D140D,140,1,0.461,0.461,0.461
PDK1,ENST00000282077,D140E,140,2,0.461,0.461,0.461
PDK1,ENST00000282077,D140G,140,1,8.687,8.687,8.687
PDK1,ENST00000282077,D140H,140,1,9.299,9.299,9.299
PDK1,ENST00000282077,D140N,140,1,9.299,9.299,9.299
PDK1,ENST00000282077,D140V,140,1,8.687,8.687,8.687
PDK1,ENST00000282077,D140Y,140,1,9.299,9.299,9.299
PDK1,ENST00000282077,D151A,151,1,8.687,8.687,8.687
PDK1,ENST00000282077,D151D,151,1,-0.042,-0.042,-0.042
PDK1,ENST00000282077,D151E,151,2,-0.042,-0.042,-0.042
PDK1,ENST00000282077,D151G,151,1,8.687,8.687,8.687
PDK1,ENST00000282077,D151H,151,1,9.385,9.385,9.385
PDK1,ENST00000282077,D151N,151,1,9.385,9.385,9.385
PDK1,ENST00000282077,D151V,151,1,8.687,8.687,8.687
PDK1,ENST00000282077,D151Y,151,1,9.385,9.385,9.385
PDK1,ENST00000282077,D170A,170,1,8.687,8.687,8.687
PDK1,ENST00000282077,D170D,170,1,2.198,2.198,2.198
PDK1,ENST00000282077,D170E,170,2,2.198,2.198,2.198
PDK1,ENST00000282077,D170G,170,1,8.687,8.687,8.687
PDK1,ENST00000282077,D170H,170,1,9.389,9.389,9.389
PDK1,ENST00000282077,D170N,170,1,9.389,9.389,9.389
PDK1,ENST00000282077,D170V,170,1,8.687,8.687,8.687
PDK1,ENST00000282077,D170Y,170,1,9.389,9.389,9.389
PDK1,ENST00000282077,D182A,182,1,8.687,8.687,8.687
PDK1,ENST00000282077,D182D,182,1,1.186,1.186,1.186
PDK1,ENST00000282077,D182E,182,2,1.186,1.186,1.186
PDK1,ENST00000282077,D182G,182,1,8.687,8.687,8.687
PDK1,ENST00000282077,D182H,182,1,11.295,11.295,11.295
PDK1,ENST00000282077,D182N,182,1,11.295,11.295,11.295
PDK1,ENST00000282077,D182V,182,1,8.687,8.687,8.687
PDK1,ENST00000282077,D182Y,182,1,11.295,11.295,11.295
PDK1,ENST00000282077,D231A,231,1,8.687,8.687,8.687
PDK1,ENST00000282077,D231D,231,1,3.462,3.462,3.462
PDK1,ENST00000282077,D231E,231,2,3.462,3.462,3.462
PDK1,ENST00000282077,D231G,231,1,8.687,8.687,8.687
PDK1,ENST00000282077,D231H,231,1,11.199,11.199,11.199
PDK1,ENST00000282077,D231N,231,1,11.199,11.199,11.199
PDK1,ENST00000282077,D231V,231,1,8.687,8.687,8.687
PDK1,ENST00000282077,D231Y,231,1,11.199,11.199,11.199
PDK1,ENST00000282077,D241A,241,1,8.687,8.687,8.687
PDK1,ENST00000282077,D241D,241,1,4.129,4.129,4.129
PDK1,ENST00000282077,D241E,241,2,4.129,4.129,4.129
PDK1,ENST00000282077,D241G,241,1,8.687,8.687,8.687
PDK1,ENST00000282077,D241H,241,1,7.855,7.855,7.855
PDK1,ENST00000282077,D241N,241,1,7.855,7.855,7.855
PDK1,ENST00000282077,D241V,241,1,8.687,8.687,8.687
PDK1,ENST00000282077,D241Y,241,1,7.855,7.855,7.855
PDK1,ENST00000282077,D311A,311,1,8.687,8.687,8.687
PDK1,ENST00000282077,D311D,311,1,0.184,0.184,0.184
PDK1,ENST00000282077,D311E,311,2,0.184,0.184,0.184
PDK1,ENST00000282077,D311G,311,1,8.687,8.687,8.687
PDK1,ENST00000282077,D311H,311,1,11.295,11.295,11.295
PDK1,ENST00000282077,D311N,311,1,11.295,11.295,11.295
PDK1,ENST00000282077,D311V,311,1,8.687,8.687,8.687
PDK1,ENST00000282077,D311Y,311,1,11.295,11.295,11.295
PDK1,ENST00000282077,D318A,318,1,8.687,8.687,8.687
PDK1,ENST00000282077,D318D,318,1,0.338,0.338,0.338
PDK1,ENST00000282077,D318E,318,2,0.338,0.338,0.338
PDK1,ENST00000282077,D318G,318,1,8.687,8.687,8.687
PDK1,ENST00000282077,D318H,318,1,11.295,11.295,11.295
PDK1,ENST00000282077,D318N,318,1,11.295,11.295,11.295
PDK1,ENST00000282077,D318V,318,1,8.687,8.687,8.687
PDK1,ENST00000282077,D318Y,318,1,11.295,11.295,11.295
PDK1,ENST00000282077,D31A,31,1,1.488,1.488,1.488
PDK1,ENST00000282077,D31D,31,1,0.238,0.238,0.238
PDK1,ENST00000282077,D31E,31,2,0.238,0.238,0.238
PDK1,ENST00000282077,D31G,31,1,1.488,1.488,1.488
PDK1,ENST00000282077,D31H,31,1,0.911,0.911,0.911
PDK1,ENST00000282077,D31N,31,1,0.911,0.911,0.911
PDK1,ENST00000282077,D31V,31,1,1.488,1.488,1.488
PDK1,ENST00000282077,D31Y,31,1,0.911,0.911,0.911
PDK1,ENST00000282077,D329A,329,1,8.687,8.687,8.687
PDK1,ENST00000282077,D329D,329,1,0.87,0.87,0.87
PDK1,ENST00000282077,D329E,329,2,0.87,0.87,0.87
PDK1,ENST00000282077,D329G,329,1,8.687,8.687,8.687
PDK1,ENST00000282077,D329H,329,1,11.295,11.295,11.295
PDK1,ENST00000282077,D329N,329,1,11.295,11.295,11.295
PDK1,ENST00000282077,D329V,329,1,8.687,8.687,8.687
PDK1,ENST00000282077,D329Y,329,1,11.295,11.295,11.295
PDK1,ENST00000282077,D372A,372,1,8.687,8.687,8.687
PDK1,ENST00000282077,D372D,372,1,1.414,1.414,1.414
PDK1,ENST00000282077,D372E,372,2,1.414,1.414,1.414
PDK1,ENST00000282077,D372G,372,1,8.687,8.687,8.687
PDK1,ENST00000282077,D372H,372,1,11.295,11.295,11.295
PDK1,ENST00000282077,D372N,372,1,11.295,11.295,11.295
PDK1,ENST00000282077,D372V,372,1,8.687,8.687,8.687
PDK1,ENST00000282077,D372Y,372,1,11.295,11.295,11.295
PDK1,ENST00000282077,D384A,384,1,8.687,8.687,8.687
PDK1,ENST00000282077,D384D,384,1,0.466,0.466,0.466
PDK1,ENST00000282077,D384E,384,2,0.466,0.466,0.466
PDK1,ENST00000282077,D384G,384,1,8.687,8.687,8.687
PDK1,ENST00000282077,D384H,384,1,9.33,9.33,9.33
PDK1,ENST00000282077,D384N,384,1,9.33,9.33,9.33
PDK1,ENST00000282077,D384V,384,1,8.687,8.687,8.687
PDK1,ENST00000282077,D384Y,384,1,9.33,9.33,9.33
PDK1,ENST00000282077,D395A,395,1,8.584,8.584,8.584
PDK1,ENST00000282077,D395D,395,1,-0.445,-0.445,-0.445
PDK1,ENST00000282077,D395E,395,2,-0.445,-0.445,-0.445
PDK1,ENST00000282077,D395G,395,1,8.584,8.584,8.584
PDK1,ENST00000282077,D395H,395,1,11.161,11.161,11.161
PDK1,ENST00000282077,D395N,395,1,11.161,11.161,11.161
PDK1,ENST00000282077,D395V,395,1,8.584,8.584,8.584
PDK1,ENST00000282077,D395Y,395,1,11.161,11.161,11.161
PDK1,ENST00000282077,D418A,418,1,8.657,8.657,8.657
PDK1,ENST00000282077,D418D,418,1,-0.178,-0.178,-0.178
PDK1,ENST00000282077,D418E,418,2,-0.178,-0.178,-0.178
PDK1,ENST00000282077,D418G,418,1,8.657,8.657,8.657
PDK1,ENST00000282077,D418H,418,1,9.313,9.313,9.313
PDK1,ENST00000282077,D418N,418,1,9.313,9.313,9.313
PDK1,ENST00000282077,D418V,418,1,8.657,8.657,8.657
PDK1,ENST00000282077,D418Y,418,1,9.313,9.313,9.313
PDK1,ENST00000282077,D419A,419,1,8.657,8.657,8.657
PDK1,ENST00000282077,D419D,419,1,2.454,2.454,2.454
PDK1,ENST00000282077,D419E,419,2,2.454,2.454,2.454
PDK1,ENST00000282077,D419G,419,1,8.657,8.657,8.657
PDK1,ENST00000282077,D419H,419,1,11.256,11.256,11.256
PDK1,ENST00000282077,D419N,419,1,11.256,11.256,11.256
PDK1,ENST00000282077,D419V,419,1,8.657,8.657,8.657
PDK1,ENST00000282077,D419Y,419,1,11.256,11.256,11.256
PDK1,ENST00000282077,D429A,429,1,8.657,8.657,8.657
PDK1,ENST00000282077,D429D,429,1,5.749,5.749,5.749
PDK1,ENST00000282077,D429E,429,2,5.749,5.749,5.749
PDK1,ENST00000282077,D429G,429,1,8.657,8.657,8.657
PDK1,ENST00000282077,D429H,429,1,8.01,8.01,8.01
PDK1,ENST00000282077,D429N,429,1,8.01,8.01,8.01
PDK1,ENST00000282077,D429V,429,1,8.657,8.657,8.657
PDK1,ENST00000282077,D429Y,429,1,8.01,8.01,8.01
PDK1,ENST00000282077,D47A,47,1,4.833,4.833,4.833
PDK1,ENST00000282077,D47D,47,1,0.719,0.719,0.719
PDK1,ENST00000282077,D47E,47,2,0.719,0.719,0.719
PDK1,ENST00000282077,D47G,47,1,4.833,4.833,4.833
PDK1,ENST00000282077,D47H,47,1,6.985,6.985,6.985
PDK1,ENST00000282077,D47N,47,1,6.985,6.985,6.985
PDK1,ENST00000282077,D47V,47,1,4.833,4.833,4.833
PDK1,ENST00000282077,D47Y,47,1,6.985,6.985,6.985
PDK1,ENST00000282077,D64A,64,1,5.073,5.073,5.073
PDK1,ENST00000282077,D64D,64,1,0.966,0.966,0.966
PDK1,ENST00000282077,D64E,64,2,0.966,0.966,0.966
PDK1,ENST00000282077,D64G,64,1,5.073,5.073,5.073
PDK1,ENST00000282077,D64H,64,1,7.185,7.185,7.185
PDK1,ENST00000282077,D64N,64,1,7.185,7.185,7.185
PDK1,ENST00000282077,D64V,64,1,5.073,5.073,5.073
PDK1,ENST00000282077,D64Y,64,1,7.185,7.185,7.185
PDK1,ENST00000282077,D99A,99,1,8.687,8.687,8.687
PDK1,ENST00000282077,D99D,99,1,0.427,0.427,0.427
PDK1,ENST00000282077,D99E,99,2,0.427,0.427,0.427
PDK1,ENST00000282077,D99G,99,1,8.687,8.687,8.687
PDK1,ENST00000282077,D99H,99,1,9.395,9.395,9.395
PDK1,ENST00000282077,D99N,99,1,9.395,9.395,9.395
PDK1,ENST00000282077,D99V,99,1,8.687,8.687,8.687
PDK1,ENST00000282077,D99Y,99,1,9.395,9.395,9.395
PDK1,ENST00000282077,E120A,120,1,8.259,8.259,8.259
PDK1,ENST00000282077,E120D,120,2,0.2,0.2,0.2
PDK1,ENST00000282077,E120E,120,1,0.2,0.2,0.2
PDK1,ENST00000282077,E120G,120,1,8.259,8.259,8.259
PDK1,ENST00000282077,E120K,120,1,10.729,10.729,10.729
PDK1,ENST00000282077,E120Q,120,1,10.729,10.729,10.729
PDK1,ENST00000282077,E120V,120,1,8.259,8.259,8.259
PDK1,ENST00000282077,E130A,130,1,6.507,6.507,6.507
PDK1,ENST00000282077,E130D,130,2,0.241,0.241,0.241
PDK1,ENST00000282077,E130E,130,1,0.241,0.241,0.241
PDK1,ENST00000282077,E130G,130,1,6.507,6.507,6.507
PDK1,ENST00000282077,E130K,130,1,8.768,8.768,8.768
PDK1,ENST00000282077,E130Q,130,1,8.768,8.768,8.768
PDK1,ENST00000282077,E130V,130,1,6.507,6.507,6.507
PDK1,ENST00000282077,E162A,162,1,8.687,8.687,8.687
PDK1,ENST00000282077,E162D,162,2,1.77,1.77,1.77
PDK1,ENST00000282077,E162E,162,1,1.77,1.77,1.77
PDK1,ENST00000282077,E162G,162,1,8.687,8.687,8.687
PDK1,ENST00000282077,E162K,162,1,11.295,11.295,11.295
PDK1,ENST00000282077,E162Q,162,1,11.295,11.295,11.295
PDK1,ENST00000282077,E162V,162,1,8.687,8.687,8.687
PDK1,ENST00000282077,E165A,165,1,8.687,8.687,8.687
PDK1,ENST00000282077,E165D,165,2,1.787,1.787,1.787
PDK1,ENST00000282077,E165E,165,1,1.787,1.787,1.787
PDK1,ENST00000282077,E165G,165,1,8.687,8.687,8.687
PDK1,ENST00000282077,E165K,165,1,11.295,11.295,11.295
PDK1,ENST00000282077,E165Q,165,1,11.295,11.295,11.295
PDK1,ENST00000282077,E165V,165,1,8.687,8.687,8.687
PDK1,ENST00000282077,E227A,227,1,5.75,5.75,5.75
PDK1,ENST00000282077,E227D,227,2,0.382,0.382,0.382
PDK1,ENST00000282077,E227E,227,1,0.382,0.382,0.382
PDK1,ENST00000282077,E227G,227,1,5.75,5.75,5.75
PDK1,ENST00000282077,E227K,227,1,11.295,11.295,11.295
PDK1,ENST00000282077,E227Q,227,1,11.295,11.295,11.295
PDK1,ENST00000282077,E227V,227,1,5.75,5.75,5.75
PDK1,ENST00000282077,E234A,234,1,8.687,8.687,8.687
PDK1,ENST00000282077,E234D,234,2,2.225,2.225,2.225
PDK1,ENST00000282077,E234E,234,1,2.225,2.225,2.225
PDK1,ENST00000282077,E234G,234,1,8.687,8.687,8.687
PDK1,ENST00000282077,E234K,234,1,9.318,9.318,9.318
PDK1,ENST00000282077,E234Q,234,1,9.318,9.318,9.318
PDK1,ENST00000282077,E234V,234,1,8.687,8.687,8.687
PDK1,ENST00000282077,E249A,249,1,8.687,8.687,8.687
PDK1,ENST00000282077,E249D,249,2,2.197,2.197,2.197
PDK1,ENST00000282077,E249E,249,1,2.197,2.197,2.197
PDK1,ENST00000282077,E249G,249,1,8.687,8.687,8.687
PDK1,ENST00000282077,E249K,249,1,11.295,11.295,11.295
PDK1,ENST00000282077,E249Q,249,1,11.295,11.295,11.295
PDK1,ENST00000282077,E249V,249,1,8.687,8.687,8.687
PDK1,ENST00000282077,E251A,251,1,4.463,4.463,4.463
PDK1,ENST00000282077,E251D,251,2,0.361,0.361,0.361
PDK1,ENST00000282077,E251E,251,1,0.361,0.361,0.361
PDK1,ENST00000282077,E251G,251,1,4.463,4.463,4.463
PDK1,ENST00000282077,E251K,251,1,2.18,2.18,2.18
PDK1,ENST00000282077,E251Q,251,1,2.18,2.18,2.18
PDK1,ENST00000282077,E251V,251,1,4.463,4.463,4.463
PDK1,ENST00000282077,E253A,253,1,1.845,1.845,1.845
PDK1,ENST00000282077,E253D,253,2,1.585,1.585,1.585
PDK1,ENST00000282077,E253E,253,1,1.585,1.585,1.585
PDK1,ENST00000282077,E253G,253,1,1.845,1.845,1.845
PDK1,ENST00000282077,E253K,253,1,4.408,4.408,4.408
PDK1,ENST00000282077,E253Q,253,1,4.408,4.408,4.408
PDK1,ENST00000282077,E253V,253,1,1.845,1.845,1.845
PDK1,ENST00000282077,E254A,254,1,8.687,8.687,8.687
PDK1,ENST00000282077,E254D,254,2,2.038,2.038,2.038
PDK1,ENST00000282077,E254E,254,1,2.038,2.038,2.038
PDK1,ENST00000282077,E254G,254,1,8.687,8.687,8.687
PDK1,ENST00000282077,E254K,254,1,9.191,9.191,9.191
PDK1,ENST00000282077,E254Q,254,1,9.191,9.191,9.191
PDK1,ENST00000282077,E254V,254,1,8.687,8.687,8.687
PDK1,ENST00000282077,E279A,279,1,8.687,8.687,8.687
PDK1,ENST00000282077,E279D,279,2,2.363,2.363,2.363
PDK1,ENST00000282077,E279E,279,1,2.363,2.363,2.363
PDK1,ENST00000282077,E279G,279,1,8.687,8.687,8.687
PDK1,ENST00000282077,E279K,279,1,11.295,11.295,11.295
PDK1,ENST00000282077,E279Q,279,1,11.295,11.295,11.295
PDK1,ENST00000282077,E279V,279,1,8.687,8.687,8.687
PDK1,ENST00000282077,E290A,290,1,8.687,8.687,8.687
PDK1,ENST00000282077,E290D,290,2,0.996,0.996,0.996
PDK1,ENST00000282077,E290E,290,1,0.996,0.996,0.996
PDK1,ENST00000282077,E290G,290,1,8.687,8.687,8.687
PDK1,ENST00000282077,E290K,290,1,11.295,11.295,11.295
PDK1,ENST00000282077,E290Q,290,1,11.295,11.295,11.295
PDK1,ENST00000282077,E290V,290,1,8.687,8.687,8.687
PDK1,ENST00000282077,E310A,310,1,8.687,8.687,8.687
PDK1,ENST00000282077,E310D,310,2,2.272,2.272,2.272
PDK1,ENST00000282077,E310E,310,1,2.272,2.272,2.272
PDK1,ENST00000282077,E310G,310,1,8.687,8.687,8.687
PDK1,ENST00000282077,E310K,310,1,11.295,11.295,11.295
PDK1,ENST00000282077,E310Q,310,1,11.295,11.295,11.295
PDK1,ENST00000282077,E310V,310,1,8.687,8.687,8.687
PDK1,ENST00000282077,E345A,345,1,5.705,5.705,5.705
PDK1,ENST00000282077,E345D,345,2,1.903,1.903,1.903
PDK1,ENST00000282077,E345E,345,1,1.903,1.903,1.903
PDK1,ENST00000282077,E345G,345,1,5.705,5.705,5.705
PDK1,ENST00000282077,E345K,345,1,11.295,11.295,11.295
PDK1,ENST00000282077,E345Q,345,1,11.295,11.295,11.295
PDK1,ENST00000282077,E345V,345,1,5.705,5.705,5.705
PDK1,ENST00000282077,E379A,379,1,8.687,8.687,8.687
PDK1,ENST00000282077,E379D,379,2,2.955,2.955,2.955
PDK1,ENST00000282077,E379E,379,1,2.955,2.955,2.955
PDK1,ENST00000282077,E379G,379,1,8.687,8.687,8.687
PDK1,ENST00000282077,E379K,379,1,11.295,11.295,11.295
PDK1,ENST00000282077,E379Q,379,1,11.295,11.295,11.295
PDK1,ENST00000282077,E379V,379,1,8.687,8.687,8.687
PDK1,ENST00000282077,E398A,398,1,8.657,8.657,8.657
PDK1,ENST00000282077,E398D,398,2,0.253,0.253,0.253
PDK1,ENST00000282077,E398E,398,1,0.253,0.253,0.253
PDK1,ENST00000282077,E398G,398,1,8.657,8.657,8.657
PDK1,ENST00000282077,E398K,398,1,11.256,11.256,11.256
PDK1,ENST00000282077,E398Q,398,1,11.256,11.256,11.256
PDK1,ENST00000282077,E398V,398,1,8.657,8.657,8.657
PDK1,ENST00000282077,E39A,39,1,1.378,1.378,1.378
PDK1,ENST00000282077,E39D,39,2,-0.956,-0.956,-0.956
PDK1,ENST00000282077,E39E,39,1,-0.956,-0.956,-0.956
PDK1,ENST00000282077,E39G,39,1,1.378,1.378,1.378
PDK1,ENST00000282077,E39K,39,1,2.251,2.251,2.251
PDK1,ENST00000282077,E39Q,39,1,2.251,2.251,2.251
PDK1,ENST00000282077,E39V,39,1,1.378,1.378,1.378
PDK1,ENST00000282077,E416A,416,1,8.657,8.657,8.657
PDK1,ENST00000282077,E416D,416,2,2.574,2.574,2.574
PDK1,ENST00000282077,E416E,416,1,2.574,2.574,2.574
PDK1,ENST00000282077,E416G,416,1,8.657,8.657,8.657
PDK1,ENST00000282077,E416K,416,1,11.256,11.256,11.256
PDK1,ENST00000282077,E416Q,416,1,11.256,11.256,11.256
PDK1,ENST00000282077,E416V,416,1,8.657,8.657,8.657
PDK1,ENST00000282077,E426A,426,1,8.657,8.657,8.657
PDK1,ENST00000282077,E426D,426,2,0.733,0.733,0.733
PDK1,ENST00000282077,E426E,426,1,0.733,0.733,0.733
PDK1,ENST00000282077,E426G,426,1,8.657,8.657,8.657
PDK1,ENST00000282077,E426K,426,1,11.256,11.256,11.256
PDK1,ENST00000282077,E426Q,426,1,11.256,11.256,11.256
PDK1,ENST00000282077,E426V,426,1,8.657,8.657,8.657
PDK1,ENST00000282077,E72A,72,1,6.844,6.844,6.844
PDK1,ENST00000282077,E72D,72,2,1.494,1.494,1.494
PDK1,ENST00000282077,E72E,72,1,1.494,1.494,1.494
PDK1,ENST00000282077,E72G,72,1,6.844,6.844,6.844
PDK1,ENST00000282077,E72K,72,1,11.295,11.295,11.295
PDK1,ENST00000282077,E72Q,72,1,11.295,11.295,11.295
PDK1,ENST00000282077,E72V,72,1,6.844,6.844,6.844
PDK1,ENST00000282077,E82A,82,1,8.687,8.687,8.687
PDK1,ENST00000282077,E82D,82,2,3.821,3.821,3.821
PDK1,ENST00000282077,E82E,82,1,3.821,3.821,3.821
PDK1,ENST00000282077,E82G,82,1,8.687,8.687,8.687
PDK1,ENST00000282077,E82K,82,1,11.295,11.295,11.295
PDK1,ENST00000282077,E82Q,82,1,11.295,11.295,11.295
PDK1,ENST00000282077,E82V,82,1,8.687,8.687,8.687
PDK1,ENST00000282077,E93A,93,1,8.687,8.687,8.687
PDK1,ENST00000282077,E93D,93,2,3.167,3.167,3.167
PDK1,ENST00000282077,E93E,93,1,3.167,3.167,3.167
PDK1,ENST00000282077,E93G,93,1,8.687,8.687,8.687
PDK1,ENST00000282077,E93K,93,1,11.295,11.295,11.295
PDK1,ENST00000282077,E93Q,93,1,11.295,11.295,11.295
PDK1,ENST00000282077,E93V,93,1,8.687,8.687,8.687
PDK1,ENST00000282077,F124C,124,1,8.425,8.425,8.425
PDK1,ENST00000282077,F124F,124,1,3.041,3.041,3.041
PDK1,ENST00000282077,F124I,124,1,8.425,8.425,8.425
PDK1,ENST00000282077,F124L,124,3,4.83566666666667,3.041,8.425
PDK1,ENST00000282077,F124S,124,1,8.425,8.425,8.425
PDK1,ENST00000282077,F124V,124,1,8.425,8.425,8.425
PDK1,ENST00000282077,F124Y,124,1,8.425,8.425,8.425
PDK1,ENST00000282077,F138C,138,1,8.871,8.871,8.871
PDK1,ENST00000282077,F138F,138,1,4.154,4.154,4.154
PDK1,ENST00000282077,F138I,138,1,8.522,8.522,8.522
PDK1,ENST00000282077,F138L,138,3,5.61,4.154,8.522
PDK1,ENST00000282077,F138S,138,1,8.871,8.871,8.871
PDK1,ENST00000282077,F138V,138,1,8.522,8.522,8.522
PDK1,ENST00000282077,F138Y,138,1,8.871,8.871,8.871
PDK1,ENST00000282077,F167C,167,1,5.567,5.567,5.567
PDK1,ENST00000282077,F167F,167,1,0.483,0.483,0.483
PDK1,ENST00000282077,F167I,167,1,7.067,7.067,7.067
PDK1,ENST00000282077,F167L,167,3,2.67766666666667,0.483,7.067
PDK1,ENST00000282077,F167S,167,1,5.567,5.567,5.567
PDK1,ENST00000282077,F167V,167,1,7.067,7.067,7.067
PDK1,ENST00000282077,F167Y,167,1,5.567,5.567,5.567
PDK1,ENST00000282077,F180C,180,1,7.077,7.077,7.077
PDK1,ENST00000282077,F180F,180,1,2.266,2.266,2.266
PDK1,ENST00000282077,F180I,180,1,8.871,8.871,8.871
PDK1,ENST00000282077,F180L,180,3,4.46766666666667,2.266,8.871
PDK1,ENST00000282077,F180S,180,1,7.077,7.077,7.077
PDK1,ENST00000282077,F180V,180,1,8.871,8.871,8.871
PDK1,ENST00000282077,F180Y,180,1,7.077,7.077,7.077
PDK1,ENST00000282077,F184C,184,1,8.871,8.871,8.871
PDK1,ENST00000282077,F184F,184,1,2.531,2.531,2.531
PDK1,ENST00000282077,F184I,184,1,8.871,8.871,8.871
PDK1,ENST00000282077,F184L,184,3,4.64433333333333,2.531,8.871
PDK1,ENST00000282077,F184S,184,1,8.871,8.871,8.871
PDK1,ENST00000282077,F184V,184,1,8.871,8.871,8.871
PDK1,ENST00000282077,F184Y,184,1,8.871,8.871,8.871
PDK1,ENST00000282077,F202C,202,1,8.497,8.497,8.497
PDK1,ENST00000282077,F202F,202,1,3.8,3.8,3.8
PDK1,ENST00000282077,F202I,202,1,8.497,8.497,8.497
PDK1,ENST00000282077,F202L,202,3,5.36566666666667,3.8,8.497
PDK1,ENST00000282077,F202S,202,1,8.497,8.497,8.497
PDK1,ENST00000282077,F202V,202,1,8.497,8.497,8.497
PDK1,ENST00000282077,F202Y,202,1,8.497,8.497,8.497
PDK1,ENST00000282077,F24C,24,1,-0.319,-0.319,-0.319
PDK1,ENST00000282077,F24F,24,1,0.376,0.376,0.376
PDK1,ENST00000282077,F24I,24,1,0.064,0.064,0.064
PDK1,ENST00000282077,F24L,24,3,0.272,0.376,0.376
PDK1,ENST00000282077,F24S,24,1,-0.319,-0.319,-0.319
PDK1,ENST00000282077,F24V,24,1,0.064,0.064,0.064
PDK1,ENST00000282077,F24Y,24,1,-0.319,-0.319,-0.319
PDK1,ENST00000282077,F278C,278,1,8.871,8.871,8.871
PDK1,ENST00000282077,F278F,278,1,5.776,5.776,5.776
PDK1,ENST00000282077,F278I,278,1,8.871,8.871,8.871
PDK1,ENST00000282077,F278L,278,3,6.80766666666667,5.776,8.871
PDK1,ENST00000282077,F278S,278,1,8.871,8.871,8.871
PDK1,ENST00000282077,F278V,278,1,8.871,8.871,8.871
PDK1,ENST00000282077,F278Y,278,1,8.871,8.871,8.871
PDK1,ENST00000282077,F281C,281,1,7.022,7.022,7.022
PDK1,ENST00000282077,F281F,281,1,1.48,1.48,1.48
PDK1,ENST00000282077,F281I,281,1,8.871,8.871,8.871
PDK1,ENST00000282077,F281L,281,3,3.94366666666667,1.48,8.871
PDK1,ENST00000282077,F281S,281,1,7.022,7.022,7.022
PDK1,ENST00000282077,F281V,281,1,8.871,8.871,8.871
PDK1,ENST00000282077,F281Y,281,1,7.022,7.022,7.022
PDK1,ENST00000282077,F28C,28,1,0.485,0.485,0.485
PDK1,ENST00000282077,F28F,28,1,0.135,0.135,0.135
PDK1,ENST00000282077,F28I,28,1,0.158,0.158,0.158
PDK1,ENST00000282077,F28L,28,3,0.142666666666667,0.135,0.158
PDK1,ENST00000282077,F28S,28,1,0.485,0.485,0.485
PDK1,ENST00000282077,F28V,28,1,0.158,0.158,0.158
PDK1,ENST00000282077,F28Y,28,1,0.485,0.485,0.485
PDK1,ENST00000282077,F332C,332,1,8.871,8.871,8.871
PDK1,ENST00000282077,F332F,332,1,1.565,1.565,1.565
PDK1,ENST00000282077,F332I,332,1,8.871,8.871,8.871
PDK1,ENST00000282077,F332L,332,3,4.00033333333333,1.565,8.871
PDK1,ENST00000282077,F332S,332,1,8.871,8.871,8.871
PDK1,ENST00000282077,F332V,332,1,8.871,8.871,8.871
PDK1,ENST00000282077,F332Y,332,1,8.871,8.871,8.871
PDK1,ENST00000282077,F355C,355,1,5.202,5.202,5.202
PDK1,ENST00000282077,F355F,355,1,3.709,3.709,3.709
PDK1,ENST00000282077,F355I,355,1,8.871,8.871,8.871
PDK1,ENST00000282077,F355L,355,3,5.42966666666667,3.709,8.871
PDK1,ENST00000282077,F355S,355,1,5.202,5.202,5.202
PDK1,ENST00000282077,F355V,355,1,8.871,8.871,8.871
PDK1,ENST00000282077,F355Y,355,1,5.202,5.202,5.202
PDK1,ENST00000282077,F369C,369,1,8.871,8.871,8.871
PDK1,ENST00000282077,F369F,369,1,1.021,1.021,1.021
PDK1,ENST00000282077,F369I,369,1,8.871,8.871,8.871
PDK1,ENST00000282077,F369L,369,3,3.63766666666667,1.021,8.871
PDK1,ENST00000282077,F369S,369,1,8.871,8.871,8.871
PDK1,ENST00000282077,F369V,369,1,8.871,8.871,8.871
PDK1,ENST00000282077,F369Y,369,1,8.871,8.871,8.871
PDK1,ENST00000282077,F433C,433,1,3.056,3.056,3.056
PDK1,ENST00000282077,F433F,433,1,0.96,0.96,0.96
PDK1,ENST00000282077,F433I,433,1,6.997,6.997,6.997
PDK1,ENST00000282077,F433L,433,3,2.97233333333333,0.96,6.997
PDK1,ENST00000282077,F433S,433,1,3.056,3.056,3.056
PDK1,ENST00000282077,F433V,433,1,6.997,6.997,6.997
PDK1,ENST00000282077,F433Y,433,1,3.056,3.056,3.056
PDK1,ENST00000282077,F48C,48,1,2.42,2.42,2.42
PDK1,ENST00000282077,F48F,48,1,0.866,0.866,0.866
PDK1,ENST00000282077,F48I,48,1,3.611,3.611,3.611
PDK1,ENST00000282077,F48L,48,3,1.781,0.866,3.611
PDK1,ENST00000282077,F48S,48,1,2.42,2.42,2.42
PDK1,ENST00000282077,F48V,48,1,3.611,3.611,3.611
PDK1,ENST00000282077,F48Y,48,1,2.42,2.42,2.42
PDK1,ENST00000282077,F52C,52,1,6.082,6.082,6.082
PDK1,ENST00000282077,F52F,52,1,1.314,1.314,1.314
PDK1,ENST00000282077,F52I,52,1,6.069,6.069,6.069
PDK1,ENST00000282077,F52L,52,3,2.899,1.314,6.069
PDK1,ENST00000282077,F52S,52,1,6.082,6.082,6.082
PDK1,ENST00000282077,F52V,52,1,6.069,6.069,6.069
PDK1,ENST00000282077,F52Y,52,1,6.082,6.082,6.082
PDK1,ENST00000282077,F62C,62,1,6.338,6.338,6.338
PDK1,ENST00000282077,F62F,62,1,0.315,0.315,0.315
PDK1,ENST00000282077,F62I,62,1,4.23,4.23,4.23
PDK1,ENST00000282077,F62L,62,3,1.62,0.315,4.23
PDK1,ENST00000282077,F62S,62,1,6.338,6.338,6.338
PDK1,ENST00000282077,F62V,62,1,4.23,4.23,4.23
PDK1,ENST00000282077,F62Y,62,1,6.338,6.338,6.338
PDK1,ENST00000282077,F65C,65,1,7.967,7.967,7.967
PDK1,ENST00000282077,F65F,65,1,1.059,1.059,1.059
PDK1,ENST00000282077,F65I,65,1,8.117,8.117,8.117
PDK1,ENST00000282077,F65L,65,3,3.41166666666667,1.059,8.117
PDK1,ENST00000282077,F65S,65,1,7.967,7.967,7.967
PDK1,ENST00000282077,F65V,65,1,8.117,8.117,8.117
PDK1,ENST00000282077,F65Y,65,1,7.967,7.967,7.967
PDK1,ENST00000282077,F76C,76,1,6.906,6.906,6.906
PDK1,ENST00000282077,F76F,76,1,2.618,2.618,2.618
PDK1,ENST00000282077,F76I,76,1,8.871,8.871,8.871
PDK1,ENST00000282077,F76L,76,3,4.70233333333333,2.618,8.871
PDK1,ENST00000282077,F76S,76,1,6.906,6.906,6.906
PDK1,ENST00000282077,F76V,76,1,8.871,8.871,8.871
PDK1,ENST00000282077,F76Y,76,1,6.906,6.906,6.906
PDK1,ENST00000282077,F78C,78,1,8.871,8.871,8.871
PDK1,ENST00000282077,F78F,78,1,3.301,3.301,3.301
PDK1,ENST00000282077,F78I,78,1,8.871,8.871,8.871
PDK1,ENST00000282077,F78L,78,3,5.15766666666667,3.301,8.871
PDK1,ENST00000282077,F78S,78,1,8.871,8.871,8.871
PDK1,ENST00000282077,F78V,78,1,8.871,8.871,8.871
PDK1,ENST00000282077,F78Y,78,1,8.871,8.871,8.871
PDK1,ENST00000282077,G14A,14,1,1.819,1.819,1.819
PDK1,ENST00000282077,G14C,14,1,0.924,0.924,0.924
PDK1,ENST00000282077,G14D,14,1,1.819,1.819,1.819
PDK1,ENST00000282077,G14G,14,3,-0.56,-0.56,-0.56
PDK1,ENST00000282077,G14R,14,1,0.924,0.924,0.924
PDK1,ENST00000282077,G14S,14,1,0.924,0.924,0.924
PDK1,ENST00000282077,G14V,14,1,1.819,1.819,1.819
PDK1,ENST00000282077,G159A,159,1,11.295,11.295,11.295
PDK1,ENST00000282077,G159C,159,1,9.261,9.261,9.261
PDK1,ENST00000282077,G159D,159,1,11.295,11.295,11.295
PDK1,ENST00000282077,G159G,159,3,-0.088,-0.088,-0.088
PDK1,ENST00000282077,G159R,159,1,9.261,9.261,9.261
PDK1,ENST00000282077,G159S,159,1,9.261,9.261,9.261
PDK1,ENST00000282077,G159V,159,1,11.295,11.295,11.295
PDK1,ENST00000282077,G168A,168,1,9.389,9.389,9.389
PDK1,ENST00000282077,G168E,168,1,9.389,9.389,9.389
PDK1,ENST00000282077,G168G,168,3,0.63,0.63,0.63
PDK1,ENST00000282077,G168R,168,2,11.295,11.295,11.295
PDK1,ENST00000282077,G168V,168,1,9.389,9.389,9.389
PDK1,ENST00000282077,G168W,168,1,11.295,11.295,11.295
PDK1,ENST00000282077,G16A,16,1,1.479,1.479,1.479
PDK1,ENST00000282077,G16C,16,1,-0.025,-0.025,-0.025
PDK1,ENST00000282077,G16D,16,1,1.479,1.479,1.479
PDK1,ENST00000282077,G16G,16,3,-1.017,-1.017,-1.017
PDK1,ENST00000282077,G16R,16,1,-0.025,-0.025,-0.025
PDK1,ENST00000282077,G16S,16,1,-0.025,-0.025,-0.025
PDK1,ENST00000282077,G16V,16,1,1.479,1.479,1.479
PDK1,ENST00000282077,G18A,18,1,1.349,1.349,1.349
PDK1,ENST00000282077,G18E,18,1,1.349,1.349,1.349
PDK1,ENST00000282077,G18G,18,3,0.423,0.423,0.423
PDK1,ENST00000282077,G18R,18,2,0.014,0.014,0.014
PDK1,ENST00000282077,G18V,18,1,1.349,1.349,1.349
PDK1,ENST00000282077,G18W,18,1,0.014,0.014,0.014
PDK1,ENST00000282077,G203A,203,1,5.497,5.497,5.497
PDK1,ENST00000282077,G203C,203,1,8.938,8.938,8.938
PDK1,ENST00000282077,G203D,203,1,5.497,5.497,5.497
PDK1,ENST00000282077,G203G,203,3,2.03,2.03,2.03
PDK1,ENST00000282077,G203R,203,1,8.938,8.938,8.938
PDK1,ENST00000282077,G203S,203,1,8.938,8.938,8.938
PDK1,ENST00000282077,G203V,203,1,5.497,5.497,5.497
PDK1,ENST00000282077,G204A,204,1,6.392,6.392,6.392
PDK1,ENST00000282077,G204E,204,1,6.392,6.392,6.392
PDK1,ENST00000282077,G204G,204,3,-0.068,-0.068,-0.068
PDK1,ENST00000282077,G204R,204,2,8.914,8.914,8.914
PDK1,ENST00000282077,G204V,204,1,6.392,6.392,6.392
PDK1,ENST00000282077,G206A,206,1,2.353,2.353,2.353
PDK1,ENST00000282077,G206C,206,1,0.382,0.382,0.382
PDK1,ENST00000282077,G206D,206,1,2.353,2.353,2.353
PDK1,ENST00000282077,G206G,206,3,-0.437,-0.437,-0.437
PDK1,ENST00000282077,G206R,206,1,0.382,0.382,0.382
PDK1,ENST00000282077,G206S,206,1,0.382,0.382,0.382
PDK1,ENST00000282077,G206V,206,1,2.353,2.353,2.353
PDK1,ENST00000282077,G208A,208,1,1.332,1.332,1.332
PDK1,ENST00000282077,G208E,208,1,1.332,1.332,1.332
PDK1,ENST00000282077,G208G,208,3,0.69,0.69,0.69
PDK1,ENST00000282077,G208R,208,2,3.933,3.933,3.933
PDK1,ENST00000282077,G208V,208,1,1.332,1.332,1.332
PDK1,ENST00000282077,G217A,217,1,11.295,11.295,11.295
PDK1,ENST00000282077,G217E,217,1,11.295,11.295,11.295
PDK1,ENST00000282077,G217G,217,3,0.011,0.011,0.011
PDK1,ENST00000282077,G217R,217,2,11.295,11.295,11.295
PDK1,ENST00000282077,G217V,217,1,11.295,11.295,11.295
PDK1,ENST00000282077,G232A,232,1,7.636,7.636,7.636
PDK1,ENST00000282077,G232C,232,1,11.295,11.295,11.295
PDK1,ENST00000282077,G232D,232,1,7.636,7.636,7.636
PDK1,ENST00000282077,G232G,232,3,1.766,1.766,1.766
PDK1,ENST00000282077,G232R,232,1,11.295,11.295,11.295
PDK1,ENST00000282077,G232S,232,1,11.295,11.295,11.295
PDK1,ENST00000282077,G232V,232,1,7.636,7.636,7.636
PDK1,ENST00000282077,G23A,23,1,1.848,1.848,1.848
PDK1,ENST00000282077,G23C,23,1,-1.276,-1.276,-1.276
PDK1,ENST00000282077,G23D,23,1,1.848,1.848,1.848
PDK1,ENST00000282077,G23G,23,3,-0.241,-0.241,-0.241
PDK1,ENST00000282077,G23R,23,1,-1.276,-1.276,-1.276
PDK1,ENST00000282077,G23S,23,1,-1.276,-1.276,-1.276
PDK1,ENST00000282077,G23V,23,1,1.848,1.848,1.848
PDK1,ENST00000282077,G261A,261,1,4.465,4.465,4.465
PDK1,ENST00000282077,G261E,261,1,4.465,4.465,4.465
PDK1,ENST00000282077,G261G,261,3,1.541,1.541,1.541
PDK1,ENST00000282077,G261R,261,2,9.034,9.034,9.034
PDK1,ENST00000282077,G261V,261,1,4.465,4.465,4.465
PDK1,ENST00000282077,G296A,296,1,3.765,3.765,3.765
PDK1,ENST00000282077,G296C,296,1,2.324,2.324,2.324
PDK1,ENST00000282077,G296D,296,1,3.765,3.765,3.765
PDK1,ENST00000282077,G296G,296,3,-0.16,-0.16,-0.16
PDK1,ENST00000282077,G296R,296,1,2.324,2.324,2.324
PDK1,ENST00000282077,G296S,296,1,2.324,2.324,2.324
PDK1,ENST00000282077,G296V,296,1,3.765,3.765,3.765
PDK1,ENST00000282077,G308A,308,1,11.295,11.295,11.295
PDK1,ENST00000282077,G308C,308,1,11.295,11.295,11.295
PDK1,ENST00000282077,G308D,308,1,11.295,11.295,11.295
PDK1,ENST00000282077,G308G,308,3,-1.061,-1.061,-1.061
PDK1,ENST00000282077,G308R,308,1,11.295,11.295,11.295
PDK1,ENST00000282077,G308S,308,1,11.295,11.295,11.295
PDK1,ENST00000282077,G308V,308,1,11.295,11.295,11.295
PDK1,ENST00000282077,G320A,320,1,11.295,11.295,11.295
PDK1,ENST00000282077,G320E,320,1,11.295,11.295,11.295
PDK1,ENST00000282077,G320G,320,3,1.929,1.929,1.929
PDK1,ENST00000282077,G320R,320,2,11.295,11.295,11.295
PDK1,ENST00000282077,G320V,320,1,11.295,11.295,11.295
PDK1,ENST00000282077,G321A,321,1,11.295,11.295,11.295
PDK1,ENST00000282077,G321C,321,1,11.295,11.295,11.295
PDK1,ENST00000282077,G321D,321,1,11.295,11.295,11.295
PDK1,ENST00000282077,G321G,321,3,-0.923,-0.923,-0.923
PDK1,ENST00000282077,G321R,321,1,11.295,11.295,11.295
PDK1,ENST00000282077,G321S,321,1,11.295,11.295,11.295
PDK1,ENST00000282077,G321V,321,1,11.295,11.295,11.295
PDK1,ENST00000282077,G322A,322,1,11.295,11.295,11.295
PDK1,ENST00000282077,G322C,322,1,11.295,11.295,11.295
PDK1,ENST00000282077,G322D,322,1,11.295,11.295,11.295
PDK1,ENST00000282077,G322G,322,3,-0.356,-0.356,-0.356
PDK1,ENST00000282077,G322R,322,1,11.295,11.295,11.295
PDK1,ENST00000282077,G322S,322,1,11.295,11.295,11.295
PDK1,ENST00000282077,G322V,322,1,11.295,11.295,11.295
PDK1,ENST00000282077,G33A,33,1,1.975,1.975,1.975
PDK1,ENST00000282077,G33C,33,1,2.484,2.484,2.484
PDK1,ENST00000282077,G33D,33,1,1.975,1.975,1.975
PDK1,ENST00000282077,G33G,33,3,0.21,0.21,0.21
PDK1,ENST00000282077,G33R,33,1,2.484,2.484,2.484
PDK1,ENST00000282077,G33S,33,1,2.484,2.484,2.484
PDK1,ENST00000282077,G33V,33,1,1.975,1.975,1.975
PDK1,ENST00000282077,G354A,354,1,11.295,11.295,11.295
PDK1,ENST00000282077,G354C,354,1,11.295,11.295,11.295
PDK1,ENST00000282077,G354D,354,1,11.295,11.295,11.295
PDK1,ENST00000282077,G354G,354,3,-0.37,-0.37,-0.37
PDK1,ENST00000282077,G354R,354,1,11.295,11.295,11.295
PDK1,ENST00000282077,G354S,354,1,11.295,11.295,11.295
PDK1,ENST00000282077,G354V,354,1,11.295,11.295,11.295
PDK1,ENST00000282077,G356A,356,1,11.295,11.295,11.295
PDK1,ENST00000282077,G356C,356,1,11.295,11.295,11.295
PDK1,ENST00000282077,G356D,356,1,11.295,11.295,11.295
PDK1,ENST00000282077,G356G,356,3,-0.342,-0.342,-0.342
PDK1,ENST00000282077,G356R,356,1,11.295,11.295,11.295
PDK1,ENST00000282077,G356S,356,1,11.295,11.295,11.295
PDK1,ENST00000282077,G356V,356,1,11.295,11.295,11.295
PDK1,ENST00000282077,G358A,358,1,11.295,11.295,11.295
PDK1,ENST00000282077,G358E,358,1,11.295,11.295,11.295
PDK1,ENST00000282077,G358G,358,3,0.218,0.218,0.218
PDK1,ENST00000282077,G358R,358,2,11.295,11.295,11.295
PDK1,ENST00000282077,G358V,358,1,11.295,11.295,11.295
PDK1,ENST00000282077,G371A,371,1,11.295,11.295,11.295
PDK1,ENST00000282077,G371E,371,1,11.295,11.295,11.295
PDK1,ENST00000282077,G371G,371,3,0.485,0.485,0.485
PDK1,ENST00000282077,G371R,371,2,11.295,11.295,11.295
PDK1,ENST00000282077,G371V,371,1,11.295,11.295,11.295
PDK1,ENST00000282077,G380A,380,1,11.295,11.295,11.295
PDK1,ENST00000282077,G380C,380,1,11.295,11.295,11.295
PDK1,ENST00000282077,G380D,380,1,11.295,11.295,11.295
PDK1,ENST00000282077,G380G,380,3,-1.39,-1.39,-1.39
PDK1,ENST00000282077,G380R,380,1,11.295,11.295,11.295
PDK1,ENST00000282077,G380S,380,1,11.295,11.295,11.295
PDK1,ENST00000282077,G380V,380,1,11.295,11.295,11.295
PDK1,ENST00000282077,G382A,382,1,11.295,11.295,11.295
PDK1,ENST00000282077,G382E,382,1,11.295,11.295,11.295
PDK1,ENST00000282077,G382G,382,3,-0.173,-0.173,-0.173
PDK1,ENST00000282077,G382R,382,2,9.389,9.389,9.389
PDK1,ENST00000282077,G382V,382,1,11.295,11.295,11.295
PDK1,ENST00000282077,G382W,382,1,9.389,9.389,9.389
PDK1,ENST00000282077,G41A,41,1,2.849,2.849,2.849
PDK1,ENST00000282077,G41C,41,1,-0.012,-0.012,-0.012
PDK1,ENST00000282077,G41D,41,1,2.849,2.849,2.849
PDK1,ENST00000282077,G41G,41,3,0.439,0.439,0.439
PDK1,ENST00000282077,G41R,41,1,-0.012,-0.012,-0.012
PDK1,ENST00000282077,G41S,41,1,-0.012,-0.012,-0.012
PDK1,ENST00000282077,G41V,41,1,2.849,2.849,2.849
PDK1,ENST00000282077,G44A,44,1,2.697,2.697,2.697
PDK1,ENST00000282077,G44C,44,1,1.098,1.098,1.098
PDK1,ENST00000282077,G44D,44,1,2.697,2.697,2.697
PDK1,ENST00000282077,G44G,44,3,0.918,0.918,0.918
PDK1,ENST00000282077,G44R,44,1,1.098,1.098,1.098
PDK1,ENST00000282077,G44S,44,1,1.098,1.098,1.098
PDK1,ENST00000282077,G44V,44,1,2.697,2.697,2.697
PDK1,ENST00000282077,G66A,66,1,11.295,11.295,11.295
PDK1,ENST00000282077,G66E,66,1,11.295,11.295,11.295
PDK1,ENST00000282077,G66G,66,3,0.428,0.428,0.428
PDK1,ENST00000282077,G66R,66,2,10.054,10.054,10.054
PDK1,ENST00000282077,G66V,66,1,11.295,11.295,11.295
PDK1,ENST00000282077,G9A,9,1,1.484,1.484,1.484
PDK1,ENST00000282077,G9E,9,1,1.484,1.484,1.484
PDK1,ENST00000282077,G9G,9,3,0.111,0.111,0.111
PDK1,ENST00000282077,G9R,9,2,0.055,0.055,0.055
PDK1,ENST00000282077,G9V,9,1,1.484,1.484,1.484
PDK1,ENST00000282077,H149D,149,1,7.518,7.518,7.518
PDK1,ENST00000282077,H149H,149,1,2.475,2.475,2.475
PDK1,ENST00000282077,H149L,149,1,8.687,8.687,8.687
PDK1,ENST00000282077,H149N,149,1,7.518,7.518,7.518
PDK1,ENST00000282077,H149P,149,1,8.687,8.687,8.687
PDK1,ENST00000282077,H149Q,149,2,2.475,2.475,2.475
PDK1,ENST00000282077,H149R,149,1,8.687,8.687,8.687
PDK1,ENST00000282077,H149Y,149,1,7.518,7.518,7.518
PDK1,ENST00000282077,H198D,198,1,7.518,7.518,7.518
PDK1,ENST00000282077,H198H,198,1,4.702,4.702,4.702
PDK1,ENST00000282077,H198L,198,1,8.687,8.687,8.687
PDK1,ENST00000282077,H198N,198,1,7.518,7.518,7.518
PDK1,ENST00000282077,H198P,198,1,8.687,8.687,8.687
PDK1,ENST00000282077,H198Q,198,2,4.702,4.702,4.702
PDK1,ENST00000282077,H198R,198,1,8.687,8.687,8.687
PDK1,ENST00000282077,H198Y,198,1,7.518,7.518,7.518
PDK1,ENST00000282077,H212D,212,1,5.798,5.798,5.798
PDK1,ENST00000282077,H212H,212,1,-0.269,-0.269,-0.269
PDK1,ENST00000282077,H212L,212,1,8.687,8.687,8.687
PDK1,ENST00000282077,H212N,212,1,5.798,5.798,5.798
PDK1,ENST00000282077,H212P,212,1,8.687,8.687,8.687
PDK1,ENST00000282077,H212Q,212,2,-0.269,-0.269,-0.269
PDK1,ENST00000282077,H212R,212,1,8.687,8.687,8.687
PDK1,ENST00000282077,H212Y,212,1,5.798,5.798,5.798
PDK1,ENST00000282077,H215D,215,1,2.335,2.335,2.335
PDK1,ENST00000282077,H215H,215,1,0.562,0.562,0.562
PDK1,ENST00000282077,H215L,215,1,3.121,3.121,3.121
PDK1,ENST00000282077,H215N,215,1,2.335,2.335,2.335
PDK1,ENST00000282077,H215P,215,1,3.121,3.121,3.121
PDK1,ENST00000282077,H215Q,215,2,0.562,0.562,0.562
PDK1,ENST00000282077,H215R,215,1,3.121,3.121,3.121
PDK1,ENST00000282077,H215Y,215,1,2.335,2.335,2.335
PDK1,ENST00000282077,H272D,272,1,7.518,7.518,7.518
PDK1,ENST00000282077,H272H,272,1,0.743,0.743,0.743
PDK1,ENST00000282077,H272L,272,1,8.687,8.687,8.687
PDK1,ENST00000282077,H272N,272,1,7.518,7.518,7.518
PDK1,ENST00000282077,H272P,272,1,8.687,8.687,8.687
PDK1,ENST00000282077,H272Q,272,2,0.743,0.743,0.743
PDK1,ENST00000282077,H272R,272,1,8.687,8.687,8.687
PDK1,ENST00000282077,H272Y,272,1,7.518,7.518,7.518
PDK1,ENST00000282077,H275D,275,1,5.811,5.811,5.811
PDK1,ENST00000282077,H275H,275,1,4.626,4.626,4.626
PDK1,ENST00000282077,H275L,275,1,8.687,8.687,8.687
PDK1,ENST00000282077,H275N,275,1,5.811,5.811,5.811
PDK1,ENST00000282077,H275P,275,1,8.687,8.687,8.687
PDK1,ENST00000282077,H275Q,275,2,4.626,4.626,4.626
PDK1,ENST00000282077,H275R,275,1,8.687,8.687,8.687
PDK1,ENST00000282077,H275Y,275,1,5.811,5.811,5.811
PDK1,ENST00000282077,H291D,291,1,0.065,0.065,0.065
PDK1,ENST00000282077,H291H,291,1,0.028,0.028,0.028
PDK1,ENST00000282077,H291L,291,1,1.964,1.964,1.964
PDK1,ENST00000282077,H291N,291,1,0.065,0.065,0.065
PDK1,ENST00000282077,H291P,291,1,1.964,1.964,1.964
PDK1,ENST00000282077,H291Q,291,2,0.028,0.028,0.028
PDK1,ENST00000282077,H291R,291,1,1.964,1.964,1.964
PDK1,ENST00000282077,H291Y,291,1,0.065,0.065,0.065
PDK1,ENST00000282077,H292D,292,1,0.083,0.083,0.083
PDK1,ENST00000282077,H292H,292,1,-0.152,-0.152,-0.152
PDK1,ENST00000282077,H292L,292,1,4.843,4.843,4.843
PDK1,ENST00000282077,H292N,292,1,0.083,0.083,0.083
PDK1,ENST00000282077,H292P,292,1,4.843,4.843,4.843
PDK1,ENST00000282077,H292Q,292,2,-0.152,-0.152,-0.152
PDK1,ENST00000282077,H292R,292,1,4.843,4.843,4.843
PDK1,ENST00000282077,H292Y,292,1,0.083,0.083,0.083
PDK1,ENST00000282077,H304D,304,1,1.841,1.841,1.841
PDK1,ENST00000282077,H304H,304,1,-0.584,-0.584,-0.584
PDK1,ENST00000282077,H304L,304,1,2.057,2.057,2.057
PDK1,ENST00000282077,H304N,304,1,1.841,1.841,1.841
PDK1,ENST00000282077,H304P,304,1,2.057,2.057,2.057
PDK1,ENST00000282077,H304Q,304,2,-0.584,-0.584,-0.584
PDK1,ENST00000282077,H304R,304,1,2.057,2.057,2.057
PDK1,ENST00000282077,H304Y,304,1,1.841,1.841,1.841
PDK1,ENST00000282077,H410D,410,1,5.674,5.674,5.674
PDK1,ENST00000282077,H410H,410,1,1.655,1.655,1.655
PDK1,ENST00000282077,H410L,410,1,6.873,6.873,6.873
PDK1,ENST00000282077,H410N,410,1,5.674,5.674,5.674
PDK1,ENST00000282077,H410P,410,1,6.873,6.873,6.873
PDK1,ENST00000282077,H410Q,410,2,1.655,1.655,1.655
PDK1,ENST00000282077,H410R,410,1,6.873,6.873,6.873
PDK1,ENST00000282077,H410Y,410,1,5.674,5.674,5.674
PDK1,ENST00000282077,H415D,415,1,7.493,7.493,7.493
PDK1,ENST00000282077,H415H,415,1,-3.242,-3.242,-3.242
PDK1,ENST00000282077,H415L,415,1,5.57,5.57,5.57
PDK1,ENST00000282077,H415N,415,1,7.493,7.493,7.493
PDK1,ENST00000282077,H415P,415,1,5.57,5.57,5.57
PDK1,ENST00000282077,H415Q,415,2,-3.242,-3.242,-3.242
PDK1,ENST00000282077,H415R,415,1,5.57,5.57,5.57
PDK1,ENST00000282077,H415Y,415,1,7.493,7.493,7.493
PDK1,ENST00000282077,I115F,115,1,3.775,3.775,3.775
PDK1,ENST00000282077,I115I,115,2,-0.064,-0.064,-0.064
PDK1,ENST00000282077,I115L,115,1,3.775,3.775,3.775
PDK1,ENST00000282077,I115M,115,1,-0.064,-0.064,-0.064
PDK1,ENST00000282077,I115N,115,1,6.62,6.62,6.62
PDK1,ENST00000282077,I115S,115,1,6.62,6.62,6.62
PDK1,ENST00000282077,I115T,115,1,6.62,6.62,6.62
PDK1,ENST00000282077,I115V,115,1,3.775,3.775,3.775
PDK1,ENST00000282077,I135F,135,1,0.468,0.468,0.468
PDK1,ENST00000282077,I135I,135,2,1.795,1.795,1.795
PDK1,ENST00000282077,I135L,135,1,0.468,0.468,0.468
PDK1,ENST00000282077,I135M,135,1,1.795,1.795,1.795
PDK1,ENST00000282077,I135N,135,1,3.899,3.899,3.899
PDK1,ENST00000282077,I135S,135,1,3.899,3.899,3.899
PDK1,ENST00000282077,I135T,135,1,3.899,3.899,3.899
PDK1,ENST00000282077,I135V,135,1,0.468,0.468,0.468
PDK1,ENST00000282077,I143I,143,2,0.822,0.822,0.822
PDK1,ENST00000282077,I143K,143,1,8.871,8.871,8.871
PDK1,ENST00000282077,I143L,143,2,6.99,6.99,6.99
PDK1,ENST00000282077,I143M,143,1,0.822,0.822,0.822
PDK1,ENST00000282077,I143R,143,1,8.871,8.871,8.871
PDK1,ENST00000282077,I143T,143,1,8.871,8.871,8.871
PDK1,ENST00000282077,I143V,143,1,6.99,6.99,6.99
PDK1,ENST00000282077,I145F,145,1,8.687,8.687,8.687
PDK1,ENST00000282077,I145I,145,2,4.601,4.601,4.601
PDK1,ENST00000282077,I145L,145,1,8.687,8.687,8.687
PDK1,ENST00000282077,I145M,145,1,4.601,4.601,4.601
PDK1,ENST00000282077,I145N,145,1,8.871,8.871,8.871
PDK1,ENST00000282077,I145S,145,1,8.871,8.871,8.871
PDK1,ENST00000282077,I145T,145,1,8.871,8.871,8.871
PDK1,ENST00000282077,I145V,145,1,8.687,8.687,8.687
PDK1,ENST00000282077,I153F,153,1,3.001,3.001,3.001
PDK1,ENST00000282077,I153I,153,2,0.448,0.448,0.448
PDK1,ENST00000282077,I153L,153,1,3.001,3.001,3.001
PDK1,ENST00000282077,I153M,153,1,0.448,0.448,0.448
PDK1,ENST00000282077,I153N,153,1,8.871,8.871,8.871
PDK1,ENST00000282077,I153S,153,1,8.871,8.871,8.871
PDK1,ENST00000282077,I153T,153,1,8.871,8.871,8.871
PDK1,ENST00000282077,I153V,153,1,3.001,3.001,3.001
PDK1,ENST00000282077,I161F,161,1,1.005,1.005,1.005
PDK1,ENST00000282077,I161I,161,2,0.94,0.94,0.94
PDK1,ENST00000282077,I161L,161,1,1.005,1.005,1.005
PDK1,ENST00000282077,I161M,161,1,0.94,0.94,0.94
PDK1,ENST00000282077,I161N,161,1,4.853,4.853,4.853
PDK1,ENST00000282077,I161S,161,1,4.853,4.853,4.853
PDK1,ENST00000282077,I161T,161,1,4.853,4.853,4.853
PDK1,ENST00000282077,I161V,161,1,1.005,1.005,1.005
PDK1,ENST00000282077,I189F,189,1,8.687,8.687,8.687
PDK1,ENST00000282077,I189I,189,2,0.003,0.003,0.003
PDK1,ENST00000282077,I189L,189,1,8.687,8.687,8.687
PDK1,ENST00000282077,I189M,189,1,0.003,0.003,0.003
PDK1,ENST00000282077,I189N,189,1,8.871,8.871,8.871
PDK1,ENST00000282077,I189S,189,1,8.871,8.871,8.871
PDK1,ENST00000282077,I189T,189,1,8.871,8.871,8.871
PDK1,ENST00000282077,I189V,189,1,8.687,8.687,8.687
PDK1,ENST00000282077,I191F,191,1,8.687,8.687,8.687
PDK1,ENST00000282077,I191I,191,2,1.712,1.712,1.712
PDK1,ENST00000282077,I191L,191,1,8.687,8.687,8.687
PDK1,ENST00000282077,I191M,191,1,1.712,1.712,1.712
PDK1,ENST00000282077,I191N,191,1,8.871,8.871,8.871
PDK1,ENST00000282077,I191S,191,1,8.871,8.871,8.871
PDK1,ENST00000282077,I191T,191,1,8.871,8.871,8.871
PDK1,ENST00000282077,I191V,191,1,8.687,8.687,8.687
PDK1,ENST00000282077,I216F,216,1,6.927,6.927,6.927
PDK1,ENST00000282077,I216I,216,2,0.655,0.655,0.655
PDK1,ENST00000282077,I216L,216,1,6.927,6.927,6.927
PDK1,ENST00000282077,I216M,216,1,0.655,0.655,0.655
PDK1,ENST00000282077,I216N,216,1,8.871,8.871,8.871
PDK1,ENST00000282077,I216S,216,1,8.871,8.871,8.871
PDK1,ENST00000282077,I216T,216,1,8.871,8.871,8.871
PDK1,ENST00000282077,I216V,216,1,6.927,6.927,6.927
PDK1,ENST00000282077,I219I,219,2,0.428,0.428,0.428
PDK1,ENST00000282077,I219K,219,1,8.871,8.871,8.871
PDK1,ENST00000282077,I219L,219,2,8.687,8.687,8.687
PDK1,ENST00000282077,I219M,219,1,0.428,0.428,0.428
PDK1,ENST00000282077,I219R,219,1,8.871,8.871,8.871
PDK1,ENST00000282077,I219T,219,1,8.871,8.871,8.871
PDK1,ENST00000282077,I219V,219,1,8.687,8.687,8.687
PDK1,ENST00000282077,I229F,229,1,3.026,3.026,3.026
PDK1,ENST00000282077,I229I,229,2,1.019,1.019,1.019
PDK1,ENST00000282077,I229L,229,1,3.026,3.026,3.026
PDK1,ENST00000282077,I229M,229,1,1.019,1.019,1.019
PDK1,ENST00000282077,I229N,229,1,8.871,8.871,8.871
PDK1,ENST00000282077,I229S,229,1,8.871,8.871,8.871
PDK1,ENST00000282077,I229T,229,1,8.871,8.871,8.871
PDK1,ENST00000282077,I229V,229,1,3.026,3.026,3.026
PDK1,ENST00000282077,I245F,245,1,1.379,1.379,1.379
PDK1,ENST00000282077,I245I,245,2,4.393,4.393,4.393
PDK1,ENST00000282077,I245L,245,1,1.379,1.379,1.379
PDK1,ENST00000282077,I245M,245,1,4.393,4.393,4.393
PDK1,ENST00000282077,I245N,245,1,8.871,8.871,8.871
PDK1,ENST00000282077,I245S,245,1,8.871,8.871,8.871
PDK1,ENST00000282077,I245T,245,1,8.871,8.871,8.871
PDK1,ENST00000282077,I245V,245,1,1.379,1.379,1.379
PDK1,ENST00000282077,I264I,264,2,1.839,1.839,1.839
PDK1,ENST00000282077,I264K,264,1,6.838,6.838,6.838
PDK1,ENST00000282077,I264L,264,2,3.759,3.759,3.759
PDK1,ENST00000282077,I264M,264,1,1.839,1.839,1.839
PDK1,ENST00000282077,I264R,264,1,6.838,6.838,6.838
PDK1,ENST00000282077,I264T,264,1,6.838,6.838,6.838
PDK1,ENST00000282077,I264V,264,1,3.759,3.759,3.759
PDK1,ENST00000282077,I301F,301,1,0.889,0.889,0.889
PDK1,ENST00000282077,I301I,301,2,1.465,1.465,1.465
PDK1,ENST00000282077,I301L,301,1,0.889,0.889,0.889
PDK1,ENST00000282077,I301M,301,1,1.465,1.465,1.465
PDK1,ENST00000282077,I301N,301,1,8.871,8.871,8.871
PDK1,ENST00000282077,I301S,301,1,8.871,8.871,8.871
PDK1,ENST00000282077,I301T,301,1,8.871,8.871,8.871
PDK1,ENST00000282077,I301V,301,1,0.889,0.889,0.889
PDK1,ENST00000282077,I328F,328,1,8.687,8.687,8.687
PDK1,ENST00000282077,I328I,328,2,0.9,0.9,0.9
PDK1,ENST00000282077,I328L,328,1,8.687,8.687,8.687
PDK1,ENST00000282077,I328M,328,1,0.9,0.9,0.9
PDK1,ENST00000282077,I328N,328,1,7.075,7.075,7.075
PDK1,ENST00000282077,I328S,328,1,7.075,7.075,7.075
PDK1,ENST00000282077,I328T,328,1,7.075,7.075,7.075
PDK1,ENST00000282077,I328V,328,1,8.687,8.687,8.687
PDK1,ENST00000282077,I361I,361,2,1.191,1.191,1.191
PDK1,ENST00000282077,I361K,361,1,8.871,8.871,8.871
PDK1,ENST00000282077,I361L,361,2,8.687,8.687,8.687
PDK1,ENST00000282077,I361M,361,1,1.191,1.191,1.191
PDK1,ENST00000282077,I361R,361,1,8.871,8.871,8.871
PDK1,ENST00000282077,I361T,361,1,8.871,8.871,8.871
PDK1,ENST00000282077,I361V,361,1,8.687,8.687,8.687
PDK1,ENST00000282077,I387F,387,1,6.921,6.921,6.921
PDK1,ENST00000282077,I387I,387,2,0.294,0.294,0.294
PDK1,ENST00000282077,I387L,387,1,6.921,6.921,6.921
PDK1,ENST00000282077,I387M,387,1,0.294,0.294,0.294
PDK1,ENST00000282077,I387N,387,1,8.871,8.871,8.871
PDK1,ENST00000282077,I387S,387,1,8.871,8.871,8.871
PDK1,ENST00000282077,I387T,387,1,8.871,8.871,8.871
PDK1,ENST00000282077,I387V,387,1,6.921,6.921,6.921
PDK1,ENST00000282077,I389F,389,1,2.4,2.4,2.4
PDK1,ENST00000282077,I389I,389,2,0.326,0.326,0.326
PDK1,ENST00000282077,I389L,389,1,2.4,2.4,2.4
PDK1,ENST00000282077,I389M,389,1,0.326,0.326,0.326
PDK1,ENST00000282077,I389N,389,1,8.871,8.871,8.871
PDK1,ENST00000282077,I389S,389,1,8.871,8.871,8.871
PDK1,ENST00000282077,I389T,389,1,8.871,8.871,8.871
PDK1,ENST00000282077,I389V,389,1,2.4,2.4,2.4
PDK1,ENST00000282077,I397I,397,2,0.011,0.011,0.011
PDK1,ENST00000282077,I397K,397,1,8.841,8.841,8.841
PDK1,ENST00000282077,I397L,397,2,0.575,0.575,0.575
PDK1,ENST00000282077,I397M,397,1,0.011,0.011,0.011
PDK1,ENST00000282077,I397R,397,1,8.841,8.841,8.841
PDK1,ENST00000282077,I397T,397,1,8.841,8.841,8.841
PDK1,ENST00000282077,I397V,397,1,0.575,0.575,0.575
PDK1,ENST00000282077,I90I,90,2,1.184,1.184,1.184
PDK1,ENST00000282077,I90K,90,1,8.871,8.871,8.871
PDK1,ENST00000282077,I90L,90,2,8.687,8.687,8.687
PDK1,ENST00000282077,I90M,90,1,1.184,1.184,1.184
PDK1,ENST00000282077,I90R,90,1,8.871,8.871,8.871
PDK1,ENST00000282077,I90T,90,1,8.871,8.871,8.871
PDK1,ENST00000282077,I90V,90,1,8.687,8.687,8.687
PDK1,ENST00000282077,I94I,94,2,0.459,0.459,0.459
PDK1,ENST00000282077,I94K,94,1,8.871,8.871,8.871
PDK1,ENST00000282077,I94L,94,2,8.687,8.687,8.687
PDK1,ENST00000282077,I94M,94,1,0.459,0.459,0.459
PDK1,ENST00000282077,I94R,94,1,8.871,8.871,8.871
PDK1,ENST00000282077,I94T,94,1,8.871,8.871,8.871
PDK1,ENST00000282077,I94V,94,1,8.687,8.687,8.687
PDK1,ENST00000282077,K125E,125,1,5.158,5.158,5.158
PDK1,ENST00000282077,K125K,125,1,0.904,0.904,0.904
PDK1,ENST00000282077,K125M,125,1,4.333,4.333,4.333
PDK1,ENST00000282077,K125N,125,2,0.904,0.904,0.904
PDK1,ENST00000282077,K125Q,125,1,5.158,5.158,5.158
PDK1,ENST00000282077,K125R,125,1,4.333,4.333,4.333
PDK1,ENST00000282077,K125T,125,1,4.333,4.333,4.333
PDK1,ENST00000282077,K127E,127,1,8.259,8.259,8.259
PDK1,ENST00000282077,K127I,127,1,2.45,2.45,2.45
PDK1,ENST00000282077,K127K,127,1,2.408,2.408,2.408
PDK1,ENST00000282077,K127N,127,2,2.408,2.408,2.408
PDK1,ENST00000282077,K127Q,127,1,8.259,8.259,8.259
PDK1,ENST00000282077,K127R,127,1,2.45,2.45,2.45
PDK1,ENST00000282077,K127T,127,1,2.45,2.45,2.45
PDK1,ENST00000282077,K133E,133,1,4.651,4.651,4.651
PDK1,ENST00000282077,K133I,133,1,3.039,3.039,3.039
PDK1,ENST00000282077,K133K,133,1,2.409,2.409,2.409
PDK1,ENST00000282077,K133N,133,2,2.409,2.409,2.409
PDK1,ENST00000282077,K133Q,133,1,4.651,4.651,4.651
PDK1,ENST00000282077,K133R,133,1,3.039,3.039,3.039
PDK1,ENST00000282077,K133T,133,1,3.039,3.039,3.039
PDK1,ENST00000282077,K164E,164,1,8.687,8.687,8.687
PDK1,ENST00000282077,K164K,164,1,4.565,4.565,4.565
PDK1,ENST00000282077,K164M,164,1,8.687,8.687,8.687
PDK1,ENST00000282077,K164N,164,2,4.565,4.565,4.565
PDK1,ENST00000282077,K164Q,164,1,8.687,8.687,8.687
PDK1,ENST00000282077,K164R,164,1,8.687,8.687,8.687
PDK1,ENST00000282077,K164T,164,1,8.687,8.687,8.687
PDK1,ENST00000282077,K205E,205,1,6.065,6.065,6.065
PDK1,ENST00000282077,K205I,205,1,4.296,4.296,4.296
PDK1,ENST00000282077,K205K,205,1,1.158,1.158,1.158
PDK1,ENST00000282077,K205N,205,2,1.158,1.158,1.158
PDK1,ENST00000282077,K205Q,205,1,6.065,6.065,6.065
PDK1,ENST00000282077,K205R,205,1,4.296,4.296,4.296
PDK1,ENST00000282077,K205T,205,1,4.296,4.296,4.296
PDK1,ENST00000282077,K207E,207,1,3.664,3.664,3.664
PDK1,ENST00000282077,K207I,207,1,1.765,1.765,1.765
PDK1,ENST00000282077,K207K,207,1,1.235,1.235,1.235
PDK1,ENST00000282077,K207N,207,2,1.235,1.235,1.235
PDK1,ENST00000282077,K207Q,207,1,3.664,3.664,3.664
PDK1,ENST00000282077,K207R,207,1,1.765,1.765,1.765
PDK1,ENST00000282077,K207T,207,1,1.765,1.765,1.765
PDK1,ENST00000282077,K214E,214,1,8.687,8.687,8.687
PDK1,ENST00000282077,K214I,214,1,6.917,6.917,6.917
PDK1,ENST00000282077,K214K,214,1,0.096,0.096,0.096
PDK1,ENST00000282077,K214N,214,2,0.096,0.096,0.096
PDK1,ENST00000282077,K214Q,214,1,8.687,8.687,8.687
PDK1,ENST00000282077,K214R,214,1,6.917,6.917,6.917
PDK1,ENST00000282077,K214T,214,1,6.917,6.917,6.917
PDK1,ENST00000282077,K230E,230,1,1.133,1.133,1.133
PDK1,ENST00000282077,K230I,230,1,2.213,2.213,2.213
PDK1,ENST00000282077,K230K,230,1,2.726,2.726,2.726
PDK1,ENST00000282077,K230N,230,2,2.726,2.726,2.726
PDK1,ENST00000282077,K230Q,230,1,1.133,1.133,1.133
PDK1,ENST00000282077,K230R,230,1,2.213,2.213,2.213
PDK1,ENST00000282077,K230T,230,1,2.213,2.213,2.213
PDK1,ENST00000282077,K258E,258,1,4.291,4.291,4.291
PDK1,ENST00000282077,K258I,258,1,6.424,6.424,6.424
PDK1,ENST00000282077,K258K,258,1,2.789,2.789,2.789
PDK1,ENST00000282077,K258N,258,2,2.789,2.789,2.789
PDK1,ENST00000282077,K258Q,258,1,4.291,4.291,4.291
PDK1,ENST00000282077,K258R,258,1,6.424,6.424,6.424
PDK1,ENST00000282077,K258T,258,1,6.424,6.424,6.424
PDK1,ENST00000282077,K282E,282,1,8.687,8.687,8.687
PDK1,ENST00000282077,K282K,282,1,11.295,11.295,11.295
PDK1,ENST00000282077,K282M,282,1,8.687,8.687,8.687
PDK1,ENST00000282077,K282N,282,2,11.295,11.295,11.295
PDK1,ENST00000282077,K282Q,282,1,8.687,8.687,8.687
PDK1,ENST00000282077,K282R,282,1,8.687,8.687,8.687
PDK1,ENST00000282077,K282T,282,1,8.687,8.687,8.687
PDK1,ENST00000282077,K315E,315,1,8.687,8.687,8.687
PDK1,ENST00000282077,K315K,315,1,11.295,11.295,11.295
PDK1,ENST00000282077,K315M,315,1,8.687,8.687,8.687
PDK1,ENST00000282077,K315N,315,2,11.295,11.295,11.295
PDK1,ENST00000282077,K315Q,315,1,8.687,8.687,8.687
PDK1,ENST00000282077,K315R,315,1,8.687,8.687,8.687
PDK1,ENST00000282077,K315T,315,1,8.687,8.687,8.687
PDK1,ENST00000282077,K327E,327,1,8.687,8.687,8.687
PDK1,ENST00000282077,K327I,327,1,8.687,8.687,8.687
PDK1,ENST00000282077,K327K,327,1,1.429,1.429,1.429
PDK1,ENST00000282077,K327N,327,2,1.429,1.429,1.429
PDK1,ENST00000282077,K327Q,327,1,8.687,8.687,8.687
PDK1,ENST00000282077,K327R,327,1,8.687,8.687,8.687
PDK1,ENST00000282077,K327T,327,1,8.687,8.687,8.687
PDK1,ENST00000282077,K374E,374,1,4.415,4.415,4.415
PDK1,ENST00000282077,K374K,374,1,2.875,2.875,2.875
PDK1,ENST00000282077,K374M,374,1,8.687,8.687,8.687
PDK1,ENST00000282077,K374N,374,2,2.875,2.875,2.875
PDK1,ENST00000282077,K374Q,374,1,4.415,4.415,4.415
PDK1,ENST00000282077,K374R,374,1,8.687,8.687,8.687
PDK1,ENST00000282077,K374T,374,1,8.687,8.687,8.687
PDK1,ENST00000282077,K390E,390,1,5.288,5.288,5.288
PDK1,ENST00000282077,K390K,390,1,8.867,8.867,8.867
PDK1,ENST00000282077,K390M,390,1,5.942,5.942,5.942
PDK1,ENST00000282077,K390N,390,2,8.867,8.867,8.867
PDK1,ENST00000282077,K390Q,390,1,5.288,5.288,5.288
PDK1,ENST00000282077,K390R,390,1,5.942,5.942,5.942
PDK1,ENST00000282077,K390T,390,1,5.942,5.942,5.942
PDK1,ENST00000282077,K405E,405,1,6.74,6.74,6.74
PDK1,ENST00000282077,K405I,405,1,4.814,4.814,4.814
PDK1,ENST00000282077,K405K,405,1,0.956,0.956,0.956
PDK1,ENST00000282077,K405N,405,2,0.956,0.956,0.956
PDK1,ENST00000282077,K405Q,405,1,6.74,6.74,6.74
PDK1,ENST00000282077,K405R,405,1,4.814,4.814,4.814
PDK1,ENST00000282077,K405T,405,1,4.814,4.814,4.814
PDK1,ENST00000282077,K409E,409,1,6.863,6.863,6.863
PDK1,ENST00000282077,K409K,409,1,2.694,2.694,2.694
PDK1,ENST00000282077,K409M,409,1,3.358,3.358,3.358
PDK1,ENST00000282077,K409N,409,2,2.694,2.694,2.694
PDK1,ENST00000282077,K409Q,409,1,6.863,6.863,6.863
PDK1,ENST00000282077,K409R,409,1,3.358,3.358,3.358
PDK1,ENST00000282077,K409T,409,1,3.358,3.358,3.358
PDK1,ENST00000282077,K428E,428,1,5.423,5.423,5.423
PDK1,ENST00000282077,K428I,428,1,3.99,3.99,3.99
PDK1,ENST00000282077,K428K,428,1,0.46,0.46,0.46
PDK1,ENST00000282077,K428N,428,2,0.46,0.46,0.46
PDK1,ENST00000282077,K428Q,428,1,5.423,5.423,5.423
PDK1,ENST00000282077,K428R,428,1,3.99,3.99,3.99
PDK1,ENST00000282077,K428T,428,1,3.99,3.99,3.99
PDK1,ENST00000282077,K60E,60,1,5.095,5.095,5.095
PDK1,ENST00000282077,K60K,60,1,3.263,3.263,3.263
PDK1,ENST00000282077,K60M,60,1,6.087,6.087,6.087
PDK1,ENST00000282077,K60N,60,2,3.263,3.263,3.263
PDK1,ENST00000282077,K60Q,60,1,5.095,5.095,5.095
PDK1,ENST00000282077,K60R,60,1,6.087,6.087,6.087
PDK1,ENST00000282077,K60T,60,1,6.087,6.087,6.087
PDK1,ENST00000282077,K73E,73,1,6.722,6.722,6.722
PDK1,ENST00000282077,K73K,73,1,4.056,4.056,4.056
PDK1,ENST00000282077,K73M,73,1,3.465,3.465,3.465
PDK1,ENST00000282077,K73N,73,2,4.056,4.056,4.056
PDK1,ENST00000282077,K73Q,73,1,6.722,6.722,6.722
PDK1,ENST00000282077,K73R,73,1,3.465,3.465,3.465
PDK1,ENST00000282077,K73T,73,1,3.465,3.465,3.465
PDK1,ENST00000282077,K92E,92,1,6.767,6.767,6.767
PDK1,ENST00000282077,K92I,92,1,6.907,6.907,6.907
PDK1,ENST00000282077,K92K,92,1,1.677,1.677,1.677
PDK1,ENST00000282077,K92N,92,2,1.677,1.677,1.677
PDK1,ENST00000282077,K92Q,92,1,6.767,6.767,6.767
PDK1,ENST00000282077,K92R,92,1,6.907,6.907,6.907
PDK1,ENST00000282077,K92T,92,1,6.907,6.907,6.907
PDK1,ENST00000282077,L101F,101,1,3.061,3.061,3.061
PDK1,ENST00000282077,L101H,101,1,8.871,8.871,8.871
PDK1,ENST00000282077,L101I,101,1,3.061,3.061,3.061
PDK1,ENST00000282077,L101L,101,3,0.423,0.423,0.423
PDK1,ENST00000282077,L101P,101,1,8.871,8.871,8.871
PDK1,ENST00000282077,L101R,101,1,8.871,8.871,8.871
PDK1,ENST00000282077,L101V,101,1,3.061,3.061,3.061
PDK1,ENST00000282077,L102F,102,1,3.029,3.029,3.029
PDK1,ENST00000282077,L102H,102,1,8.871,8.871,8.871
PDK1,ENST00000282077,L102I,102,1,3.029,3.029,3.029
PDK1,ENST00000282077,L102L,102,3,0.549,0.549,0.549
PDK1,ENST00000282077,L102P,102,1,8.871,8.871,8.871
PDK1,ENST00000282077,L102R,102,1,8.871,8.871,8.871
PDK1,ENST00000282077,L102V,102,1,3.029,3.029,3.029
PDK1,ENST00000282077,L109F,109,2,2.544,2.544,2.544
PDK1,ENST00000282077,L109L,109,2,1.314,1.314,2.544
PDK1,ENST00000282077,L109M,109,1,0.084,0.084,0.084
PDK1,ENST00000282077,L109S,109,1,8.871,8.871,8.871
PDK1,ENST00000282077,L109V,109,1,0.084,0.084,0.084
PDK1,ENST00000282077,L109W,109,1,8.871,8.871,8.871
PDK1,ENST00000282077,L118F,118,1,1.977,1.977,1.977
PDK1,ENST00000282077,L118H,118,1,8.425,8.425,8.425
PDK1,ENST00000282077,L118I,118,1,1.977,1.977,1.977
PDK1,ENST00000282077,L118L,118,3,1.137,1.137,1.137
PDK1,ENST00000282077,L118P,118,1,8.425,8.425,8.425
PDK1,ENST00000282077,L118R,118,1,8.425,8.425,8.425
PDK1,ENST00000282077,L118V,118,1,1.977,1.977,1.977
PDK1,ENST00000282077,L121F,121,1,4.821,4.821,4.821
PDK1,ENST00000282077,L121H,121,1,8.425,8.425,8.425
PDK1,ENST00000282077,L121I,121,1,4.821,4.821,4.821
PDK1,ENST00000282077,L121L,121,3,0.334,0.334,0.334
PDK1,ENST00000282077,L121P,121,1,8.425,8.425,8.425
PDK1,ENST00000282077,L121R,121,1,8.425,8.425,8.425
PDK1,ENST00000282077,L121V,121,1,4.821,4.821,4.821
PDK1,ENST00000282077,L122F,122,1,2.673,2.673,2.673
PDK1,ENST00000282077,L122H,122,1,8.425,8.425,8.425
PDK1,ENST00000282077,L122I,122,1,2.673,2.673,2.673
PDK1,ENST00000282077,L122L,122,3,0.777,0.777,0.777
PDK1,ENST00000282077,L122P,122,1,8.425,8.425,8.425
PDK1,ENST00000282077,L122R,122,1,8.425,8.425,8.425
PDK1,ENST00000282077,L122V,122,1,2.673,2.673,2.673
PDK1,ENST00000282077,L12F,12,2,0.858,0.858,0.858
PDK1,ENST00000282077,L12L,12,2,0.945,0.945,1.032
PDK1,ENST00000282077,L12M,12,1,1.032,1.032,1.032
PDK1,ENST00000282077,L12S,12,1,-0.363,-0.363,-0.363
PDK1,ENST00000282077,L12V,12,1,1.032,1.032,1.032
PDK1,ENST00000282077,L12W,12,1,-0.363,-0.363,-0.363
PDK1,ENST00000282077,L181F,181,2,4.048,4.048,4.048
PDK1,ENST00000282077,L181L,181,2,2.657,2.657,4.048
PDK1,ENST00000282077,L181M,181,1,1.266,1.266,1.266
PDK1,ENST00000282077,L181S,181,1,8.871,8.871,8.871
PDK1,ENST00000282077,L181V,181,1,1.266,1.266,1.266
PDK1,ENST00000282077,L181W,181,1,8.871,8.871,8.871
PDK1,ENST00000282077,L194F,194,2,0.869,0.869,0.869
PDK1,ENST00000282077,L194I,194,1,1.68,1.68,1.68
PDK1,ENST00000282077,L194L,194,2,1.2745,1.2745,1.68
PDK1,ENST00000282077,L194S,194,1,8.871,8.871,8.871
PDK1,ENST00000282077,L194V,194,1,1.68,1.68,1.68
PDK1,ENST00000282077,L195F,195,1,4.476,4.476,4.476
PDK1,ENST00000282077,L195H,195,1,7.049,7.049,7.049
PDK1,ENST00000282077,L195I,195,1,4.476,4.476,4.476
PDK1,ENST00000282077,L195L,195,3,-0.512,-0.512,-0.512
PDK1,ENST00000282077,L195P,195,1,7.049,7.049,7.049
PDK1,ENST00000282077,L195R,195,1,7.049,7.049,7.049
PDK1,ENST00000282077,L195V,195,1,4.476,4.476,4.476
PDK1,ENST00000282077,L19L,19,4,0.979,1.057,1.057
PDK1,ENST00000282077,L19M,19,1,0.745,0.745,0.745
PDK1,ENST00000282077,L19P,19,1,-1.844,-1.844,-1.844
PDK1,ENST00000282077,L19Q,19,1,-1.844,-1.844,-1.844
PDK1,ENST00000282077,L19R,19,1,-1.844,-1.844,-1.844
PDK1,ENST00000282077,L19V,19,1,0.745,0.745,0.745
PDK1,ENST00000282077,L200F,200,2,0.344,0.344,0.344
PDK1,ENST00000282077,L200I,200,1,2.785,2.785,2.785
PDK1,ENST00000282077,L200L,200,2,1.5645,1.5645,2.785
PDK1,ENST00000282077,L200S,200,1,6.695,6.695,6.695
PDK1,ENST00000282077,L200V,200,1,2.785,2.785,2.785
PDK1,ENST00000282077,L201F,201,2,-0.04,-0.04,-0.04
PDK1,ENST00000282077,L201L,201,2,0.641,0.641,1.322
PDK1,ENST00000282077,L201M,201,1,1.322,1.322,1.322
PDK1,ENST00000282077,L201S,201,1,8.497,8.497,8.497
PDK1,ENST00000282077,L201V,201,1,1.322,1.322,1.322
PDK1,ENST00000282077,L201W,201,1,8.497,8.497,8.497
PDK1,ENST00000282077,L226F,226,1,3.706,3.706,3.706
PDK1,ENST00000282077,L226H,226,1,2.241,2.241,2.241
PDK1,ENST00000282077,L226I,226,1,3.706,3.706,3.706
PDK1,ENST00000282077,L226L,226,3,-0.367,-0.367,-0.367
PDK1,ENST00000282077,L226P,226,1,2.241,2.241,2.241
PDK1,ENST00000282077,L226R,226,1,2.241,2.241,2.241
PDK1,ENST00000282077,L226V,226,1,3.706,3.706,3.706
PDK1,ENST00000282077,L239L,239,4,-0.26525,-1.919,4.696
PDK1,ENST00000282077,L239M,239,1,4.696,4.696,4.696
PDK1,ENST00000282077,L239P,239,1,8.871,8.871,8.871
PDK1,ENST00000282077,L239Q,239,1,8.871,8.871,8.871
PDK1,ENST00000282077,L239R,239,1,8.871,8.871,8.871
PDK1,ENST00000282077,L239V,239,1,4.696,4.696,4.696
PDK1,ENST00000282077,L242F,242,2,0.169,0.169,0.169
PDK1,ENST00000282077,L242L,242,2,1.5005,1.5005,2.832
PDK1,ENST00000282077,L242M,242,1,2.832,2.832,2.832
PDK1,ENST00000282077,L242S,242,1,4.059,4.059,4.059
PDK1,ENST00000282077,L242V,242,1,2.832,2.832,2.832
PDK1,ENST00000282077,L242W,242,1,4.059,4.059,4.059
PDK1,ENST00000282077,L250I,250,1,1.121,1.121,1.121
PDK1,ENST00000282077,L250L,250,4,0.224,-0.075,1.121
PDK1,ENST00000282077,L250P,250,1,8.871,8.871,8.871
PDK1,ENST00000282077,L250Q,250,1,8.871,8.871,8.871
PDK1,ENST00000282077,L250R,250,1,8.871,8.871,8.871
PDK1,ENST00000282077,L250V,250,1,1.121,1.121,1.121
PDK1,ENST00000282077,L252F,252,1,2.94,2.94,2.94
PDK1,ENST00000282077,L252H,252,1,8.871,8.871,8.871
PDK1,ENST00000282077,L252I,252,1,2.94,2.94,2.94
PDK1,ENST00000282077,L252L,252,3,2.155,2.155,2.155
PDK1,ENST00000282077,L252P,252,1,8.871,8.871,8.871
PDK1,ENST00000282077,L252R,252,1,8.871,8.871,8.871
PDK1,ENST00000282077,L252V,252,1,2.94,2.94,2.94
PDK1,ENST00000282077,L255I,255,1,0.246,0.246,0.246
PDK1,ENST00000282077,L255L,255,4,0.513,0.602,0.602
PDK1,ENST00000282077,L255P,255,1,6.975,6.975,6.975
PDK1,ENST00000282077,L255Q,255,1,6.975,6.975,6.975
PDK1,ENST00000282077,L255R,255,1,6.975,6.975,6.975
PDK1,ENST00000282077,L255V,255,1,0.246,0.246,0.246
PDK1,ENST00000282077,L273F,273,1,4.621,4.621,4.621
PDK1,ENST00000282077,L273H,273,1,8.871,8.871,8.871
PDK1,ENST00000282077,L273I,273,1,4.621,4.621,4.621
PDK1,ENST00000282077,L273L,273,3,3.346,3.346,3.346
PDK1,ENST00000282077,L273P,273,1,8.871,8.871,8.871
PDK1,ENST00000282077,L273R,273,1,8.871,8.871,8.871
PDK1,ENST00000282077,L273V,273,1,4.621,4.621,4.621
PDK1,ENST00000282077,L280F,280,1,5.753,5.753,5.753
PDK1,ENST00000282077,L280H,280,1,8.871,8.871,8.871
PDK1,ENST00000282077,L280I,280,1,5.753,5.753,5.753
PDK1,ENST00000282077,L280L,280,3,1.848,1.848,1.848
PDK1,ENST00000282077,L280P,280,1,8.871,8.871,8.871
PDK1,ENST00000282077,L280R,280,1,8.871,8.871,8.871
PDK1,ENST00000282077,L280V,280,1,5.753,5.753,5.753
PDK1,ENST00000282077,L307L,307,4,1.64675,2.062,2.062
PDK1,ENST00000282077,L307M,307,1,0.401,0.401,0.401
PDK1,ENST00000282077,L307P,307,1,8.871,8.871,8.871
PDK1,ENST00000282077,L307Q,307,1,8.871,8.871,8.871
PDK1,ENST00000282077,L307R,307,1,8.871,8.871,8.871
PDK1,ENST00000282077,L307V,307,1,0.401,0.401,0.401
PDK1,ENST00000282077,L312F,312,2,1.39,1.39,1.39
PDK1,ENST00000282077,L312L,312,2,1.799,1.799,2.208
PDK1,ENST00000282077,L312M,312,1,2.208,2.208,2.208
PDK1,ENST00000282077,L312S,312,1,8.871,8.871,8.871
PDK1,ENST00000282077,L312V,312,1,2.208,2.208,2.208
PDK1,ENST00000282077,L312W,312,1,8.871,8.871,8.871
PDK1,ENST00000282077,L325F,325,2,3.291,3.291,3.291
PDK1,ENST00000282077,L325L,325,2,1.342,1.342,3.291
PDK1,ENST00000282077,L325M,325,1,-0.607,-0.607,-0.607
PDK1,ENST00000282077,L325S,325,1,8.871,8.871,8.871
PDK1,ENST00000282077,L325V,325,1,-0.607,-0.607,-0.607
PDK1,ENST00000282077,L325W,325,1,8.871,8.871,8.871
PDK1,ENST00000282077,L331F,331,1,1.824,1.824,1.824
PDK1,ENST00000282077,L331H,331,1,8.871,8.871,8.871
PDK1,ENST00000282077,L331I,331,1,1.824,1.824,1.824
PDK1,ENST00000282077,L331L,331,3,1.284,1.284,1.284
PDK1,ENST00000282077,L331P,331,1,8.871,8.871,8.871
PDK1,ENST00000282077,L331R,331,1,8.871,8.871,8.871
PDK1,ENST00000282077,L331V,331,1,1.824,1.824,1.824
PDK1,ENST00000282077,L352L,352,4,7.548,9.191,9.191
PDK1,ENST00000282077,L352M,352,1,2.619,2.619,2.619
PDK1,ENST00000282077,L352P,352,1,8.871,8.871,8.871
PDK1,ENST00000282077,L352Q,352,1,8.871,8.871,8.871
PDK1,ENST00000282077,L352R,352,1,8.871,8.871,8.871
PDK1,ENST00000282077,L352V,352,1,2.619,2.619,2.619
PDK1,ENST00000282077,L359F,359,2,3.53,3.53,3.53
PDK1,ENST00000282077,L359L,359,2,3.8175,3.8175,4.105
PDK1,ENST00000282077,L359M,359,1,4.105,4.105,4.105
PDK1,ENST00000282077,L359S,359,1,8.871,8.871,8.871
PDK1,ENST00000282077,L359V,359,1,4.105,4.105,4.105
PDK1,ENST00000282077,L359W,359,1,8.871,8.871,8.871
PDK1,ENST00000282077,L364F,364,1,4.7,4.7,4.7
PDK1,ENST00000282077,L364H,364,1,8.871,8.871,8.871
PDK1,ENST00000282077,L364I,364,1,4.7,4.7,4.7
PDK1,ENST00000282077,L364L,364,3,0.393,0.393,0.393
PDK1,ENST00000282077,L364P,364,1,8.871,8.871,8.871
PDK1,ENST00000282077,L364R,364,1,8.871,8.871,8.871
PDK1,ENST00000282077,L364V,364,1,4.7,4.7,4.7
PDK1,ENST00000282077,L373L,373,4,1.7215,1.485,2.431
PDK1,ENST00000282077,L373M,373,1,2.431,2.431,2.431
PDK1,ENST00000282077,L373P,373,1,8.871,8.871,8.871
PDK1,ENST00000282077,L373Q,373,1,8.871,8.871,8.871
PDK1,ENST00000282077,L373R,373,1,8.871,8.871,8.871
PDK1,ENST00000282077,L373V,373,1,2.431,2.431,2.431
PDK1,ENST00000282077,L375L,375,4,0.204,-0.585,2.571
PDK1,ENST00000282077,L375M,375,1,2.571,2.571,2.571
PDK1,ENST00000282077,L375P,375,1,8.871,8.871,8.871
PDK1,ENST00000282077,L375Q,375,1,8.871,8.871,8.871
PDK1,ENST00000282077,L375R,375,1,8.871,8.871,8.871
PDK1,ENST00000282077,L375V,375,1,2.571,2.571,2.571
PDK1,ENST00000282077,L378I,378,1,-0.184,-0.184,-0.184
PDK1,ENST00000282077,L378L,378,4,0.113,0.212,0.212
PDK1,ENST00000282077,L378P,378,1,8.871,8.871,8.871
PDK1,ENST00000282077,L378Q,378,1,8.871,8.871,8.871
PDK1,ENST00000282077,L378R,378,1,8.871,8.871,8.871
PDK1,ENST00000282077,L378V,378,1,-0.184,-0.184,-0.184
PDK1,ENST00000282077,L392L,392,4,1.0695,1.273,1.273
PDK1,ENST00000282077,L392M,392,1,0.459,0.459,0.459
PDK1,ENST00000282077,L392P,392,1,8.767,8.767,8.767
PDK1,ENST00000282077,L392Q,392,1,8.767,8.767,8.767
PDK1,ENST00000282077,L392R,392,1,8.767,8.767,8.767
PDK1,ENST00000282077,L392V,392,1,0.459,0.459,0.459
PDK1,ENST00000282077,L3L,3,4,0.6775,1.128,1.128
PDK1,ENST00000282077,L3M,3,1,-0.674,-0.674,-0.674
PDK1,ENST00000282077,L3P,3,1,0.791,0.791,0.791
PDK1,ENST00000282077,L3Q,3,1,0.791,0.791,0.791
PDK1,ENST00000282077,L3R,3,1,0.791,0.791,0.791
PDK1,ENST00000282077,L3V,3,1,-0.674,-0.674,-0.674
PDK1,ENST00000282077,L400F,400,1,4.636,4.636,4.636
PDK1,ENST00000282077,L400H,400,1,8.841,8.841,8.841
PDK1,ENST00000282077,L400I,400,1,4.636,4.636,4.636
PDK1,ENST00000282077,L400L,400,3,0.502,0.502,0.502
PDK1,ENST00000282077,L400P,400,1,8.841,8.841,8.841
PDK1,ENST00000282077,L400R,400,1,8.841,8.841,8.841
PDK1,ENST00000282077,L400V,400,1,4.636,4.636,4.636
PDK1,ENST00000282077,L57F,57,1,3.318,3.318,3.318
PDK1,ENST00000282077,L57H,57,1,5.181,5.181,5.181
PDK1,ENST00000282077,L57I,57,1,3.318,3.318,3.318
PDK1,ENST00000282077,L57L,57,3,0.103,0.103,0.103
PDK1,ENST00000282077,L57P,57,1,5.181,5.181,5.181
PDK1,ENST00000282077,L57R,57,1,5.181,5.181,5.181
PDK1,ENST00000282077,L57V,57,1,3.318,3.318,3.318
PDK1,ENST00000282077,L63L,63,4,2.3715,3.078,3.078
PDK1,ENST00000282077,L63M,63,1,0.252,0.252,0.252
PDK1,ENST00000282077,L63P,63,1,4.216,4.216,4.216
PDK1,ENST00000282077,L63Q,63,1,4.216,4.216,4.216
PDK1,ENST00000282077,L63R,63,1,4.216,4.216,4.216
PDK1,ENST00000282077,L63V,63,1,0.252,0.252,0.252
PDK1,ENST00000282077,L6L,6,4,0.06125,-0.021,0.308
PDK1,ENST00000282077,L6M,6,1,0.308,0.308,0.308
PDK1,ENST00000282077,L6P,6,1,0.791,0.791,0.791
PDK1,ENST00000282077,L6Q,6,1,0.791,0.791,0.791
PDK1,ENST00000282077,L6R,6,1,0.791,0.791,0.791
PDK1,ENST00000282077,L6V,6,1,0.308,0.308,0.308
PDK1,ENST00000282077,L79L,79,4,0.98525,0.822,1.475
PDK1,ENST00000282077,L79M,79,1,1.475,1.475,1.475
PDK1,ENST00000282077,L79P,79,1,8.871,8.871,8.871
PDK1,ENST00000282077,L79Q,79,1,8.871,8.871,8.871
PDK1,ENST00000282077,L79R,79,1,8.871,8.871,8.871
PDK1,ENST00000282077,L79V,79,1,1.475,1.475,1.475
PDK1,ENST00000282077,L7F,7,1,0.481,0.481,0.481
PDK1,ENST00000282077,L7H,7,1,1.252,1.252,1.252
PDK1,ENST00000282077,L7I,7,1,0.481,0.481,0.481
PDK1,ENST00000282077,L7L,7,3,-0.235,-0.235,-0.235
PDK1,ENST00000282077,L7P,7,1,1.252,1.252,1.252
PDK1,ENST00000282077,L7R,7,1,1.252,1.252,1.252
PDK1,ENST00000282077,L7V,7,1,0.481,0.481,0.481
PDK1,ENST00000282077,L83F,83,2,1.122,1.122,1.122
PDK1,ENST00000282077,L83L,83,2,0.606,0.606,1.122
PDK1,ENST00000282077,L83M,83,1,0.09,0.09,0.09
PDK1,ENST00000282077,L83S,83,1,8.871,8.871,8.871
PDK1,ENST00000282077,L83V,83,1,0.09,0.09,0.09
PDK1,ENST00000282077,L83W,83,1,8.871,8.871,8.871
PDK1,ENST00000282077,L87L,87,4,2.521,3.143,3.143
PDK1,ENST00000282077,L87M,87,1,0.655,0.655,0.655
PDK1,ENST00000282077,L87P,87,1,8.871,8.871,8.871
PDK1,ENST00000282077,L87Q,87,1,8.871,8.871,8.871
PDK1,ENST00000282077,L87R,87,1,8.871,8.871,8.871
PDK1,ENST00000282077,L87V,87,1,0.655,0.655,0.655
PDK1,ENST00000282077,L96F,96,1,1.762,1.762,1.762
PDK1,ENST00000282077,L96H,96,1,8.871,8.871,8.871
PDK1,ENST00000282077,L96I,96,1,1.762,1.762,1.762
PDK1,ENST00000282077,L96L,96,3,0.725,0.725,0.725
PDK1,ENST00000282077,L96P,96,1,8.871,8.871,8.871
PDK1,ENST00000282077,L96R,96,1,8.871,8.871,8.871
PDK1,ENST00000282077,L96V,96,1,1.762,1.762,1.762
PDK1,ENST00000282077,L97F,97,1,4.621,4.621,4.621
PDK1,ENST00000282077,L97H,97,1,8.871,8.871,8.871
PDK1,ENST00000282077,L97I,97,1,4.621,4.621,4.621
PDK1,ENST00000282077,L97L,97,3,0.922,0.922,0.922
PDK1,ENST00000282077,L97P,97,1,8.871,8.871,8.871
PDK1,ENST00000282077,L97R,97,1,8.871,8.871,8.871
PDK1,ENST00000282077,L97V,97,1,4.621,4.621,4.621
PDK1,ENST00000282077,M156I,156,3,9.191,9.191,9.191
PDK1,ENST00000282077,M156K,156,1,8.871,8.871,8.871
PDK1,ENST00000282077,M156L,156,2,4.759,4.759,4.759
PDK1,ENST00000282077,M156R,156,1,8.871,8.871,8.871
PDK1,ENST00000282077,M156T,156,1,8.871,8.871,8.871
PDK1,ENST00000282077,M156V,156,1,4.759,4.759,4.759
PDK1,ENST00000282077,M186I,186,3,11.295,11.295,11.295
PDK1,ENST00000282077,M186K,186,1,8.871,8.871,8.871
PDK1,ENST00000282077,M186L,186,2,8.687,8.687,8.687
PDK1,ENST00000282077,M186R,186,1,8.871,8.871,8.871
PDK1,ENST00000282077,M186T,186,1,8.871,8.871,8.871
PDK1,ENST00000282077,M186V,186,1,8.687,8.687,8.687
PDK1,ENST00000282077,M193I,193,3,11.295,11.295,11.295
PDK1,ENST00000282077,M193K,193,1,8.871,8.871,8.871
PDK1,ENST00000282077,M193L,193,2,8.687,8.687,8.687
PDK1,ENST00000282077,M193R,193,1,8.871,8.871,8.871
PDK1,ENST00000282077,M193T,193,1,8.871,8.871,8.871
PDK1,ENST00000282077,M193V,193,1,8.687,8.687,8.687
PDK1,ENST00000282077,M1I,1,3,1.41,1.41,1.41
PDK1,ENST00000282077,M1K,1,1,0.322,0.322,0.322
PDK1,ENST00000282077,M1L,1,2,0.849,0.849,0.849
PDK1,ENST00000282077,M1R,1,1,0.322,0.322,0.322
PDK1,ENST00000282077,M1T,1,1,0.322,0.322,0.322
PDK1,ENST00000282077,M1V,1,1,0.849,0.849,0.849
PDK1,ENST00000282077,M276I,276,3,9.394,9.394,9.394
PDK1,ENST00000282077,M276K,276,1,8.871,8.871,8.871
PDK1,ENST00000282077,M276L,276,2,6.99,6.99,6.99
PDK1,ENST00000282077,M276R,276,1,8.871,8.871,8.871
PDK1,ENST00000282077,M276T,276,1,8.871,8.871,8.871
PDK1,ENST00000282077,M276V,276,1,6.99,6.99,6.99
PDK1,ENST00000282077,M285I,285,3,11.295,11.295,11.295
PDK1,ENST00000282077,M285K,285,1,8.871,8.871,8.871
PDK1,ENST00000282077,M285L,285,2,8.687,8.687,8.687
PDK1,ENST00000282077,M285R,285,1,8.871,8.871,8.871
PDK1,ENST00000282077,M285T,285,1,8.871,8.871,8.871
PDK1,ENST00000282077,M285V,285,1,8.687,8.687,8.687
PDK1,ENST00000282077,M289I,289,3,6.883,6.883,6.883
PDK1,ENST00000282077,M289K,289,1,8.871,8.871,8.871
PDK1,ENST00000282077,M289L,289,2,3.448,3.448,3.448
PDK1,ENST00000282077,M289R,289,1,8.871,8.871,8.871
PDK1,ENST00000282077,M289T,289,1,8.871,8.871,8.871
PDK1,ENST00000282077,M289V,289,1,3.448,3.448,3.448
PDK1,ENST00000282077,M316I,316,3,3.355,3.355,3.355
PDK1,ENST00000282077,M316K,316,1,8.871,8.871,8.871
PDK1,ENST00000282077,M316L,316,2,5.225,5.225,5.225
PDK1,ENST00000282077,M316R,316,1,8.871,8.871,8.871
PDK1,ENST00000282077,M316T,316,1,8.871,8.871,8.871
PDK1,ENST00000282077,M316V,316,1,5.225,5.225,5.225
PDK1,ENST00000282077,M335I,335,3,5.874,5.874,5.874
PDK1,ENST00000282077,M335K,335,1,4.99,4.99,4.99
PDK1,ENST00000282077,M335L,335,2,8.687,8.687,8.687
PDK1,ENST00000282077,M335R,335,1,4.99,4.99,4.99
PDK1,ENST00000282077,M335T,335,1,4.99,4.99,4.99
PDK1,ENST00000282077,M335V,335,1,8.687,8.687,8.687
PDK1,ENST00000282077,M430I,430,3,8.827,8.827,8.827
PDK1,ENST00000282077,M430K,430,1,8.58,8.58,8.58
PDK1,ENST00000282077,M430L,430,2,5.222,5.222,5.222
PDK1,ENST00000282077,M430R,430,1,8.58,8.58,8.58
PDK1,ENST00000282077,M430T,430,1,8.58,8.58,8.58
PDK1,ENST00000282077,M430V,430,1,5.222,5.222,5.222
PDK1,ENST00000282077,M59I,59,3,5.949,5.949,5.949
PDK1,ENST00000282077,M59K,59,1,5.19,5.19,5.19
PDK1,ENST00000282077,M59L,59,2,7.909,7.909,7.909
PDK1,ENST00000282077,M59R,59,1,5.19,5.19,5.19
PDK1,ENST00000282077,M59T,59,1,5.19,5.19,5.19
PDK1,ENST00000282077,M59V,59,1,7.909,7.909,7.909
PDK1,ENST00000282077,M77I,77,3,4.545,4.545,4.545
PDK1,ENST00000282077,M77K,77,1,4.448,4.448,4.448
PDK1,ENST00000282077,M77L,77,2,3.111,3.111,3.111
PDK1,ENST00000282077,M77R,77,1,4.448,4.448,4.448
PDK1,ENST00000282077,M77T,77,1,4.448,4.448,4.448
PDK1,ENST00000282077,M77V,77,1,3.111,3.111,3.111
PDK1,ENST00000282077,M91I,91,3,9.395,9.395,9.395
PDK1,ENST00000282077,M91K,91,1,8.871,8.871,8.871
PDK1,ENST00000282077,M91L,91,2,6.883,6.883,6.883
PDK1,ENST00000282077,M91R,91,1,8.871,8.871,8.871
PDK1,ENST00000282077,M91T,91,1,8.871,8.871,8.871
PDK1,ENST00000282077,M91V,91,1,6.883,6.883,6.883
PDK1,ENST00000282077,N100D,100,1,5.589,5.589,5.589
PDK1,ENST00000282077,N100H,100,1,5.589,5.589,5.589
PDK1,ENST00000282077,N100I,100,1,6.923,6.923,6.923
PDK1,ENST00000282077,N100K,100,2,0.445,0.445,0.445
PDK1,ENST00000282077,N100N,100,1,0.445,0.445,0.445
PDK1,ENST00000282077,N100S,100,1,6.923,6.923,6.923
PDK1,ENST00000282077,N100T,100,1,6.923,6.923,6.923
PDK1,ENST00000282077,N100Y,100,1,5.589,5.589,5.589
PDK1,ENST00000282077,N147D,147,1,8.687,8.687,8.687
PDK1,ENST00000282077,N147H,147,1,8.687,8.687,8.687
PDK1,ENST00000282077,N147I,147,1,8.687,8.687,8.687
PDK1,ENST00000282077,N147K,147,2,0.475,0.475,0.475
PDK1,ENST00000282077,N147N,147,1,0.475,0.475,0.475
PDK1,ENST00000282077,N147S,147,1,8.687,8.687,8.687
PDK1,ENST00000282077,N147T,147,1,8.687,8.687,8.687
PDK1,ENST00000282077,N147Y,147,1,8.687,8.687,8.687
PDK1,ENST00000282077,N150D,150,1,8.687,8.687,8.687
PDK1,ENST00000282077,N150H,150,1,8.687,8.687,8.687
PDK1,ENST00000282077,N150I,150,1,8.687,8.687,8.687
PDK1,ENST00000282077,N150K,150,2,1.155,1.155,1.155
PDK1,ENST00000282077,N150N,150,1,1.155,1.155,1.155
PDK1,ENST00000282077,N150S,150,1,8.687,8.687,8.687
PDK1,ENST00000282077,N150T,150,1,8.687,8.687,8.687
PDK1,ENST00000282077,N150Y,150,1,8.687,8.687,8.687
PDK1,ENST00000282077,N176D,176,1,5.636,5.636,5.636
PDK1,ENST00000282077,N176H,176,1,5.636,5.636,5.636
PDK1,ENST00000282077,N176I,176,1,8.687,8.687,8.687
PDK1,ENST00000282077,N176K,176,2,1.968,1.968,1.968
PDK1,ENST00000282077,N176N,176,1,1.968,1.968,1.968
PDK1,ENST00000282077,N176S,176,1,8.687,8.687,8.687
PDK1,ENST00000282077,N176T,176,1,8.687,8.687,8.687
PDK1,ENST00000282077,N176Y,176,1,5.636,5.636,5.636
PDK1,ENST00000282077,N196D,196,1,8.687,8.687,8.687
PDK1,ENST00000282077,N196H,196,1,8.687,8.687,8.687
PDK1,ENST00000282077,N196I,196,1,8.687,8.687,8.687
PDK1,ENST00000282077,N196K,196,2,3.096,3.096,3.096
PDK1,ENST00000282077,N196N,196,1,3.096,3.096,3.096
PDK1,ENST00000282077,N196S,196,1,8.687,8.687,8.687
PDK1,ENST00000282077,N196T,196,1,8.687,8.687,8.687
PDK1,ENST00000282077,N196Y,196,1,8.687,8.687,8.687
PDK1,ENST00000282077,N220D,220,1,5.626,5.626,5.626
PDK1,ENST00000282077,N220H,220,1,5.626,5.626,5.626
PDK1,ENST00000282077,N220I,220,1,5.665,5.665,5.665
PDK1,ENST00000282077,N220K,220,2,0.101,0.101,0.101
PDK1,ENST00000282077,N220N,220,1,0.101,0.101,0.101
PDK1,ENST00000282077,N220S,220,1,5.665,5.665,5.665
PDK1,ENST00000282077,N220T,220,1,5.665,5.665,5.665
PDK1,ENST00000282077,N220Y,220,1,5.626,5.626,5.626
PDK1,ENST00000282077,N222D,222,1,1.261,1.261,1.261
PDK1,ENST00000282077,N222H,222,1,1.261,1.261,1.261
PDK1,ENST00000282077,N222I,222,1,2.128,2.128,2.128
PDK1,ENST00000282077,N222K,222,2,1.895,1.895,1.895
PDK1,ENST00000282077,N222N,222,1,1.895,1.895,1.895
PDK1,ENST00000282077,N222S,222,1,2.128,2.128,2.128
PDK1,ENST00000282077,N222T,222,1,2.128,2.128,2.128
PDK1,ENST00000282077,N222Y,222,1,1.261,1.261,1.261
PDK1,ENST00000282077,N224D,224,1,0.281,0.281,0.281
PDK1,ENST00000282077,N224H,224,1,0.281,0.281,0.281
PDK1,ENST00000282077,N224I,224,1,1.466,1.466,1.466
PDK1,ENST00000282077,N224K,224,2,-0.416,-0.416,-0.416
PDK1,ENST00000282077,N224N,224,1,-0.416,-0.416,-0.416
PDK1,ENST00000282077,N224S,224,1,1.466,1.466,1.466
PDK1,ENST00000282077,N224T,224,1,1.466,1.466,1.466
PDK1,ENST00000282077,N224Y,224,1,0.281,0.281,0.281
PDK1,ENST00000282077,N235D,235,1,6.923,6.923,6.923
PDK1,ENST00000282077,N235H,235,1,6.923,6.923,6.923
PDK1,ENST00000282077,N235I,235,1,3.467,3.467,3.467
PDK1,ENST00000282077,N235K,235,2,3.364,3.364,3.364
PDK1,ENST00000282077,N235N,235,1,3.364,3.364,3.364
PDK1,ENST00000282077,N235S,235,1,3.467,3.467,3.467
PDK1,ENST00000282077,N235T,235,1,3.467,3.467,3.467
PDK1,ENST00000282077,N235Y,235,1,6.923,6.923,6.923
PDK1,ENST00000282077,N246D,246,1,5.749,5.749,5.749
PDK1,ENST00000282077,N246H,246,1,5.749,5.749,5.749
PDK1,ENST00000282077,N246I,246,1,3.895,3.895,3.895
PDK1,ENST00000282077,N246K,246,2,1.206,1.206,1.206
PDK1,ENST00000282077,N246N,246,1,1.206,1.206,1.206
PDK1,ENST00000282077,N246S,246,1,3.895,3.895,3.895
PDK1,ENST00000282077,N246T,246,1,3.895,3.895,3.895
PDK1,ENST00000282077,N246Y,246,1,5.749,5.749,5.749
PDK1,ENST00000282077,N256D,256,1,6.777,6.777,6.777
PDK1,ENST00000282077,N256H,256,1,6.777,6.777,6.777
PDK1,ENST00000282077,N256I,256,1,6.865,6.865,6.865
PDK1,ENST00000282077,N256K,256,2,2.839,2.839,2.839
PDK1,ENST00000282077,N256N,256,1,2.839,2.839,2.839
PDK1,ENST00000282077,N256S,256,1,6.865,6.865,6.865
PDK1,ENST00000282077,N256T,256,1,6.865,6.865,6.865
PDK1,ENST00000282077,N256Y,256,1,6.777,6.777,6.777
PDK1,ENST00000282077,N283D,283,1,8.687,8.687,8.687
PDK1,ENST00000282077,N283H,283,1,8.687,8.687,8.687
PDK1,ENST00000282077,N283I,283,1,8.687,8.687,8.687
PDK1,ENST00000282077,N283K,283,2,0.314,0.314,0.314
PDK1,ENST00000282077,N283N,283,1,0.314,0.314,0.314
PDK1,ENST00000282077,N283S,283,1,8.687,8.687,8.687
PDK1,ENST00000282077,N283T,283,1,8.687,8.687,8.687
PDK1,ENST00000282077,N283Y,283,1,8.687,8.687,8.687
PDK1,ENST00000282077,N294D,294,1,4.496,4.496,4.496
PDK1,ENST00000282077,N294H,294,1,4.496,4.496,4.496
PDK1,ENST00000282077,N294I,294,1,3.703,3.703,3.703
PDK1,ENST00000282077,N294K,294,2,0.575,0.575,0.575
PDK1,ENST00000282077,N294N,294,1,0.575,0.575,0.575
PDK1,ENST00000282077,N294S,294,1,3.703,3.703,3.703
PDK1,ENST00000282077,N294T,294,1,3.703,3.703,3.703
PDK1,ENST00000282077,N294Y,294,1,4.496,4.496,4.496
PDK1,ENST00000282077,N309D,309,1,0.778,0.778,0.778
PDK1,ENST00000282077,N309H,309,1,0.778,0.778,0.778
PDK1,ENST00000282077,N309I,309,1,1.612,1.612,1.612
PDK1,ENST00000282077,N309K,309,2,-1.092,-1.092,-1.092
PDK1,ENST00000282077,N309N,309,1,-1.092,-1.092,-1.092
PDK1,ENST00000282077,N309S,309,1,1.612,1.612,1.612
PDK1,ENST00000282077,N309T,309,1,1.612,1.612,1.612
PDK1,ENST00000282077,N309Y,309,1,0.778,0.778,0.778
PDK1,ENST00000282077,N333D,333,1,8.687,8.687,8.687
PDK1,ENST00000282077,N333H,333,1,8.687,8.687,8.687
PDK1,ENST00000282077,N333I,333,1,3.593,3.593,3.593
PDK1,ENST00000282077,N333K,333,2,1.769,1.769,1.769
PDK1,ENST00000282077,N333N,333,1,1.769,1.769,1.769
PDK1,ENST00000282077,N333S,333,1,3.593,3.593,3.593
PDK1,ENST00000282077,N333T,333,1,3.593,3.593,3.593
PDK1,ENST00000282077,N333Y,333,1,8.687,8.687,8.687
PDK1,ENST00000282077,N404D,404,1,8.657,8.657,8.657
PDK1,ENST00000282077,N404H,404,1,8.657,8.657,8.657
PDK1,ENST00000282077,N404I,404,1,8.657,8.657,8.657
PDK1,ENST00000282077,N404K,404,2,1.581,1.581,1.581
PDK1,ENST00000282077,N404N,404,1,1.581,1.581,1.581
PDK1,ENST00000282077,N404S,404,1,8.657,8.657,8.657
PDK1,ENST00000282077,N404T,404,1,8.657,8.657,8.657
PDK1,ENST00000282077,N404Y,404,1,8.657,8.657,8.657
PDK1,ENST00000282077,N412D,412,1,4.449,4.449,4.449
PDK1,ENST00000282077,N412H,412,1,4.449,4.449,4.449
PDK1,ENST00000282077,N412I,412,1,3.85,3.85,3.85
PDK1,ENST00000282077,N412K,412,2,0.576,0.576,0.576
PDK1,ENST00000282077,N412N,412,1,0.576,0.576,0.576
PDK1,ENST00000282077,N412S,412,1,3.85,3.85,3.85
PDK1,ENST00000282077,N412T,412,1,3.85,3.85,3.85
PDK1,ENST00000282077,N412Y,412,1,4.449,4.449,4.449
PDK1,ENST00000282077,N414D,414,1,8.657,8.657,8.657
PDK1,ENST00000282077,N414H,414,1,8.657,8.657,8.657
PDK1,ENST00000282077,N414I,414,1,2.363,2.363,2.363
PDK1,ENST00000282077,N414K,414,2,1.514,1.514,1.514
PDK1,ENST00000282077,N414N,414,1,1.514,1.514,1.514
PDK1,ENST00000282077,N414S,414,1,2.363,2.363,2.363
PDK1,ENST00000282077,N414T,414,1,2.363,2.363,2.363
PDK1,ENST00000282077,N414Y,414,1,8.657,8.657,8.657
PDK1,ENST00000282077,N69D,69,1,4.054,4.054,4.054
PDK1,ENST00000282077,N69H,69,1,4.054,4.054,4.054
PDK1,ENST00000282077,N69I,69,1,8.687,8.687,8.687
PDK1,ENST00000282077,N69K,69,2,2.855,2.855,2.855
PDK1,ENST00000282077,N69N,69,1,2.855,2.855,2.855
PDK1,ENST00000282077,N69S,69,1,8.687,8.687,8.687
PDK1,ENST00000282077,N69T,69,1,8.687,8.687,8.687
PDK1,ENST00000282077,N69Y,69,1,4.054,4.054,4.054
PDK1,ENST00000282077,N89D,89,1,8.687,8.687,8.687
PDK1,ENST00000282077,N89H,89,1,8.687,8.687,8.687
PDK1,ENST00000282077,N89I,89,1,8.687,8.687,8.687
PDK1,ENST00000282077,N89K,89,2,1.059,1.059,1.059
PDK1,ENST00000282077,N89N,89,1,1.059,1.059,1.059
PDK1,ENST00000282077,N89S,89,1,8.687,8.687,8.687
PDK1,ENST00000282077,N89T,89,1,8.687,8.687,8.687
PDK1,ENST00000282077,N89Y,89,1,8.687,8.687,8.687
PDK1,ENST00000282077,P105A,105,1,5.795,5.795,5.795
PDK1,ENST00000282077,P105L,105,1,7.518,7.518,7.518
PDK1,ENST00000282077,P105P,105,3,0.306,0.306,0.306
PDK1,ENST00000282077,P105Q,105,1,7.518,7.518,7.518
PDK1,ENST00000282077,P105R,105,1,7.518,7.518,7.518
PDK1,ENST00000282077,P105S,105,1,5.795,5.795,5.795
PDK1,ENST00000282077,P105T,105,1,5.795,5.795,5.795
PDK1,ENST00000282077,P154A,154,1,5.747,5.747,5.747
PDK1,ENST00000282077,P154H,154,1,7.518,7.518,7.518
PDK1,ENST00000282077,P154L,154,1,7.518,7.518,7.518
PDK1,ENST00000282077,P154P,154,3,0.237,0.237,0.237
PDK1,ENST00000282077,P154R,154,1,7.518,7.518,7.518
PDK1,ENST00000282077,P154S,154,1,5.747,5.747,5.747
PDK1,ENST00000282077,P154T,154,1,5.747,5.747,5.747
PDK1,ENST00000282077,P15A,15,1,0.609,0.609,0.609
PDK1,ENST00000282077,P15L,15,1,-0.946,-0.946,-0.946
PDK1,ENST00000282077,P15P,15,3,-1.089,-1.089,-1.089
PDK1,ENST00000282077,P15Q,15,1,-0.946,-0.946,-0.946
PDK1,ENST00000282077,P15R,15,1,-0.946,-0.946,-0.946
PDK1,ENST00000282077,P15S,15,1,0.609,0.609,0.609
PDK1,ENST00000282077,P15T,15,1,0.609,0.609,0.609
PDK1,ENST00000282077,P171A,171,1,5.798,5.798,5.798
PDK1,ENST00000282077,P171H,171,1,7.518,7.518,7.518
PDK1,ENST00000282077,P171L,171,1,7.518,7.518,7.518
PDK1,ENST00000282077,P171P,171,3,-0.386,-0.386,-0.386
PDK1,ENST00000282077,P171R,171,1,7.518,7.518,7.518
PDK1,ENST00000282077,P171S,171,1,5.798,5.798,5.798
PDK1,ENST00000282077,P171T,171,1,5.798,5.798,5.798
PDK1,ENST00000282077,P17A,17,1,-0.022,-0.022,-0.022
PDK1,ENST00000282077,P17L,17,1,0.084,0.084,0.084
PDK1,ENST00000282077,P17P,17,3,-1.927,-1.927,-1.927
PDK1,ENST00000282077,P17Q,17,1,0.084,0.084,0.084
PDK1,ENST00000282077,P17R,17,1,0.084,0.084,0.084
PDK1,ENST00000282077,P17S,17,1,-0.022,-0.022,-0.022
PDK1,ENST00000282077,P17T,17,1,-0.022,-0.022,-0.022
PDK1,ENST00000282077,P210A,210,1,4.589,4.589,4.589
PDK1,ENST00000282077,P210L,210,1,2.556,2.556,2.556
PDK1,ENST00000282077,P210P,210,3,-0.02,-0.02,-0.02
PDK1,ENST00000282077,P210Q,210,1,2.556,2.556,2.556
PDK1,ENST00000282077,P210R,210,1,2.556,2.556,2.556
PDK1,ENST00000282077,P210S,210,1,4.589,4.589,4.589
PDK1,ENST00000282077,P210T,210,1,4.589,4.589,4.589
PDK1,ENST00000282077,P221A,221,1,7.518,7.518,7.518
PDK1,ENST00000282077,P221L,221,1,7.518,7.518,7.518
PDK1,ENST00000282077,P221P,221,3,-0.39,-0.39,-0.39
PDK1,ENST00000282077,P221Q,221,1,7.518,7.518,7.518
PDK1,ENST00000282077,P221R,221,1,7.518,7.518,7.518
PDK1,ENST00000282077,P221S,221,1,7.518,7.518,7.518
PDK1,ENST00000282077,P221T,221,1,7.518,7.518,7.518
PDK1,ENST00000282077,P248A,248,1,7.518,7.518,7.518
PDK1,ENST00000282077,P248H,248,1,7.518,7.518,7.518
PDK1,ENST00000282077,P248L,248,1,7.518,7.518,7.518
PDK1,ENST00000282077,P248P,248,3,-0.27,-0.27,-0.27
PDK1,ENST00000282077,P248R,248,1,7.518,7.518,7.518
PDK1,ENST00000282077,P248S,248,1,7.518,7.518,7.518
PDK1,ENST00000282077,P248T,248,1,7.518,7.518,7.518
PDK1,ENST00000282077,P260A,260,1,1.256,1.256,1.256
PDK1,ENST00000282077,P260L,260,1,1.907,1.907,1.907
PDK1,ENST00000282077,P260P,260,3,4.667,4.667,4.667
PDK1,ENST00000282077,P260Q,260,1,1.907,1.907,1.907
PDK1,ENST00000282077,P260R,260,1,1.907,1.907,1.907
PDK1,ENST00000282077,P260S,260,1,1.256,1.256,1.256
PDK1,ENST00000282077,P260T,260,1,1.256,1.256,1.256
PDK1,ENST00000282077,P263A,263,1,2.924,2.924,2.924
PDK1,ENST00000282077,P263L,263,1,5.496,5.496,5.496
PDK1,ENST00000282077,P263P,263,3,0.219,0.219,0.219
PDK1,ENST00000282077,P263Q,263,1,5.496,5.496,5.496
PDK1,ENST00000282077,P263R,263,1,5.496,5.496,5.496
PDK1,ENST00000282077,P263S,263,1,2.924,2.924,2.924
PDK1,ENST00000282077,P263T,263,1,2.924,2.924,2.924
PDK1,ENST00000282077,P270A,270,1,7.518,7.518,7.518
PDK1,ENST00000282077,P270L,270,1,7.518,7.518,7.518
PDK1,ENST00000282077,P270P,270,3,0.862,0.862,0.862
PDK1,ENST00000282077,P270Q,270,1,7.518,7.518,7.518
PDK1,ENST00000282077,P270R,270,1,7.518,7.518,7.518
PDK1,ENST00000282077,P270S,270,1,7.518,7.518,7.518
PDK1,ENST00000282077,P270T,270,1,7.518,7.518,7.518
PDK1,ENST00000282077,P299A,299,1,7.518,7.518,7.518
PDK1,ENST00000282077,P299H,299,1,5.794,5.794,5.794
PDK1,ENST00000282077,P299L,299,1,5.794,5.794,5.794
PDK1,ENST00000282077,P299P,299,3,-0.993,-0.993,-0.993
PDK1,ENST00000282077,P299R,299,1,5.794,5.794,5.794
PDK1,ENST00000282077,P299S,299,1,7.518,7.518,7.518
PDK1,ENST00000282077,P299T,299,1,7.518,7.518,7.518
PDK1,ENST00000282077,P300A,300,1,2.085,2.085,2.085
PDK1,ENST00000282077,P300H,300,1,7.518,7.518,7.518
PDK1,ENST00000282077,P300L,300,1,7.518,7.518,7.518
PDK1,ENST00000282077,P300P,300,3,0.277,0.277,0.277
PDK1,ENST00000282077,P300R,300,1,7.518,7.518,7.518
PDK1,ENST00000282077,P300S,300,1,2.085,2.085,2.085
PDK1,ENST00000282077,P300T,300,1,2.085,2.085,2.085
PDK1,ENST00000282077,P324A,324,1,7.518,7.518,7.518
PDK1,ENST00000282077,P324H,324,1,7.518,7.518,7.518
PDK1,ENST00000282077,P324L,324,1,7.518,7.518,7.518
PDK1,ENST00000282077,P324P,324,3,0.083,0.083,0.083
PDK1,ENST00000282077,P324R,324,1,7.518,7.518,7.518
PDK1,ENST00000282077,P324S,324,1,7.518,7.518,7.518
PDK1,ENST00000282077,P324T,324,1,7.518,7.518,7.518
PDK1,ENST00000282077,P340A,340,1,7.518,7.518,7.518
PDK1,ENST00000282077,P340L,340,1,7.518,7.518,7.518
PDK1,ENST00000282077,P340P,340,3,-0.792,-0.792,-0.792
PDK1,ENST00000282077,P340Q,340,1,7.518,7.518,7.518
PDK1,ENST00000282077,P340R,340,1,7.518,7.518,7.518
PDK1,ENST00000282077,P340S,340,1,7.518,7.518,7.518
PDK1,ENST00000282077,P340T,340,1,7.518,7.518,7.518
PDK1,ENST00000282077,P342A,342,1,7.518,7.518,7.518
PDK1,ENST00000282077,P342H,342,1,7.518,7.518,7.518
PDK1,ENST00000282077,P342L,342,1,7.518,7.518,7.518
PDK1,ENST00000282077,P342P,342,3,0.227,0.227,0.227
PDK1,ENST00000282077,P342R,342,1,7.518,7.518,7.518
PDK1,ENST00000282077,P342S,342,1,7.518,7.518,7.518
PDK1,ENST00000282077,P342T,342,1,7.518,7.518,7.518
PDK1,ENST00000282077,P351A,351,1,7.518,7.518,7.518
PDK1,ENST00000282077,P351H,351,1,7.518,7.518,7.518
PDK1,ENST00000282077,P351L,351,1,7.518,7.518,7.518
PDK1,ENST00000282077,P351P,351,3,-0.967,-0.967,-0.967
PDK1,ENST00000282077,P351R,351,1,7.518,7.518,7.518
PDK1,ENST00000282077,P351S,351,1,7.518,7.518,7.518
PDK1,ENST00000282077,P351T,351,1,7.518,7.518,7.518
PDK1,ENST00000282077,P360A,360,1,7.518,7.518,7.518
PDK1,ENST00000282077,P360H,360,1,7.518,7.518,7.518
PDK1,ENST00000282077,P360L,360,1,7.518,7.518,7.518
PDK1,ENST00000282077,P360P,360,3,0.169,0.169,0.169
PDK1,ENST00000282077,P360R,360,1,7.518,7.518,7.518
PDK1,ENST00000282077,P360S,360,1,7.518,7.518,7.518
PDK1,ENST00000282077,P360T,360,1,7.518,7.518,7.518
PDK1,ENST00000282077,P36A,36,1,0,0,0
PDK1,ENST00000282077,P36L,36,1,0.897,0.897,0.897
PDK1,ENST00000282077,P36P,36,3,0.054,0.054,0.054
PDK1,ENST00000282077,P36Q,36,1,0.897,0.897,0.897
PDK1,ENST00000282077,P36R,36,1,0.897,0.897,0.897
PDK1,ENST00000282077,P36S,36,1,0,0,0
PDK1,ENST00000282077,P36T,36,1,0,0,0
PDK1,ENST00000282077,P401A,401,1,7.493,7.493,7.493
PDK1,ENST00000282077,P401L,401,1,7.493,7.493,7.493
PDK1,ENST00000282077,P401P,401,3,-2.148,-2.148,-2.148
PDK1,ENST00000282077,P401Q,401,1,7.493,7.493,7.493
PDK1,ENST00000282077,P401R,401,1,7.493,7.493,7.493
PDK1,ENST00000282077,P401S,401,1,7.493,7.493,7.493
PDK1,ENST00000282077,P401T,401,1,7.493,7.493,7.493
PDK1,ENST00000282077,P423A,423,1,7.493,7.493,7.493
PDK1,ENST00000282077,P423H,423,1,7.493,7.493,7.493
PDK1,ENST00000282077,P423L,423,1,7.493,7.493,7.493
PDK1,ENST00000282077,P423P,423,3,-0.175,-0.175,-0.175
PDK1,ENST00000282077,P423R,423,1,7.493,7.493,7.493
PDK1,ENST00000282077,P423S,423,1,7.493,7.493,7.493
PDK1,ENST00000282077,P423T,423,1,7.493,7.493,7.493
PDK1,ENST00000282077,P427A,427,1,7.493,7.493,7.493
PDK1,ENST00000282077,P427H,427,1,7.493,7.493,7.493
PDK1,ENST00000282077,P427L,427,1,7.493,7.493,7.493
PDK1,ENST00000282077,P427P,427,3,-0.047,-0.047,-0.047
PDK1,ENST00000282077,P427R,427,1,7.493,7.493,7.493
PDK1,ENST00000282077,P427S,427,1,7.493,7.493,7.493
PDK1,ENST00000282077,P427T,427,1,7.493,7.493,7.493
PDK1,ENST00000282077,P43A,43,1,3.696,3.696,3.696
PDK1,ENST00000282077,P43L,43,1,1.697,1.697,1.697
PDK1,ENST00000282077,P43P,43,3,0.245,0.245,0.245
PDK1,ENST00000282077,P43Q,43,1,1.697,1.697,1.697
PDK1,ENST00000282077,P43R,43,1,1.697,1.697,1.697
PDK1,ENST00000282077,P43S,43,1,3.696,3.696,3.696
PDK1,ENST00000282077,P43T,43,1,3.696,3.696,3.696
PDK1,ENST00000282077,P54A,54,1,4.064,4.064,4.064
PDK1,ENST00000282077,P54L,54,1,4.095,4.095,4.095
PDK1,ENST00000282077,P54P,54,3,1.036,1.036,1.036
PDK1,ENST00000282077,P54Q,54,1,4.095,4.095,4.095
PDK1,ENST00000282077,P54R,54,1,4.095,4.095,4.095
PDK1,ENST00000282077,P54S,54,1,4.064,4.064,4.064
PDK1,ENST00000282077,P54T,54,1,4.064,4.064,4.064
PDK1,ENST00000282077,P56A,56,1,6.851,6.851,6.851
PDK1,ENST00000282077,P56L,56,1,4.064,4.064,4.064
PDK1,ENST00000282077,P56P,56,3,1.159,1.159,1.159
PDK1,ENST00000282077,P56Q,56,1,4.064,4.064,4.064
PDK1,ENST00000282077,P56R,56,1,4.064,4.064,4.064
PDK1,ENST00000282077,P56S,56,1,6.851,6.851,6.851
PDK1,ENST00000282077,P56T,56,1,6.851,6.851,6.851
PDK1,ENST00000282077,P84A,84,1,7.518,7.518,7.518
PDK1,ENST00000282077,P84H,84,1,7.518,7.518,7.518
PDK1,ENST00000282077,P84L,84,1,7.518,7.518,7.518
PDK1,ENST00000282077,P84P,84,3,0.525,0.525,0.525
PDK1,ENST00000282077,P84R,84,1,7.518,7.518,7.518
PDK1,ENST00000282077,P84S,84,1,7.518,7.518,7.518
PDK1,ENST00000282077,P84T,84,1,7.518,7.518,7.518
PDK1,ENST00000282077,P98A,98,1,7.518,7.518,7.518
PDK1,ENST00000282077,P98L,98,1,7.518,7.518,7.518
PDK1,ENST00000282077,P98P,98,3,-0.039,-0.039,-0.039
PDK1,ENST00000282077,P98Q,98,1,7.518,7.518,7.518
PDK1,ENST00000282077,P98R,98,1,7.518,7.518,7.518
PDK1,ENST00000282077,P98S,98,1,7.518,7.518,7.518
PDK1,ENST00000282077,P98T,98,1,7.518,7.518,7.518
PDK1,ENST00000282077,Q108E,108,1,3.719,3.719,3.719
PDK1,ENST00000282077,Q108H,108,2,-0.613,-0.613,-0.613
PDK1,ENST00000282077,Q108K,108,1,3.719,3.719,3.719
PDK1,ENST00000282077,Q108L,108,1,7.25,7.25,7.25
PDK1,ENST00000282077,Q108P,108,1,7.25,7.25,7.25
PDK1,ENST00000282077,Q108Q,108,1,-0.613,-0.613,-0.613
PDK1,ENST00000282077,Q108R,108,1,7.25,7.25,7.25
PDK1,ENST00000282077,Q111E,111,1,5.781,5.781,5.781
PDK1,ENST00000282077,Q111H,111,2,3.151,3.151,3.151
PDK1,ENST00000282077,Q111K,111,1,5.781,5.781,5.781
PDK1,ENST00000282077,Q111L,111,1,8.687,8.687,8.687
PDK1,ENST00000282077,Q111P,111,1,8.687,8.687,8.687
PDK1,ENST00000282077,Q111Q,111,1,3.151,3.151,3.151
PDK1,ENST00000282077,Q111R,111,1,8.687,8.687,8.687
PDK1,ENST00000282077,Q116E,116,1,7.152,7.152,7.152
PDK1,ENST00000282077,Q116H,116,2,2.039,2.039,2.039
PDK1,ENST00000282077,Q116K,116,1,7.152,7.152,7.152
PDK1,ENST00000282077,Q116L,116,1,6.515,6.515,6.515
PDK1,ENST00000282077,Q116P,116,1,6.515,6.515,6.515
PDK1,ENST00000282077,Q116Q,116,1,2.039,2.039,2.039
PDK1,ENST00000282077,Q116R,116,1,6.515,6.515,6.515
PDK1,ENST00000282077,Q119E,119,1,5.385,5.385,5.385
PDK1,ENST00000282077,Q119H,119,2,2.916,2.916,2.916
PDK1,ENST00000282077,Q119K,119,1,5.385,5.385,5.385
PDK1,ENST00000282077,Q119L,119,1,5.17,5.17,5.17
PDK1,ENST00000282077,Q119P,119,1,5.17,5.17,5.17
PDK1,ENST00000282077,Q119Q,119,1,2.916,2.916,2.916
PDK1,ENST00000282077,Q119R,119,1,5.17,5.17,5.17
PDK1,ENST00000282077,Q158E,158,1,5.812,5.812,5.812
PDK1,ENST00000282077,Q158H,158,2,3.079,3.079,3.079
PDK1,ENST00000282077,Q158K,158,1,5.812,5.812,5.812
PDK1,ENST00000282077,Q158L,158,1,8.687,8.687,8.687
PDK1,ENST00000282077,Q158P,158,1,8.687,8.687,8.687
PDK1,ENST00000282077,Q158Q,158,1,3.079,3.079,3.079
PDK1,ENST00000282077,Q158R,158,1,8.687,8.687,8.687
PDK1,ENST00000282077,Q175E,175,1,7.518,7.518,7.518
PDK1,ENST00000282077,Q175H,175,2,7.918,7.918,7.918
PDK1,ENST00000282077,Q175K,175,1,7.518,7.518,7.518
PDK1,ENST00000282077,Q175L,175,1,8.687,8.687,8.687
PDK1,ENST00000282077,Q175P,175,1,8.687,8.687,8.687
PDK1,ENST00000282077,Q175Q,175,1,7.918,7.918,7.918
PDK1,ENST00000282077,Q175R,175,1,8.687,8.687,8.687
PDK1,ENST00000282077,Q178E,178,1,7.518,7.518,7.518
PDK1,ENST00000282077,Q178H,178,2,5.248,5.248,5.248
PDK1,ENST00000282077,Q178K,178,1,7.518,7.518,7.518
PDK1,ENST00000282077,Q178L,178,1,8.687,8.687,8.687
PDK1,ENST00000282077,Q178P,178,1,8.687,8.687,8.687
PDK1,ENST00000282077,Q178Q,178,1,5.248,5.248,5.248
PDK1,ENST00000282077,Q178R,178,1,8.687,8.687,8.687
PDK1,ENST00000282077,Q197E,197,1,5.798,5.798,5.798
PDK1,ENST00000282077,Q197H,197,2,2.788,2.788,2.788
PDK1,ENST00000282077,Q197K,197,1,5.798,5.798,5.798
PDK1,ENST00000282077,Q197L,197,1,6.868,6.868,6.868
PDK1,ENST00000282077,Q197P,197,1,6.868,6.868,6.868
PDK1,ENST00000282077,Q197Q,197,1,2.788,2.788,2.788
PDK1,ENST00000282077,Q197R,197,1,6.868,6.868,6.868
PDK1,ENST00000282077,Q262E,262,1,2.923,2.923,2.923
PDK1,ENST00000282077,Q262H,262,2,1.248,1.248,1.248
PDK1,ENST00000282077,Q262K,262,1,2.923,2.923,2.923
PDK1,ENST00000282077,Q262L,262,1,5.504,5.504,5.504
PDK1,ENST00000282077,Q262P,262,1,5.504,5.504,5.504
PDK1,ENST00000282077,Q262Q,262,1,1.248,1.248,1.248
PDK1,ENST00000282077,Q262R,262,1,5.504,5.504,5.504
PDK1,ENST00000282077,Q265E,265,1,5.331,5.331,5.331
PDK1,ENST00000282077,Q265H,265,2,0.911,0.911,0.911
PDK1,ENST00000282077,Q265K,265,1,5.331,5.331,5.331
PDK1,ENST00000282077,Q265L,265,1,4.58,4.58,4.58
PDK1,ENST00000282077,Q265P,265,1,4.58,4.58,4.58
PDK1,ENST00000282077,Q265Q,265,1,0.911,0.911,0.911
PDK1,ENST00000282077,Q265R,265,1,4.58,4.58,4.58
PDK1,ENST00000282077,Q302E,302,1,1.592,1.592,1.592
PDK1,ENST00000282077,Q302H,302,2,-0.751,-0.751,-0.751
PDK1,ENST00000282077,Q302K,302,1,1.592,1.592,1.592
PDK1,ENST00000282077,Q302L,302,1,5.77,5.77,5.77
PDK1,ENST00000282077,Q302P,302,1,5.77,5.77,5.77
PDK1,ENST00000282077,Q302Q,302,1,-0.751,-0.751,-0.751
PDK1,ENST00000282077,Q302R,302,1,5.77,5.77,5.77
PDK1,ENST00000282077,Q367E,367,1,2.47,2.47,2.47
PDK1,ENST00000282077,Q367H,367,2,0.304,0.304,0.304
PDK1,ENST00000282077,Q367K,367,1,2.47,2.47,2.47
PDK1,ENST00000282077,Q367L,367,1,5.314,5.314,5.314
PDK1,ENST00000282077,Q367P,367,1,5.314,5.314,5.314
PDK1,ENST00000282077,Q367Q,367,1,0.304,0.304,0.304
PDK1,ENST00000282077,Q367R,367,1,5.314,5.314,5.314
PDK1,ENST00000282077,Q370E,370,1,7.518,7.518,7.518
PDK1,ENST00000282077,Q370H,370,2,1.982,1.982,1.982
PDK1,ENST00000282077,Q370K,370,1,7.518,7.518,7.518
PDK1,ENST00000282077,Q370L,370,1,8.687,8.687,8.687
PDK1,ENST00000282077,Q370P,370,1,8.687,8.687,8.687
PDK1,ENST00000282077,Q370Q,370,1,1.982,1.982,1.982
PDK1,ENST00000282077,Q370R,370,1,8.687,8.687,8.687
PDK1,ENST00000282077,Q45E,45,1,1.151,1.151,1.151
PDK1,ENST00000282077,Q45H,45,2,0.694,0.694,0.694
PDK1,ENST00000282077,Q45K,45,1,1.151,1.151,1.151
PDK1,ENST00000282077,Q45L,45,1,1.562,1.562,1.562
PDK1,ENST00000282077,Q45P,45,1,1.562,1.562,1.562
PDK1,ENST00000282077,Q45Q,45,1,0.694,0.694,0.694
PDK1,ENST00000282077,Q45R,45,1,1.562,1.562,1.562
PDK1,ENST00000282077,Q61E,61,1,6.881,6.881,6.881
PDK1,ENST00000282077,Q61H,61,2,6.091,6.091,6.091
PDK1,ENST00000282077,Q61K,61,1,6.881,6.881,6.881
PDK1,ENST00000282077,Q61L,61,1,7.944,7.944,7.944
PDK1,ENST00000282077,Q61P,61,1,7.944,7.944,7.944
PDK1,ENST00000282077,Q61Q,61,1,6.091,6.091,6.091
PDK1,ENST00000282077,Q61R,61,1,7.944,7.944,7.944
PDK1,ENST00000282077,Q81E,81,1,7.518,7.518,7.518
PDK1,ENST00000282077,Q81H,81,2,0.604,0.604,0.604
PDK1,ENST00000282077,Q81K,81,1,7.518,7.518,7.518
PDK1,ENST00000282077,Q81L,81,1,8.687,8.687,8.687
PDK1,ENST00000282077,Q81P,81,1,8.687,8.687,8.687
PDK1,ENST00000282077,Q81Q,81,1,0.604,0.604,0.604
PDK1,ENST00000282077,Q81R,81,1,8.687,8.687,8.687
PDK1,ENST00000282077,R103G,103,1,2.667,2.667,2.667
PDK1,ENST00000282077,R103K,103,1,3.901,3.901,3.901
PDK1,ENST00000282077,R103M,103,1,3.901,3.901,3.901
PDK1,ENST00000282077,R103R,103,2,1.724,1.724,2.667
PDK1,ENST00000282077,R103S,103,2,0.781,0.781,0.781
PDK1,ENST00000282077,R103T,103,1,3.901,3.901,3.901
PDK1,ENST00000282077,R103W,103,1,2.667,2.667,2.667
PDK1,ENST00000282077,R144G,144,1,5.311,5.311,5.311
PDK1,ENST00000282077,R144L,144,1,2.606,2.606,2.606
PDK1,ENST00000282077,R144P,144,1,2.606,2.606,2.606
PDK1,ENST00000282077,R144Q,144,1,2.606,2.606,2.606
PDK1,ENST00000282077,R144R,144,4,1.9315,0.805,5.311
PDK1,ENST00000282077,R144W,144,1,5.311,5.311,5.311
PDK1,ENST00000282077,R146G,146,1,0.127,0.127,0.127
PDK1,ENST00000282077,R146I,146,1,9.252,9.252,9.252
PDK1,ENST00000282077,R146K,146,1,9.252,9.252,9.252
PDK1,ENST00000282077,R146R,146,2,0.5235,0.5235,0.92
PDK1,ENST00000282077,R146S,146,2,0.92,0.92,0.92
PDK1,ENST00000282077,R146T,146,1,9.252,9.252,9.252
PDK1,ENST00000282077,R148G,148,1,3.697,3.697,3.697
PDK1,ENST00000282077,R148L,148,1,9.389,9.389,9.389
PDK1,ENST00000282077,R148P,148,1,9.389,9.389,9.389
PDK1,ENST00000282077,R148Q,148,1,9.389,9.389,9.389
PDK1,ENST00000282077,R148R,148,4,0.95275,0.038,3.697
PDK1,ENST00000282077,R183G,183,1,7.518,7.518,7.518
PDK1,ENST00000282077,R183L,183,1,9.389,9.389,9.389
PDK1,ENST00000282077,R183P,183,1,9.389,9.389,9.389
PDK1,ENST00000282077,R183Q,183,1,9.389,9.389,9.389
PDK1,ENST00000282077,R183R,183,4,1.7235,-0.208,7.518
PDK1,ENST00000282077,R188C,188,1,4.755,4.755,4.755
PDK1,ENST00000282077,R188G,188,1,4.755,4.755,4.755
PDK1,ENST00000282077,R188H,188,1,9.356,9.356,9.356
PDK1,ENST00000282077,R188L,188,1,9.356,9.356,9.356
PDK1,ENST00000282077,R188P,188,1,9.356,9.356,9.356
PDK1,ENST00000282077,R188R,188,3,0.3,0.3,0.3
PDK1,ENST00000282077,R188S,188,1,4.755,4.755,4.755
PDK1,ENST00000282077,R192G,192,1,2.366,2.366,2.366
PDK1,ENST00000282077,R192I,192,1,11.295,11.295,11.295
PDK1,ENST00000282077,R192K,192,1,11.295,11.295,11.295
PDK1,ENST00000282077,R192R,192,2,3.503,3.503,4.64
PDK1,ENST00000282077,R192S,192,2,4.64,4.64,4.64
PDK1,ENST00000282077,R192T,192,1,11.295,11.295,11.295
PDK1,ENST00000282077,R20C,20,1,0.285,0.285,0.285
PDK1,ENST00000282077,R20G,20,1,0.285,0.285,0.285
PDK1,ENST00000282077,R20H,20,1,0.824,0.824,0.824
PDK1,ENST00000282077,R20L,20,1,0.824,0.824,0.824
PDK1,ENST00000282077,R20P,20,1,0.824,0.824,0.824
PDK1,ENST00000282077,R20R,20,3,0.526,0.526,0.526
PDK1,ENST00000282077,R20S,20,1,0.285,0.285,0.285
PDK1,ENST00000282077,R213G,213,1,5.766,5.766,5.766
PDK1,ENST00000282077,R213L,213,1,5.08,5.08,5.08
PDK1,ENST00000282077,R213P,213,1,5.08,5.08,5.08
PDK1,ENST00000282077,R213Q,213,1,5.08,5.08,5.08
PDK1,ENST00000282077,R213R,213,4,1.311,-0.174,5.766
PDK1,ENST00000282077,R237G,237,1,4.514,4.514,4.514
PDK1,ENST00000282077,R237K,237,1,4.614,4.614,4.614
PDK1,ENST00000282077,R237M,237,1,4.614,4.614,4.614
PDK1,ENST00000282077,R237R,237,2,3.3005,3.3005,4.514
PDK1,ENST00000282077,R237S,237,2,2.087,2.087,2.087
PDK1,ENST00000282077,R237T,237,1,4.614,4.614,4.614
PDK1,ENST00000282077,R237W,237,1,4.514,4.514,4.514
PDK1,ENST00000282077,R238C,238,1,3.245,3.245,3.245
PDK1,ENST00000282077,R238G,238,1,3.245,3.245,3.245
PDK1,ENST00000282077,R238H,238,1,0.433,0.433,0.433
PDK1,ENST00000282077,R238L,238,1,0.433,0.433,0.433
PDK1,ENST00000282077,R238P,238,1,0.433,0.433,0.433
PDK1,ENST00000282077,R238R,238,3,0.607,0.607,0.607
PDK1,ENST00000282077,R238S,238,1,3.245,3.245,3.245
PDK1,ENST00000282077,R26C,26,1,0.036,0.036,0.036
PDK1,ENST00000282077,R26G,26,1,0.036,0.036,0.036
PDK1,ENST00000282077,R26H,26,1,4.772,4.772,4.772
PDK1,ENST00000282077,R26L,26,1,4.772,4.772,4.772
PDK1,ENST00000282077,R26P,26,1,4.772,4.772,4.772
PDK1,ENST00000282077,R26R,26,3,-0.204,-0.204,-0.204
PDK1,ENST00000282077,R26S,26,1,0.036,0.036,0.036
PDK1,ENST00000282077,R286G,286,1,1.529,1.529,1.529
PDK1,ENST00000282077,R286I,286,1,11.295,11.295,11.295
PDK1,ENST00000282077,R286K,286,1,11.295,11.295,11.295
PDK1,ENST00000282077,R286R,286,2,1.341,1.341,1.529
PDK1,ENST00000282077,R286S,286,2,1.153,1.153,1.153
PDK1,ENST00000282077,R286T,286,1,11.295,11.295,11.295
PDK1,ENST00000282077,R295G,295,1,1.974,1.974,1.974
PDK1,ENST00000282077,R295I,295,1,0.72,0.72,0.72
PDK1,ENST00000282077,R295K,295,1,0.72,0.72,0.72
PDK1,ENST00000282077,R295R,295,2,1.0125,1.0125,1.974
PDK1,ENST00000282077,R295S,295,2,0.051,0.051,0.051
PDK1,ENST00000282077,R295T,295,1,0.72,0.72,0.72
PDK1,ENST00000282077,R2G,2,1,1.066,1.066,1.066
PDK1,ENST00000282077,R2K,2,1,0.259,0.259,0.259
PDK1,ENST00000282077,R2M,2,1,0.259,0.259,0.259
PDK1,ENST00000282077,R2R,2,2,1.0685,1.0685,1.071
PDK1,ENST00000282077,R2S,2,2,1.071,1.071,1.071
PDK1,ENST00000282077,R2T,2,1,0.259,0.259,0.259
PDK1,ENST00000282077,R2W,2,1,1.066,1.066,1.066
PDK1,ENST00000282077,R319G,319,1,5.782,5.782,5.782
PDK1,ENST00000282077,R319L,319,1,8.025,8.025,8.025
PDK1,ENST00000282077,R319P,319,1,8.025,8.025,8.025
PDK1,ENST00000282077,R319Q,319,1,8.025,8.025,8.025
PDK1,ENST00000282077,R319R,319,4,1.369,-0.102,5.782
PDK1,ENST00000282077,R326G,326,1,4.156,4.156,4.156
PDK1,ENST00000282077,R326K,326,1,11.295,11.295,11.295
PDK1,ENST00000282077,R326M,326,1,11.295,11.295,11.295
PDK1,ENST00000282077,R326R,326,2,2.7255,2.7255,4.156
PDK1,ENST00000282077,R326S,326,2,1.295,1.295,1.295
PDK1,ENST00000282077,R326T,326,1,11.295,11.295,11.295
PDK1,ENST00000282077,R326W,326,1,4.156,4.156,4.156
PDK1,ENST00000282077,R330G,330,1,1.062,1.062,1.062
PDK1,ENST00000282077,R330I,330,1,6.94,6.94,6.94
PDK1,ENST00000282077,R330K,330,1,6.94,6.94,6.94
PDK1,ENST00000282077,R330R,330,2,1.35,1.35,1.638
PDK1,ENST00000282077,R330S,330,2,1.638,1.638,1.638
PDK1,ENST00000282077,R330T,330,1,6.94,6.94,6.94
PDK1,ENST00000282077,R341G,341,1,1.867,1.867,1.867
PDK1,ENST00000282077,R341I,341,1,4.802,4.802,4.802
PDK1,ENST00000282077,R341K,341,1,4.802,4.802,4.802
PDK1,ENST00000282077,R341R,341,2,1.172,1.172,1.867
PDK1,ENST00000282077,R341S,341,2,0.477,0.477,0.477
PDK1,ENST00000282077,R341T,341,1,4.802,4.802,4.802
PDK1,ENST00000282077,R343C,343,1,2.466,2.466,2.466
PDK1,ENST00000282077,R343G,343,1,2.466,2.466,2.466
PDK1,ENST00000282077,R343H,343,1,5.863,5.863,5.863
PDK1,ENST00000282077,R343L,343,1,5.863,5.863,5.863
PDK1,ENST00000282077,R343P,343,1,5.863,5.863,5.863
PDK1,ENST00000282077,R343R,343,3,-0.046,-0.046,-0.046
PDK1,ENST00000282077,R343S,343,1,2.466,2.466,2.466
PDK1,ENST00000282077,R348C,348,1,1.802,1.802,1.802
PDK1,ENST00000282077,R348G,348,1,1.802,1.802,1.802
PDK1,ENST00000282077,R348H,348,1,7.928,7.928,7.928
PDK1,ENST00000282077,R348L,348,1,7.928,7.928,7.928
PDK1,ENST00000282077,R348P,348,1,7.928,7.928,7.928
PDK1,ENST00000282077,R348R,348,3,-0.257,-0.257,-0.257
PDK1,ENST00000282077,R348S,348,1,1.802,1.802,1.802
PDK1,ENST00000282077,R363C,363,1,4.49,4.49,4.49
PDK1,ENST00000282077,R363G,363,1,4.49,4.49,4.49
PDK1,ENST00000282077,R363H,363,1,11.295,11.295,11.295
PDK1,ENST00000282077,R363L,363,1,11.295,11.295,11.295
PDK1,ENST00000282077,R363P,363,1,11.295,11.295,11.295
PDK1,ENST00000282077,R363R,363,3,-0.131,-0.131,-0.131
PDK1,ENST00000282077,R363S,363,1,4.49,4.49,4.49
PDK1,ENST00000282077,R399G,399,1,6.694,6.694,6.694
PDK1,ENST00000282077,R399I,399,1,9.32,9.32,9.32
PDK1,ENST00000282077,R399K,399,1,9.32,9.32,9.32
PDK1,ENST00000282077,R399R,399,2,4.2675,4.2675,6.694
PDK1,ENST00000282077,R399S,399,2,1.841,1.841,1.841
PDK1,ENST00000282077,R399T,399,1,9.32,9.32,9.32
PDK1,ENST00000282077,R40C,40,1,-0.257,-0.257,-0.257
PDK1,ENST00000282077,R40G,40,1,-0.257,-0.257,-0.257
PDK1,ENST00000282077,R40H,40,1,2.201,2.201,2.201
PDK1,ENST00000282077,R40L,40,1,2.201,2.201,2.201
PDK1,ENST00000282077,R40P,40,1,2.201,2.201,2.201
PDK1,ENST00000282077,R40R,40,3,0.676,0.676,0.676
PDK1,ENST00000282077,R40S,40,1,-0.257,-0.257,-0.257
PDK1,ENST00000282077,R425G,425,1,5.624,5.624,5.624
PDK1,ENST00000282077,R425I,425,1,6.677,6.677,6.677
PDK1,ENST00000282077,R425K,425,1,6.677,6.677,6.677
PDK1,ENST00000282077,R425R,425,2,2.8575,2.8575,5.624
PDK1,ENST00000282077,R425S,425,2,0.091,0.091,0.091
PDK1,ENST00000282077,R425T,425,1,6.677,6.677,6.677
PDK1,ENST00000282077,R434C,434,1,5.654,5.654,5.654
PDK1,ENST00000282077,R434G,434,1,5.654,5.654,5.654
PDK1,ENST00000282077,R434H,434,1,7.853,7.853,7.853
PDK1,ENST00000282077,R434L,434,1,7.853,7.853,7.853
PDK1,ENST00000282077,R434P,434,1,7.853,7.853,7.853
PDK1,ENST00000282077,R434R,434,3,0.298,0.298,0.298
PDK1,ENST00000282077,R434S,434,1,5.654,5.654,5.654
PDK1,ENST00000282077,R51C,51,1,4.231,4.231,4.231
PDK1,ENST00000282077,R51G,51,1,4.231,4.231,4.231
PDK1,ENST00000282077,R51H,51,1,3.32,3.32,3.32
PDK1,ENST00000282077,R51L,51,1,3.32,3.32,3.32
PDK1,ENST00000282077,R51P,51,1,3.32,3.32,3.32
PDK1,ENST00000282077,R51R,51,3,0.485,0.485,0.485
PDK1,ENST00000282077,R51S,51,1,4.231,4.231,4.231
PDK1,ENST00000282077,R5G,5,1,-0.583,-0.583,-0.583
PDK1,ENST00000282077,R5L,5,1,0.813,0.813,0.813
PDK1,ENST00000282077,R5P,5,1,0.813,0.813,0.813
PDK1,ENST00000282077,R5Q,5,1,0.813,0.813,0.813
PDK1,ENST00000282077,R5R,5,4,0.8495,1.327,1.327
PDK1,ENST00000282077,R5W,5,1,-0.583,-0.583,-0.583
PDK1,ENST00000282077,R80G,80,1,0.4,0.4,0.4
PDK1,ENST00000282077,R80L,80,1,11.295,11.295,11.295
PDK1,ENST00000282077,R80P,80,1,11.295,11.295,11.295
PDK1,ENST00000282077,R80Q,80,1,11.295,11.295,11.295
PDK1,ENST00000282077,R80R,80,4,0.4885,0.518,0.518
PDK1,ENST00000282077,R80W,80,1,0.4,0.4,0.4
PDK1,ENST00000282077,R86G,86,1,2.4,2.4,2.4
PDK1,ENST00000282077,R86I,86,1,11.295,11.295,11.295
PDK1,ENST00000282077,R86K,86,1,11.295,11.295,11.295
PDK1,ENST00000282077,R86R,86,2,2.3005,2.3005,2.4
PDK1,ENST00000282077,R86S,86,2,2.201,2.201,2.201
PDK1,ENST00000282077,R86T,86,1,11.295,11.295,11.295
PDK1,ENST00000282077,R8C,8,1,0.835,0.835,0.835
PDK1,ENST00000282077,R8G,8,1,0.835,0.835,0.835
PDK1,ENST00000282077,R8H,8,1,1.655,1.655,1.655
PDK1,ENST00000282077,R8L,8,1,1.655,1.655,1.655
PDK1,ENST00000282077,R8P,8,1,1.655,1.655,1.655
PDK1,ENST00000282077,R8R,8,3,-0.358,-0.358,-0.358
PDK1,ENST00000282077,R8S,8,1,0.835,0.835,0.835
PDK1,ENST00000282077,S106A,106,1,8.871,8.871,8.871
PDK1,ENST00000282077,S106C,106,1,7.518,7.518,7.518
PDK1,ENST00000282077,S106F,106,1,7.518,7.518,7.518
PDK1,ENST00000282077,S106P,106,1,8.871,8.871,8.871
PDK1,ENST00000282077,S106S,106,3,-0.44,-0.44,-0.44
PDK1,ENST00000282077,S106T,106,1,8.871,8.871,8.871
PDK1,ENST00000282077,S106Y,106,1,7.518,7.518,7.518
PDK1,ENST00000282077,S112C,112,1,5.747,5.747,5.747
PDK1,ENST00000282077,S112G,112,1,5.747,5.747,5.747
PDK1,ENST00000282077,S112I,112,1,9.395,9.395,9.395
PDK1,ENST00000282077,S112N,112,1,9.395,9.395,9.395
PDK1,ENST00000282077,S112R,112,3,3.59966666666667,2.526,5.747
PDK1,ENST00000282077,S112S,112,1,2.526,2.526,2.526
PDK1,ENST00000282077,S112T,112,1,9.395,9.395,9.395
PDK1,ENST00000282077,S117C,117,1,8.259,8.259,8.259
PDK1,ENST00000282077,S117G,117,1,8.259,8.259,8.259
PDK1,ENST00000282077,S117I,117,1,10.729,10.729,10.729
PDK1,ENST00000282077,S117N,117,1,10.729,10.729,10.729
PDK1,ENST00000282077,S117R,117,3,3.549,1.194,8.259
PDK1,ENST00000282077,S117S,117,1,1.194,1.194,1.194
PDK1,ENST00000282077,S117T,117,1,10.729,10.729,10.729
PDK1,ENST00000282077,S128C,128,1,6.316,6.316,6.316
PDK1,ENST00000282077,S128G,128,1,6.316,6.316,6.316
PDK1,ENST00000282077,S128I,128,1,6.356,6.356,6.356
PDK1,ENST00000282077,S128N,128,1,6.356,6.356,6.356
PDK1,ENST00000282077,S128R,128,3,2.33,0.337,6.316
PDK1,ENST00000282077,S128S,128,1,0.337,0.337,0.337
PDK1,ENST00000282077,S128T,128,1,6.356,6.356,6.356
PDK1,ENST00000282077,S166C,166,1,2.585,2.585,2.585
PDK1,ENST00000282077,S166G,166,1,2.585,2.585,2.585
PDK1,ENST00000282077,S166I,166,1,4.61,4.61,4.61
PDK1,ENST00000282077,S166N,166,1,4.61,4.61,4.61
PDK1,ENST00000282077,S166R,166,3,1.91366666666667,1.578,2.585
PDK1,ENST00000282077,S166S,166,1,1.578,1.578,1.578
PDK1,ENST00000282077,S166T,166,1,4.61,4.61,4.61
PDK1,ENST00000282077,S174C,174,1,5.498,5.498,5.498
PDK1,ENST00000282077,S174G,174,1,5.498,5.498,5.498
PDK1,ENST00000282077,S174I,174,1,5.31,5.31,5.31
PDK1,ENST00000282077,S174N,174,1,5.31,5.31,5.31
PDK1,ENST00000282077,S174R,174,3,2.32866666666667,0.744,5.498
PDK1,ENST00000282077,S174S,174,1,0.744,0.744,0.744
PDK1,ENST00000282077,S174T,174,1,5.31,5.31,5.31
PDK1,ENST00000282077,S187C,187,1,8.687,8.687,8.687
PDK1,ENST00000282077,S187G,187,1,8.687,8.687,8.687
PDK1,ENST00000282077,S187I,187,1,9.356,9.356,9.356
PDK1,ENST00000282077,S187N,187,1,9.356,9.356,9.356
PDK1,ENST00000282077,S187R,187,3,5.33766666666667,3.663,8.687
PDK1,ENST00000282077,S187S,187,1,3.663,3.663,3.663
PDK1,ENST00000282077,S187T,187,1,9.356,9.356,9.356
PDK1,ENST00000282077,S190A,190,1,8.871,8.871,8.871
PDK1,ENST00000282077,S190L,190,1,7.518,7.518,7.518
PDK1,ENST00000282077,S190P,190,1,8.871,8.871,8.871
PDK1,ENST00000282077,S190S,190,3,1.036,1.036,1.036
PDK1,ENST00000282077,S190T,190,1,8.871,8.871,8.871
PDK1,ENST00000282077,S199A,199,1,5.522,5.522,5.522
PDK1,ENST00000282077,S199C,199,1,7.213,7.213,7.213
PDK1,ENST00000282077,S199F,199,1,7.213,7.213,7.213
PDK1,ENST00000282077,S199P,199,1,5.522,5.522,5.522
PDK1,ENST00000282077,S199S,199,3,0.07,0.07,0.07
PDK1,ENST00000282077,S199T,199,1,5.522,5.522,5.522
PDK1,ENST00000282077,S199Y,199,1,7.213,7.213,7.213
PDK1,ENST00000282077,S209C,209,1,8.687,8.687,8.687
PDK1,ENST00000282077,S209G,209,1,8.687,8.687,8.687
PDK1,ENST00000282077,S209I,209,1,5.559,5.559,5.559
PDK1,ENST00000282077,S209N,209,1,5.559,5.559,5.559
PDK1,ENST00000282077,S209R,209,3,3.40966666666667,0.771,8.687
PDK1,ENST00000282077,S209S,209,1,0.771,0.771,0.771
PDK1,ENST00000282077,S209T,209,1,5.559,5.559,5.559
PDK1,ENST00000282077,S211A,211,1,5.347,5.347,5.347
PDK1,ENST00000282077,S211C,211,1,1.968,1.968,1.968
PDK1,ENST00000282077,S211F,211,1,1.968,1.968,1.968
PDK1,ENST00000282077,S211P,211,1,5.347,5.347,5.347
PDK1,ENST00000282077,S211S,211,3,0.332,0.332,0.332
PDK1,ENST00000282077,S211T,211,1,5.347,5.347,5.347
PDK1,ENST00000282077,S211Y,211,1,1.968,1.968,1.968
PDK1,ENST00000282077,S218C,218,1,5.657,5.657,5.657
PDK1,ENST00000282077,S218G,218,1,5.657,5.657,5.657
PDK1,ENST00000282077,S218I,218,1,9.389,9.389,9.389
PDK1,ENST00000282077,S218N,218,1,9.389,9.389,9.389
PDK1,ENST00000282077,S218R,218,3,2.81033333333333,1.387,5.657
PDK1,ENST00000282077,S218S,218,1,1.387,1.387,1.387
PDK1,ENST00000282077,S218T,218,1,9.389,9.389,9.389
PDK1,ENST00000282077,S247A,247,1,8.871,8.871,8.871
PDK1,ENST00000282077,S247C,247,1,4.617,4.617,4.617
PDK1,ENST00000282077,S247F,247,1,4.617,4.617,4.617
PDK1,ENST00000282077,S247P,247,1,8.871,8.871,8.871
PDK1,ENST00000282077,S247S,247,3,0.891,0.891,0.891
PDK1,ENST00000282077,S247T,247,1,8.871,8.871,8.871
PDK1,ENST00000282077,S247Y,247,1,4.617,4.617,4.617
PDK1,ENST00000282077,S259A,259,1,5.617,5.617,5.617
PDK1,ENST00000282077,S259L,259,1,3.107,3.107,3.107
PDK1,ENST00000282077,S259P,259,1,5.617,5.617,5.617
PDK1,ENST00000282077,S259S,259,3,2.129,2.129,2.129
PDK1,ENST00000282077,S259T,259,1,5.617,5.617,5.617
PDK1,ENST00000282077,S25C,25,1,-0.379,-0.379,-0.379
PDK1,ENST00000282077,S25G,25,1,-0.379,-0.379,-0.379
PDK1,ENST00000282077,S25I,25,1,1.575,1.575,1.575
PDK1,ENST00000282077,S25N,25,1,1.575,1.575,1.575
PDK1,ENST00000282077,S25R,25,3,0.065,0.287,0.287
PDK1,ENST00000282077,S25S,25,1,0.287,0.287,0.287
PDK1,ENST00000282077,S25T,25,1,1.575,1.575,1.575
PDK1,ENST00000282077,S271A,271,1,8.871,8.871,8.871
PDK1,ENST00000282077,S271C,271,1,7.518,7.518,7.518
PDK1,ENST00000282077,S271F,271,1,7.518,7.518,7.518
PDK1,ENST00000282077,S271P,271,1,8.871,8.871,8.871
PDK1,ENST00000282077,S271S,271,3,0.528,0.528,0.528
PDK1,ENST00000282077,S271T,271,1,8.871,8.871,8.871
PDK1,ENST00000282077,S271Y,271,1,7.518,7.518,7.518
PDK1,ENST00000282077,S27C,27,1,0.442,0.442,0.442
PDK1,ENST00000282077,S27G,27,1,0.442,0.442,0.442
PDK1,ENST00000282077,S27I,27,1,1.546,1.546,1.546
PDK1,ENST00000282077,S27N,27,1,1.546,1.546,1.546
PDK1,ENST00000282077,S27R,27,3,0.277333333333333,0.195,0.442
PDK1,ENST00000282077,S27S,27,1,0.195,0.195,0.195
PDK1,ENST00000282077,S27T,27,1,1.546,1.546,1.546
PDK1,ENST00000282077,S29C,29,1,-0.144,-0.144,-0.144
PDK1,ENST00000282077,S29G,29,1,-0.144,-0.144,-0.144
PDK1,ENST00000282077,S29I,29,1,0.088,0.088,0.088
PDK1,ENST00000282077,S29N,29,1,0.088,0.088,0.088
PDK1,ENST00000282077,S29R,29,3,0.16,0.312,0.312
PDK1,ENST00000282077,S29S,29,1,0.312,0.312,0.312
PDK1,ENST00000282077,S29T,29,1,0.088,0.088,0.088
PDK1,ENST00000282077,S30A,30,1,1.33,1.33,1.33
PDK1,ENST00000282077,S30L,30,1,0.29,0.29,0.29
PDK1,ENST00000282077,S30P,30,1,1.33,1.33,1.33
PDK1,ENST00000282077,S30S,30,3,2.133,2.133,2.133
PDK1,ENST00000282077,S30T,30,1,1.33,1.33,1.33
PDK1,ENST00000282077,S30W,30,1,0.29,0.29,0.29
PDK1,ENST00000282077,S317C,317,1,3.781,3.781,3.781
PDK1,ENST00000282077,S317G,317,1,3.781,3.781,3.781
PDK1,ENST00000282077,S317I,317,1,11.295,11.295,11.295
PDK1,ENST00000282077,S317N,317,1,11.295,11.295,11.295
PDK1,ENST00000282077,S317R,317,3,3.01233333333333,2.628,3.781
PDK1,ENST00000282077,S317S,317,1,2.628,2.628,2.628
PDK1,ENST00000282077,S317T,317,1,11.295,11.295,11.295
PDK1,ENST00000282077,S32A,32,1,0.393,0.393,0.393
PDK1,ENST00000282077,S32L,32,1,1.611,1.611,1.611
PDK1,ENST00000282077,S32P,32,1,0.393,0.393,0.393
PDK1,ENST00000282077,S32S,32,3,-0.802,-0.802,-0.802
PDK1,ENST00000282077,S32T,32,1,0.393,0.393,0.393
PDK1,ENST00000282077,S32W,32,1,1.611,1.611,1.611
PDK1,ENST00000282077,S337A,337,1,8.871,8.871,8.871
PDK1,ENST00000282077,S337L,337,1,7.518,7.518,7.518
PDK1,ENST00000282077,S337P,337,1,8.871,8.871,8.871
PDK1,ENST00000282077,S337S,337,3,0.744,0.744,0.744
PDK1,ENST00000282077,S337T,337,1,8.871,8.871,8.871
PDK1,ENST00000282077,S347A,347,1,3.896,3.896,3.896
PDK1,ENST00000282077,S347C,347,1,5.698,5.698,5.698
PDK1,ENST00000282077,S347F,347,1,5.698,5.698,5.698
PDK1,ENST00000282077,S347P,347,1,3.896,3.896,3.896
PDK1,ENST00000282077,S347S,347,3,-1.279,-1.279,-1.279
PDK1,ENST00000282077,S347T,347,1,3.896,3.896,3.896
PDK1,ENST00000282077,S347Y,347,1,5.698,5.698,5.698
PDK1,ENST00000282077,S34A,34,1,0.676,0.676,0.676
PDK1,ENST00000282077,S34C,34,1,1.628,1.628,1.628
PDK1,ENST00000282077,S34F,34,1,1.628,1.628,1.628
PDK1,ENST00000282077,S34P,34,1,0.676,0.676,0.676
PDK1,ENST00000282077,S34S,34,3,0.04,0.04,0.04
PDK1,ENST00000282077,S34T,34,1,0.676,0.676,0.676
PDK1,ENST00000282077,S34Y,34,1,1.628,1.628,1.628
PDK1,ENST00000282077,S35C,35,1,1.064,1.064,1.064
PDK1,ENST00000282077,S35G,35,1,1.064,1.064,1.064
PDK1,ENST00000282077,S35I,35,1,1.381,1.381,1.381
PDK1,ENST00000282077,S35N,35,1,1.381,1.381,1.381
PDK1,ENST00000282077,S35R,35,3,0.522,0.251,1.064
PDK1,ENST00000282077,S35S,35,1,0.251,0.251,0.251
PDK1,ENST00000282077,S35T,35,1,1.381,1.381,1.381
PDK1,ENST00000282077,S362A,362,1,8.871,8.871,8.871
PDK1,ENST00000282077,S362L,362,1,7.518,7.518,7.518
PDK1,ENST00000282077,S362P,362,1,8.871,8.871,8.871
PDK1,ENST00000282077,S362S,362,3,-1.441,-1.441,-1.441
PDK1,ENST00000282077,S362T,362,1,8.871,8.871,8.871
PDK1,ENST00000282077,S377A,377,1,8.871,8.871,8.871
PDK1,ENST00000282077,S377C,377,1,7.518,7.518,7.518
PDK1,ENST00000282077,S377F,377,1,7.518,7.518,7.518
PDK1,ENST00000282077,S377P,377,1,8.871,8.871,8.871
PDK1,ENST00000282077,S377S,377,3,0.057,0.057,0.057
PDK1,ENST00000282077,S377T,377,1,8.871,8.871,8.871
PDK1,ENST00000282077,S377Y,377,1,7.518,7.518,7.518
PDK1,ENST00000282077,S38A,38,1,-1.167,-1.167,-1.167
PDK1,ENST00000282077,S38C,38,1,1.356,1.356,1.356
PDK1,ENST00000282077,S38F,38,1,1.356,1.356,1.356
PDK1,ENST00000282077,S38P,38,1,-1.167,-1.167,-1.167
PDK1,ENST00000282077,S38S,38,3,-0.353,-0.353,-0.353
PDK1,ENST00000282077,S38T,38,1,-1.167,-1.167,-1.167
PDK1,ENST00000282077,S38Y,38,1,1.356,1.356,1.356
PDK1,ENST00000282077,S393A,393,1,8.767,8.767,8.767
PDK1,ENST00000282077,S393L,393,1,7.43,7.43,7.43
PDK1,ENST00000282077,S393P,393,1,8.767,8.767,8.767
PDK1,ENST00000282077,S393S,393,3,0.281,0.281,0.281
PDK1,ENST00000282077,S393T,393,1,8.767,8.767,8.767
PDK1,ENST00000282077,S396A,396,1,8.767,8.767,8.767
PDK1,ENST00000282077,S396L,396,1,7.493,7.493,7.493
PDK1,ENST00000282077,S396P,396,1,8.767,8.767,8.767
PDK1,ENST00000282077,S396S,396,3,-1.504,-1.504,-1.504
PDK1,ENST00000282077,S396T,396,1,8.767,8.767,8.767
PDK1,ENST00000282077,S424C,424,1,8.657,8.657,8.657
PDK1,ENST00000282077,S424G,424,1,8.657,8.657,8.657
PDK1,ENST00000282077,S424I,424,1,11.256,11.256,11.256
PDK1,ENST00000282077,S424N,424,1,11.256,11.256,11.256
PDK1,ENST00000282077,S424R,424,3,4.891,3.008,8.657
PDK1,ENST00000282077,S424S,424,1,3.008,3.008,3.008
PDK1,ENST00000282077,S424T,424,1,11.256,11.256,11.256
PDK1,ENST00000282077,S435C,435,1,8.275,8.275,8.275
PDK1,ENST00000282077,S435G,435,1,8.275,8.275,8.275
PDK1,ENST00000282077,S435I,435,1,7.524,7.524,7.524
PDK1,ENST00000282077,S435N,435,1,7.524,7.524,7.524
PDK1,ENST00000282077,S435R,435,3,3.13433333333333,0.564,8.275
PDK1,ENST00000282077,S435S,435,1,0.564,0.564,0.564
PDK1,ENST00000282077,S435T,435,1,7.524,7.524,7.524
PDK1,ENST00000282077,S53A,53,1,5.392,5.392,5.392
PDK1,ENST00000282077,S53L,53,1,3.105,3.105,3.105
PDK1,ENST00000282077,S53P,53,1,5.392,5.392,5.392
PDK1,ENST00000282077,S53S,53,3,-0.005,-0.005,-0.005
PDK1,ENST00000282077,S53T,53,1,5.392,5.392,5.392
PDK1,ENST00000282077,S53W,53,1,3.105,3.105,3.105
PDK1,ENST00000282077,S55A,55,1,5.181,5.181,5.181
PDK1,ENST00000282077,S55C,55,1,4.106,4.106,4.106
PDK1,ENST00000282077,S55F,55,1,4.106,4.106,4.106
PDK1,ENST00000282077,S55P,55,1,5.181,5.181,5.181
PDK1,ENST00000282077,S55S,55,3,0,0,0
PDK1,ENST00000282077,S55T,55,1,5.181,5.181,5.181
PDK1,ENST00000282077,S55Y,55,1,4.106,4.106,4.106
PDK1,ENST00000282077,S58A,58,1,6.332,6.332,6.332
PDK1,ENST00000282077,S58C,58,1,5.084,5.084,5.084
PDK1,ENST00000282077,S58F,58,1,5.084,5.084,5.084
PDK1,ENST00000282077,S58P,58,1,6.332,6.332,6.332
PDK1,ENST00000282077,S58S,58,3,0.268,0.268,0.268
PDK1,ENST00000282077,S58T,58,1,6.332,6.332,6.332
PDK1,ENST00000282077,S58Y,58,1,5.084,5.084,5.084
PDK1,ENST00000282077,S67A,67,1,7.024,7.024,7.024
PDK1,ENST00000282077,S67L,67,1,7.518,7.518,7.518
PDK1,ENST00000282077,S67P,67,1,7.024,7.024,7.024
PDK1,ENST00000282077,S67S,67,3,-0.154,-0.154,-0.154
PDK1,ENST00000282077,S67T,67,1,7.024,7.024,7.024
PDK1,ENST00000282077,S75A,75,1,8.871,8.871,8.871
PDK1,ENST00000282077,S75L,75,1,7.518,7.518,7.518
PDK1,ENST00000282077,S75P,75,1,8.871,8.871,8.871
PDK1,ENST00000282077,S75S,75,3,-0.034,-0.034,-0.034
PDK1,ENST00000282077,S75T,75,1,8.871,8.871,8.871
PDK1,ENST00000282077,S95C,95,1,5.743,5.743,5.743
PDK1,ENST00000282077,S95G,95,1,5.743,5.743,5.743
PDK1,ENST00000282077,S95I,95,1,6.791,6.791,6.791
PDK1,ENST00000282077,S95N,95,1,6.791,6.791,6.791
PDK1,ENST00000282077,S95R,95,3,2.549,0.952,5.743
PDK1,ENST00000282077,S95S,95,1,0.952,0.952,0.952
PDK1,ENST00000282077,S95T,95,1,6.791,6.791,6.791
PDK1,ENST00000282077,T104A,104,1,8.687,8.687,8.687
PDK1,ENST00000282077,T104I,104,1,5.84,5.84,5.84
PDK1,ENST00000282077,T104K,104,1,5.84,5.84,5.84
PDK1,ENST00000282077,T104P,104,1,8.687,8.687,8.687
PDK1,ENST00000282077,T104R,104,1,5.84,5.84,5.84
PDK1,ENST00000282077,T104S,104,1,8.687,8.687,8.687
PDK1,ENST00000282077,T104T,104,3,-0.813,-0.813,-0.813
PDK1,ENST00000282077,T139A,139,1,6.75,6.75,6.75
PDK1,ENST00000282077,T139I,139,1,5.843,5.843,5.843
PDK1,ENST00000282077,T139K,139,1,5.843,5.843,5.843
PDK1,ENST00000282077,T139P,139,1,6.75,6.75,6.75
PDK1,ENST00000282077,T139R,139,1,5.843,5.843,5.843
PDK1,ENST00000282077,T139S,139,1,6.75,6.75,6.75
PDK1,ENST00000282077,T139T,139,3,4.626,4.626,4.626
PDK1,ENST00000282077,T141A,141,1,3.742,3.742,3.742
PDK1,ENST00000282077,T141I,141,1,3.116,3.116,3.116
PDK1,ENST00000282077,T141N,141,1,3.116,3.116,3.116
PDK1,ENST00000282077,T141P,141,1,3.742,3.742,3.742
PDK1,ENST00000282077,T141S,141,2,3.429,3.429,3.742
PDK1,ENST00000282077,T141T,141,3,0.048,0.048,0.048
PDK1,ENST00000282077,T155A,155,1,8.687,8.687,8.687
PDK1,ENST00000282077,T155I,155,1,7.518,7.518,7.518
PDK1,ENST00000282077,T155K,155,1,7.518,7.518,7.518
PDK1,ENST00000282077,T155P,155,1,8.687,8.687,8.687
PDK1,ENST00000282077,T155R,155,1,7.518,7.518,7.518
PDK1,ENST00000282077,T155S,155,1,8.687,8.687,8.687
PDK1,ENST00000282077,T155T,155,3,-3.023,-3.023,-3.023
PDK1,ENST00000282077,T173A,173,1,7.074,7.074,7.074
PDK1,ENST00000282077,T173I,173,1,4.689,4.689,4.689
PDK1,ENST00000282077,T173N,173,1,4.689,4.689,4.689
PDK1,ENST00000282077,T173P,173,1,7.074,7.074,7.074
PDK1,ENST00000282077,T173S,173,2,5.8815,5.8815,7.074
PDK1,ENST00000282077,T173T,173,3,3.106,3.106,3.106
PDK1,ENST00000282077,T288A,288,1,8.687,8.687,8.687
PDK1,ENST00000282077,T288I,288,1,7.518,7.518,7.518
PDK1,ENST00000282077,T288N,288,1,7.518,7.518,7.518
PDK1,ENST00000282077,T288P,288,1,8.687,8.687,8.687
PDK1,ENST00000282077,T288S,288,2,8.1025,8.1025,8.687
PDK1,ENST00000282077,T288T,288,3,-2.516,-2.516,-2.516
PDK1,ENST00000282077,T306A,306,1,3.609,3.609,3.609
PDK1,ENST00000282077,T306K,306,1,3.843,3.843,3.843
PDK1,ENST00000282077,T306M,306,1,3.843,3.843,3.843
PDK1,ENST00000282077,T306P,306,1,3.609,3.609,3.609
PDK1,ENST00000282077,T306R,306,1,3.843,3.843,3.843
PDK1,ENST00000282077,T306S,306,1,3.609,3.609,3.609
PDK1,ENST00000282077,T306T,306,3,-1.477,-1.477,-1.477
PDK1,ENST00000282077,T313A,313,1,4.673,4.673,4.673
PDK1,ENST00000282077,T313I,313,1,5.747,5.747,5.747
PDK1,ENST00000282077,T313N,313,1,5.747,5.747,5.747
PDK1,ENST00000282077,T313P,313,1,4.673,4.673,4.673
PDK1,ENST00000282077,T313S,313,2,5.21,5.21,5.747
PDK1,ENST00000282077,T313T,313,3,0.045,0.045,0.045
PDK1,ENST00000282077,T338A,338,1,8.687,8.687,8.687
PDK1,ENST00000282077,T338I,338,1,7.518,7.518,7.518
PDK1,ENST00000282077,T338N,338,1,7.518,7.518,7.518
PDK1,ENST00000282077,T338P,338,1,8.687,8.687,8.687
PDK1,ENST00000282077,T338S,338,2,8.1025,8.1025,8.687
PDK1,ENST00000282077,T338T,338,3,-0.997,-0.997,-0.997
PDK1,ENST00000282077,T346A,346,1,3.957,3.957,3.957
PDK1,ENST00000282077,T346I,346,1,3.413,3.413,3.413
PDK1,ENST00000282077,T346N,346,1,3.413,3.413,3.413
PDK1,ENST00000282077,T346P,346,1,3.957,3.957,3.957
PDK1,ENST00000282077,T346S,346,2,3.685,3.685,3.957
PDK1,ENST00000282077,T346T,346,3,-3.645,-3.645,-3.645
PDK1,ENST00000282077,T383A,383,1,6.893,6.893,6.893
PDK1,ENST00000282077,T383I,383,1,4.602,4.602,4.602
PDK1,ENST00000282077,T383K,383,1,4.602,4.602,4.602
PDK1,ENST00000282077,T383P,383,1,6.893,6.893,6.893
PDK1,ENST00000282077,T383R,383,1,4.602,4.602,4.602
PDK1,ENST00000282077,T383S,383,1,6.893,6.893,6.893
PDK1,ENST00000282077,T383T,383,3,-0.26,-0.26,-0.26
PDK1,ENST00000282077,T394A,394,1,5.515,5.515,5.515
PDK1,ENST00000282077,T394I,394,1,3.624,3.624,3.624
PDK1,ENST00000282077,T394K,394,1,3.624,3.624,3.624
PDK1,ENST00000282077,T394P,394,1,5.515,5.515,5.515
PDK1,ENST00000282077,T394R,394,1,3.624,3.624,3.624
PDK1,ENST00000282077,T394S,394,1,5.515,5.515,5.515
PDK1,ENST00000282077,T394T,394,3,-0.119,-0.119,-0.119
PDK1,ENST00000282077,T413A,413,1,0.759,0.759,0.759
PDK1,ENST00000282077,T413I,413,1,2.518,2.518,2.518
PDK1,ENST00000282077,T413N,413,1,2.518,2.518,2.518
PDK1,ENST00000282077,T413P,413,1,0.759,0.759,0.759
PDK1,ENST00000282077,T413S,413,2,1.6385,1.6385,2.518
PDK1,ENST00000282077,T413T,413,3,0.06,0.06,0.06
PDK1,ENST00000282077,T431A,431,1,5.443,5.443,5.443
PDK1,ENST00000282077,T431K,431,1,5.563,5.563,5.563
PDK1,ENST00000282077,T431M,431,1,5.563,5.563,5.563
PDK1,ENST00000282077,T431P,431,1,5.443,5.443,5.443
PDK1,ENST00000282077,T431R,431,1,5.563,5.563,5.563
PDK1,ENST00000282077,T431S,431,1,5.443,5.443,5.443
PDK1,ENST00000282077,T431T,431,3,-2.485,-2.485,-2.485
PDK1,ENST00000282077,T432A,432,1,8.403,8.403,8.403
PDK1,ENST00000282077,T432K,432,1,5.469,5.469,5.469
PDK1,ENST00000282077,T432M,432,1,5.469,5.469,5.469
PDK1,ENST00000282077,T432P,432,1,8.403,8.403,8.403
PDK1,ENST00000282077,T432R,432,1,5.469,5.469,5.469
PDK1,ENST00000282077,T432S,432,1,8.403,8.403,8.403
PDK1,ENST00000282077,T432T,432,3,-2.279,-2.279,-2.279
PDK1,ENST00000282077,T74A,74,1,8.687,8.687,8.687
PDK1,ENST00000282077,T74I,74,1,7.518,7.518,7.518
PDK1,ENST00000282077,T74N,74,1,7.518,7.518,7.518
PDK1,ENST00000282077,T74P,74,1,8.687,8.687,8.687
PDK1,ENST00000282077,T74S,74,2,8.1025,8.1025,8.687
PDK1,ENST00000282077,T74T,74,3,0.124,0.124,0.124
PDK1,ENST00000282077,V107A,107,1,8.871,8.871,8.871
PDK1,ENST00000282077,V107D,107,1,8.871,8.871,8.871
PDK1,ENST00000282077,V107F,107,1,9.377,9.377,9.377
PDK1,ENST00000282077,V107G,107,1,8.871,8.871,8.871
PDK1,ENST00000282077,V107I,107,1,9.377,9.377,9.377
PDK1,ENST00000282077,V107L,107,1,9.377,9.377,9.377
PDK1,ENST00000282077,V107V,107,3,1.14,1.14,1.14
PDK1,ENST00000282077,V110A,110,1,8.871,8.871,8.871
PDK1,ENST00000282077,V110E,110,1,8.871,8.871,8.871
PDK1,ENST00000282077,V110G,110,1,8.871,8.871,8.871
PDK1,ENST00000282077,V110I,110,1,11.295,11.295,11.295
PDK1,ENST00000282077,V110L,110,2,11.295,11.295,11.295
PDK1,ENST00000282077,V110V,110,3,-0.452,-0.452,-0.452
PDK1,ENST00000282077,V142A,142,1,8.871,8.871,8.871
PDK1,ENST00000282077,V142E,142,1,8.871,8.871,8.871
PDK1,ENST00000282077,V142G,142,1,8.871,8.871,8.871
PDK1,ENST00000282077,V142L,142,2,7.774,7.774,7.774
PDK1,ENST00000282077,V142M,142,1,7.774,7.774,7.774
PDK1,ENST00000282077,V142V,142,3,2.486,2.486,2.486
PDK1,ENST00000282077,V152A,152,1,8.871,8.871,8.871
PDK1,ENST00000282077,V152D,152,1,8.871,8.871,8.871
PDK1,ENST00000282077,V152F,152,1,11.295,11.295,11.295
PDK1,ENST00000282077,V152G,152,1,8.871,8.871,8.871
PDK1,ENST00000282077,V152I,152,1,11.295,11.295,11.295
PDK1,ENST00000282077,V152L,152,1,11.295,11.295,11.295
PDK1,ENST00000282077,V152V,152,3,-0.5,-0.5,-0.5
PDK1,ENST00000282077,V160A,160,1,7.062,7.062,7.062
PDK1,ENST00000282077,V160E,160,1,7.062,7.062,7.062
PDK1,ENST00000282077,V160G,160,1,7.062,7.062,7.062
PDK1,ENST00000282077,V160L,160,2,7.972,7.972,7.972
PDK1,ENST00000282077,V160M,160,1,7.972,7.972,7.972
PDK1,ENST00000282077,V160V,160,3,2.603,2.603,2.603
PDK1,ENST00000282077,V169A,169,1,5.256,5.256,5.256
PDK1,ENST00000282077,V169E,169,1,5.256,5.256,5.256
PDK1,ENST00000282077,V169G,169,1,5.256,5.256,5.256
PDK1,ENST00000282077,V169L,169,2,5.309,5.309,5.309
PDK1,ENST00000282077,V169M,169,1,5.309,5.309,5.309
PDK1,ENST00000282077,V169V,169,3,-0.064,-0.064,-0.064
PDK1,ENST00000282077,V172A,172,1,8.871,8.871,8.871
PDK1,ENST00000282077,V172D,172,1,8.871,8.871,8.871
PDK1,ENST00000282077,V172F,172,1,6.599,6.599,6.599
PDK1,ENST00000282077,V172G,172,1,8.871,8.871,8.871
PDK1,ENST00000282077,V172I,172,1,6.599,6.599,6.599
PDK1,ENST00000282077,V172L,172,1,6.599,6.599,6.599
PDK1,ENST00000282077,V172V,172,3,0.861,0.861,0.861
PDK1,ENST00000282077,V177A,177,1,8.871,8.871,8.871
PDK1,ENST00000282077,V177D,177,1,8.871,8.871,8.871
PDK1,ENST00000282077,V177F,177,1,8.959,8.959,8.959
PDK1,ENST00000282077,V177G,177,1,8.871,8.871,8.871
PDK1,ENST00000282077,V177I,177,1,8.959,8.959,8.959
PDK1,ENST00000282077,V177L,177,1,8.959,8.959,8.959
PDK1,ENST00000282077,V177V,177,3,0.888,0.888,0.888
PDK1,ENST00000282077,V225A,225,1,7.066,7.066,7.066
PDK1,ENST00000282077,V225E,225,1,7.066,7.066,7.066
PDK1,ENST00000282077,V225G,225,1,7.066,7.066,7.066
PDK1,ENST00000282077,V225I,225,1,8.074,8.074,8.074
PDK1,ENST00000282077,V225L,225,2,8.074,8.074,8.074
PDK1,ENST00000282077,V225V,225,3,0.326,0.326,0.326
PDK1,ENST00000282077,V228A,228,1,8.871,8.871,8.871
PDK1,ENST00000282077,V228D,228,1,8.871,8.871,8.871
PDK1,ENST00000282077,V228F,228,1,9.389,9.389,9.389
PDK1,ENST00000282077,V228G,228,1,8.871,8.871,8.871
PDK1,ENST00000282077,V228I,228,1,9.389,9.389,9.389
PDK1,ENST00000282077,V228L,228,1,9.389,9.389,9.389
PDK1,ENST00000282077,V228V,228,3,0.595,0.595,0.595
PDK1,ENST00000282077,V266A,266,1,8.871,8.871,8.871
PDK1,ENST00000282077,V266E,266,1,8.871,8.871,8.871
PDK1,ENST00000282077,V266G,266,1,8.871,8.871,8.871
PDK1,ENST00000282077,V266L,266,2,5.982,5.982,5.982
PDK1,ENST00000282077,V266M,266,1,5.982,5.982,5.982
PDK1,ENST00000282077,V266V,266,3,3.696,3.696,3.696
PDK1,ENST00000282077,V267A,267,1,8.871,8.871,8.871
PDK1,ENST00000282077,V267D,267,1,8.871,8.871,8.871
PDK1,ENST00000282077,V267F,267,1,11.295,11.295,11.295
PDK1,ENST00000282077,V267G,267,1,8.871,8.871,8.871
PDK1,ENST00000282077,V267I,267,1,11.295,11.295,11.295
PDK1,ENST00000282077,V267L,267,1,11.295,11.295,11.295
PDK1,ENST00000282077,V267V,267,3,1.031,1.031,1.031
PDK1,ENST00000282077,V269A,269,1,8.871,8.871,8.871
PDK1,ENST00000282077,V269E,269,1,8.871,8.871,8.871
PDK1,ENST00000282077,V269G,269,1,8.871,8.871,8.871
PDK1,ENST00000282077,V269I,269,1,9.377,9.377,9.377
PDK1,ENST00000282077,V269L,269,2,9.377,9.377,9.377
PDK1,ENST00000282077,V269V,269,3,0.481,0.481,0.481
PDK1,ENST00000282077,V277A,277,1,8.871,8.871,8.871
PDK1,ENST00000282077,V277E,277,1,8.871,8.871,8.871
PDK1,ENST00000282077,V277G,277,1,8.871,8.871,8.871
PDK1,ENST00000282077,V277L,277,2,3.625,3.625,3.625
PDK1,ENST00000282077,V277M,277,1,3.625,3.625,3.625
PDK1,ENST00000282077,V277V,277,3,3.251,3.251,3.251
PDK1,ENST00000282077,V297A,297,1,2.866,2.866,2.866
PDK1,ENST00000282077,V297D,297,1,2.866,2.866,2.866
PDK1,ENST00000282077,V297F,297,1,3.408,3.408,3.408
PDK1,ENST00000282077,V297G,297,1,2.866,2.866,2.866
PDK1,ENST00000282077,V297I,297,1,3.408,3.408,3.408
PDK1,ENST00000282077,V297L,297,1,3.408,3.408,3.408
PDK1,ENST00000282077,V297V,297,3,1.158,1.158,1.158
PDK1,ENST00000282077,V303A,303,1,5.587,5.587,5.587
PDK1,ENST00000282077,V303D,303,1,5.587,5.587,5.587
PDK1,ENST00000282077,V303F,303,1,9.358,9.358,9.358
PDK1,ENST00000282077,V303G,303,1,5.587,5.587,5.587
PDK1,ENST00000282077,V303I,303,1,9.358,9.358,9.358
PDK1,ENST00000282077,V303L,303,1,9.358,9.358,9.358
PDK1,ENST00000282077,V303V,303,3,0.376,0.376,0.376
PDK1,ENST00000282077,V305A,305,1,8.871,8.871,8.871
PDK1,ENST00000282077,V305D,305,1,8.871,8.871,8.871
PDK1,ENST00000282077,V305F,305,1,2.604,2.604,2.604
PDK1,ENST00000282077,V305G,305,1,8.871,8.871,8.871
PDK1,ENST00000282077,V305I,305,1,2.604,2.604,2.604
PDK1,ENST00000282077,V305L,305,1,2.604,2.604,2.604
PDK1,ENST00000282077,V305V,305,3,-0.635,-0.635,-0.635
PDK1,ENST00000282077,V314A,314,1,8.871,8.871,8.871
PDK1,ENST00000282077,V314E,314,1,8.871,8.871,8.871
PDK1,ENST00000282077,V314G,314,1,8.871,8.871,8.871
PDK1,ENST00000282077,V314L,314,2,4.625,4.625,4.625
PDK1,ENST00000282077,V314M,314,1,4.625,4.625,4.625
PDK1,ENST00000282077,V314V,314,3,1.582,1.582,1.582
PDK1,ENST00000282077,V323A,323,1,8.871,8.871,8.871
PDK1,ENST00000282077,V323D,323,1,8.871,8.871,8.871
PDK1,ENST00000282077,V323F,323,1,11.295,11.295,11.295
PDK1,ENST00000282077,V323G,323,1,8.871,8.871,8.871
PDK1,ENST00000282077,V323I,323,1,11.295,11.295,11.295
PDK1,ENST00000282077,V323L,323,1,11.295,11.295,11.295
PDK1,ENST00000282077,V323V,323,3,1.23,1.23,1.23
PDK1,ENST00000282077,V344A,344,1,7.036,7.036,7.036
PDK1,ENST00000282077,V344D,344,1,7.036,7.036,7.036
PDK1,ENST00000282077,V344F,344,1,3.409,3.409,3.409
PDK1,ENST00000282077,V344G,344,1,7.036,7.036,7.036
PDK1,ENST00000282077,V344I,344,1,3.409,3.409,3.409
PDK1,ENST00000282077,V344L,344,1,3.409,3.409,3.409
PDK1,ENST00000282077,V344V,344,3,-0.281,-0.281,-0.281
PDK1,ENST00000282077,V350A,350,1,1.49,1.49,1.49
PDK1,ENST00000282077,V350E,350,1,1.49,1.49,1.49
PDK1,ENST00000282077,V350G,350,1,1.49,1.49,1.49
PDK1,ENST00000282077,V350L,350,2,3.966,3.966,3.966
PDK1,ENST00000282077,V350M,350,1,3.966,3.966,3.966
PDK1,ENST00000282077,V350V,350,3,0.016,0.016,0.016
PDK1,ENST00000282077,V386A,386,1,8.871,8.871,8.871
PDK1,ENST00000282077,V386D,386,1,8.871,8.871,8.871
PDK1,ENST00000282077,V386F,386,1,8.093,8.093,8.093
PDK1,ENST00000282077,V386G,386,1,8.871,8.871,8.871
PDK1,ENST00000282077,V386I,386,1,8.093,8.093,8.093
PDK1,ENST00000282077,V386L,386,1,8.093,8.093,8.093
PDK1,ENST00000282077,V386V,386,3,-0.086,-0.086,-0.086
PDK1,ENST00000282077,V402A,402,1,8.841,8.841,8.841
PDK1,ENST00000282077,V402E,402,1,8.841,8.841,8.841
PDK1,ENST00000282077,V402G,402,1,8.841,8.841,8.841
PDK1,ENST00000282077,V402L,402,2,11.256,11.256,11.256
PDK1,ENST00000282077,V402M,402,1,11.256,11.256,11.256
PDK1,ENST00000282077,V402V,402,3,0.007,0.007,0.007
PDK1,ENST00000282077,V422A,422,1,5.756,5.756,5.756
PDK1,ENST00000282077,V422D,422,1,5.756,5.756,5.756
PDK1,ENST00000282077,V422F,422,1,4.587,4.587,4.587
PDK1,ENST00000282077,V422G,422,1,5.756,5.756,5.756
PDK1,ENST00000282077,V422I,422,1,4.587,4.587,4.587
PDK1,ENST00000282077,V422L,422,1,4.587,4.587,4.587
PDK1,ENST00000282077,V422V,422,3,0.064,0.064,0.064
PDK1,ENST00000282077,V42A,42,1,1.625,1.625,1.625
PDK1,ENST00000282077,V42D,42,1,1.625,1.625,1.625
PDK1,ENST00000282077,V42F,42,1,0.178,0.178,0.178
PDK1,ENST00000282077,V42G,42,1,1.625,1.625,1.625
PDK1,ENST00000282077,V42I,42,1,0.178,0.178,0.178
PDK1,ENST00000282077,V42L,42,1,0.178,0.178,0.178
PDK1,ENST00000282077,V42V,42,3,-0.267,-0.267,-0.267
PDK1,ENST00000282077,V46A,46,1,3.486,3.486,3.486
PDK1,ENST00000282077,V46E,46,1,3.486,3.486,3.486
PDK1,ENST00000282077,V46G,46,1,3.486,3.486,3.486
PDK1,ENST00000282077,V46L,46,2,2.072,2.072,2.072
PDK1,ENST00000282077,V46M,46,1,2.072,2.072,2.072
PDK1,ENST00000282077,V46V,46,3,5.929,5.929,5.929
PDK1,ENST00000282077,V68A,68,1,2.74,2.74,2.74
PDK1,ENST00000282077,V68E,68,1,2.74,2.74,2.74
PDK1,ENST00000282077,V68G,68,1,2.74,2.74,2.74
PDK1,ENST00000282077,V68L,68,2,5.889,5.889,5.889
PDK1,ENST00000282077,V68M,68,1,5.889,5.889,5.889
PDK1,ENST00000282077,V68V,68,3,1.248,1.248,1.248
PDK1,ENST00000282077,V85A,85,1,8.871,8.871,8.871
PDK1,ENST00000282077,V85D,85,1,8.871,8.871,8.871
PDK1,ENST00000282077,V85F,85,1,11.295,11.295,11.295
PDK1,ENST00000282077,V85G,85,1,8.871,8.871,8.871
PDK1,ENST00000282077,V85I,85,1,11.295,11.295,11.295
PDK1,ENST00000282077,V85L,85,1,11.295,11.295,11.295
PDK1,ENST00000282077,V85V,85,3,-0.097,-0.097,-0.097
PDK1,ENST00000282077,W113C,113,2,10.506,10.506,10.506
PDK1,ENST00000282077,W113G,113,1,8.871,8.871,8.871
PDK1,ENST00000282077,W113L,113,1,11.295,11.295,11.295
PDK1,ENST00000282077,W113R,113,2,8.871,8.871,8.871
PDK1,ENST00000282077,W113S,113,1,11.295,11.295,11.295
PDK1,ENST00000282077,W408C,408,2,9.153,9.153,9.153
PDK1,ENST00000282077,W408G,408,1,7.022,7.022,7.022
PDK1,ENST00000282077,W408L,408,1,7.728,7.728,7.728
PDK1,ENST00000282077,W408R,408,2,7.022,7.022,7.022
PDK1,ENST00000282077,W408S,408,1,7.728,7.728,7.728
PDK1,ENST00000282077,W420C,420,2,11.256,11.256,11.256
PDK1,ENST00000282077,W420G,420,1,8.841,8.841,8.841
PDK1,ENST00000282077,W420L,420,1,11.256,11.256,11.256
PDK1,ENST00000282077,W420R,420,2,8.841,8.841,8.841
PDK1,ENST00000282077,W420S,420,1,11.256,11.256,11.256
PDK1,ENST00000282077,Y114C,114,1,8.259,8.259,8.259
PDK1,ENST00000282077,Y114D,114,1,8.425,8.425,8.425
PDK1,ENST00000282077,Y114F,114,1,8.259,8.259,8.259
PDK1,ENST00000282077,Y114H,114,1,8.425,8.425,8.425
PDK1,ENST00000282077,Y114N,114,1,8.425,8.425,8.425
PDK1,ENST00000282077,Y114S,114,1,8.259,8.259,8.259
PDK1,ENST00000282077,Y114Y,114,1,1.196,1.196,1.196
PDK1,ENST00000282077,Y136C,136,1,2.944,2.944,2.944
PDK1,ENST00000282077,Y136D,136,1,1.033,1.033,1.033
PDK1,ENST00000282077,Y136F,136,1,2.944,2.944,2.944
PDK1,ENST00000282077,Y136H,136,1,1.033,1.033,1.033
PDK1,ENST00000282077,Y136N,136,1,1.033,1.033,1.033
PDK1,ENST00000282077,Y136S,136,1,2.944,2.944,2.944
PDK1,ENST00000282077,Y136Y,136,1,0.599,0.599,0.599
PDK1,ENST00000282077,Y163C,163,1,8.687,8.687,8.687
PDK1,ENST00000282077,Y163D,163,1,8.871,8.871,8.871
PDK1,ENST00000282077,Y163F,163,1,8.687,8.687,8.687
PDK1,ENST00000282077,Y163H,163,1,8.871,8.871,8.871
PDK1,ENST00000282077,Y163N,163,1,8.871,8.871,8.871
PDK1,ENST00000282077,Y163S,163,1,8.687,8.687,8.687
PDK1,ENST00000282077,Y163Y,163,1,1.06,1.06,1.06
PDK1,ENST00000282077,Y179C,179,1,8.687,8.687,8.687
PDK1,ENST00000282077,Y179D,179,1,8.871,8.871,8.871
PDK1,ENST00000282077,Y179F,179,1,8.687,8.687,8.687
PDK1,ENST00000282077,Y179H,179,1,8.871,8.871,8.871
PDK1,ENST00000282077,Y179N,179,1,8.871,8.871,8.871
PDK1,ENST00000282077,Y179S,179,1,8.687,8.687,8.687
PDK1,ENST00000282077,Y179Y,179,1,1.352,1.352,1.352
PDK1,ENST00000282077,Y185C,185,1,3.785,3.785,3.785
PDK1,ENST00000282077,Y185D,185,1,8.871,8.871,8.871
PDK1,ENST00000282077,Y185F,185,1,3.785,3.785,3.785
PDK1,ENST00000282077,Y185H,185,1,8.871,8.871,8.871
PDK1,ENST00000282077,Y185N,185,1,8.871,8.871,8.871
PDK1,ENST00000282077,Y185S,185,1,3.785,3.785,3.785
PDK1,ENST00000282077,Y185Y,185,1,3.085,3.085,3.085
PDK1,ENST00000282077,Y233C,233,1,4.515,4.515,4.515
PDK1,ENST00000282077,Y233D,233,1,8.871,8.871,8.871
PDK1,ENST00000282077,Y233F,233,1,4.515,4.515,4.515
PDK1,ENST00000282077,Y233H,233,1,8.871,8.871,8.871
PDK1,ENST00000282077,Y233N,233,1,8.871,8.871,8.871
PDK1,ENST00000282077,Y233S,233,1,4.515,4.515,4.515
PDK1,ENST00000282077,Y233Y,233,1,4.858,4.858,4.858
PDK1,ENST00000282077,Y243C,243,1,8.687,8.687,8.687
PDK1,ENST00000282077,Y243D,243,1,8.871,8.871,8.871
PDK1,ENST00000282077,Y243F,243,1,8.687,8.687,8.687
PDK1,ENST00000282077,Y243H,243,1,8.871,8.871,8.871
PDK1,ENST00000282077,Y243N,243,1,8.871,8.871,8.871
PDK1,ENST00000282077,Y243S,243,1,8.687,8.687,8.687
PDK1,ENST00000282077,Y243Y,243,1,1.688,1.688,1.688
PDK1,ENST00000282077,Y244C,244,1,8.687,8.687,8.687
PDK1,ENST00000282077,Y244D,244,1,8.871,8.871,8.871
PDK1,ENST00000282077,Y244F,244,1,8.687,8.687,8.687
PDK1,ENST00000282077,Y244H,244,1,8.871,8.871,8.871
PDK1,ENST00000282077,Y244N,244,1,8.871,8.871,8.871
PDK1,ENST00000282077,Y244S,244,1,8.687,8.687,8.687
PDK1,ENST00000282077,Y244Y,244,1,0.254,0.254,0.254
PDK1,ENST00000282077,Y268C,268,1,8.687,8.687,8.687
PDK1,ENST00000282077,Y268D,268,1,8.871,8.871,8.871
PDK1,ENST00000282077,Y268F,268,1,8.687,8.687,8.687
PDK1,ENST00000282077,Y268H,268,1,8.871,8.871,8.871
PDK1,ENST00000282077,Y268N,268,1,8.871,8.871,8.871
PDK1,ENST00000282077,Y268S,268,1,8.687,8.687,8.687
PDK1,ENST00000282077,Y268Y,268,1,2.803,2.803,2.803
PDK1,ENST00000282077,Y274C,274,1,8.687,8.687,8.687
PDK1,ENST00000282077,Y274D,274,1,8.871,8.871,8.871
PDK1,ENST00000282077,Y274F,274,1,8.687,8.687,8.687
PDK1,ENST00000282077,Y274H,274,1,8.871,8.871,8.871
PDK1,ENST00000282077,Y274N,274,1,8.871,8.871,8.871
PDK1,ENST00000282077,Y274S,274,1,8.687,8.687,8.687
PDK1,ENST00000282077,Y274Y,274,1,2.772,2.772,2.772
PDK1,ENST00000282077,Y298C,298,1,3.208,3.208,3.208
PDK1,ENST00000282077,Y298D,298,1,5.899,5.899,5.899
PDK1,ENST00000282077,Y298F,298,1,3.208,3.208,3.208
PDK1,ENST00000282077,Y298H,298,1,5.899,5.899,5.899
PDK1,ENST00000282077,Y298N,298,1,5.899,5.899,5.899
PDK1,ENST00000282077,Y298S,298,1,3.208,3.208,3.208
PDK1,ENST00000282077,Y298Y,298,1,-0.566,-0.566,-0.566
PDK1,ENST00000282077,Y334C,334,1,8.687,8.687,8.687
PDK1,ENST00000282077,Y334D,334,1,8.871,8.871,8.871
PDK1,ENST00000282077,Y334F,334,1,8.687,8.687,8.687
PDK1,ENST00000282077,Y334H,334,1,8.871,8.871,8.871
PDK1,ENST00000282077,Y334N,334,1,8.871,8.871,8.871
PDK1,ENST00000282077,Y334S,334,1,8.687,8.687,8.687
PDK1,ENST00000282077,Y334Y,334,1,1.298,1.298,1.298
PDK1,ENST00000282077,Y336C,336,1,8.687,8.687,8.687
PDK1,ENST00000282077,Y336D,336,1,8.871,8.871,8.871
PDK1,ENST00000282077,Y336F,336,1,8.687,8.687,8.687
PDK1,ENST00000282077,Y336H,336,1,8.871,8.871,8.871
PDK1,ENST00000282077,Y336N,336,1,8.871,8.871,8.871
PDK1,ENST00000282077,Y336S,336,1,8.687,8.687,8.687
PDK1,ENST00000282077,Y336Y,336,1,0.747,0.747,0.747
PDK1,ENST00000282077,Y357C,357,1,8.687,8.687,8.687
PDK1,ENST00000282077,Y357D,357,1,7.067,7.067,7.067
PDK1,ENST00000282077,Y357F,357,1,8.687,8.687,8.687
PDK1,ENST00000282077,Y357H,357,1,7.067,7.067,7.067
PDK1,ENST00000282077,Y357N,357,1,7.067,7.067,7.067
PDK1,ENST00000282077,Y357S,357,1,8.687,8.687,8.687
PDK1,ENST00000282077,Y357Y,357,1,1.293,1.293,1.293
PDK1,ENST00000282077,Y365C,365,1,8.687,8.687,8.687
PDK1,ENST00000282077,Y365D,365,1,8.871,8.871,8.871
PDK1,ENST00000282077,Y365F,365,1,8.687,8.687,8.687
PDK1,ENST00000282077,Y365H,365,1,8.871,8.871,8.871
PDK1,ENST00000282077,Y365N,365,1,8.871,8.871,8.871
PDK1,ENST00000282077,Y365S,365,1,8.687,8.687,8.687
PDK1,ENST00000282077,Y365Y,365,1,0.975,0.975,0.975
PDK1,ENST00000282077,Y368C,368,1,8.687,8.687,8.687
PDK1,ENST00000282077,Y368D,368,1,8.871,8.871,8.871
PDK1,ENST00000282077,Y368F,368,1,8.687,8.687,8.687
PDK1,ENST00000282077,Y368H,368,1,8.871,8.871,8.871
PDK1,ENST00000282077,Y368N,368,1,8.871,8.871,8.871
PDK1,ENST00000282077,Y368S,368,1,8.687,8.687,8.687
PDK1,ENST00000282077,Y368Y,368,1,1.219,1.219,1.219
PDK1,ENST00000282077,Y376C,376,1,8.687,8.687,8.687
PDK1,ENST00000282077,Y376D,376,1,8.871,8.871,8.871
PDK1,ENST00000282077,Y376F,376,1,8.687,8.687,8.687
PDK1,ENST00000282077,Y376H,376,1,8.871,8.871,8.871
PDK1,ENST00000282077,Y376N,376,1,8.871,8.871,8.871
PDK1,ENST00000282077,Y376S,376,1,8.687,8.687,8.687
PDK1,ENST00000282077,Y376Y,376,1,2.121,2.121,2.121
PDK1,ENST00000282077,Y381C,381,1,5.592,5.592,5.592
PDK1,ENST00000282077,Y381D,381,1,4.104,4.104,4.104
PDK1,ENST00000282077,Y381F,381,1,5.592,5.592,5.592
PDK1,ENST00000282077,Y381H,381,1,4.104,4.104,4.104
PDK1,ENST00000282077,Y381N,381,1,4.104,4.104,4.104
PDK1,ENST00000282077,Y381S,381,1,5.592,5.592,5.592
PDK1,ENST00000282077,Y381Y,381,1,-0.528,-0.528,-0.528
PDK1,ENST00000282077,Y388C,388,1,5.619,5.619,5.619
PDK1,ENST00000282077,Y388D,388,1,8.871,8.871,8.871
PDK1,ENST00000282077,Y388F,388,1,5.619,5.619,5.619
PDK1,ENST00000282077,Y388H,388,1,8.871,8.871,8.871
PDK1,ENST00000282077,Y388N,388,1,8.871,8.871,8.871
PDK1,ENST00000282077,Y388S,388,1,5.619,5.619,5.619
PDK1,ENST00000282077,Y388Y,388,1,1.976,1.976,1.976
PDK1,ENST00000282077,Y403C,403,1,5.549,5.549,5.549
PDK1,ENST00000282077,Y403D,403,1,8.841,8.841,8.841
PDK1,ENST00000282077,Y403F,403,1,5.549,5.549,5.549
PDK1,ENST00000282077,Y403H,403,1,8.841,8.841,8.841
PDK1,ENST00000282077,Y403N,403,1,8.841,8.841,8.841
PDK1,ENST00000282077,Y403S,403,1,5.549,5.549,5.549
PDK1,ENST00000282077,Y403Y,403,1,0.053,0.053,0.053
PDK1,ENST00000282077,Y411C,411,1,8.657,8.657,8.657
PDK1,ENST00000282077,Y411D,411,1,8.841,8.841,8.841
PDK1,ENST00000282077,Y411F,411,1,8.657,8.657,8.657
PDK1,ENST00000282077,Y411H,411,1,8.841,8.841,8.841
PDK1,ENST00000282077,Y411N,411,1,8.841,8.841,8.841
PDK1,ENST00000282077,Y411S,411,1,8.657,8.657,8.657
PDK1,ENST00000282077,Y411Y,411,1,0.937,0.937,0.937
PDK1,ENST00000282077,Y49C,49,1,2.317,2.317,2.317
PDK1,ENST00000282077,Y49D,49,1,5.129,5.129,5.129
PDK1,ENST00000282077,Y49F,49,1,2.317,2.317,2.317
PDK1,ENST00000282077,Y49H,49,1,5.129,5.129,5.129
PDK1,ENST00000282077,Y49N,49,1,5.129,5.129,5.129
PDK1,ENST00000282077,Y49S,49,1,2.317,2.317,2.317
PDK1,ENST00000282077,Y49Y,49,1,1.104,1.104,1.104
