protein_variant,am_pathogenicity,am_class
M1A,0.6477,pathogenic
M1C,0.469,ambiguous
M1D,0.9147,pathogenic
M1E,0.7715,pathogenic
M1F,0.4318,ambiguous
M1G,0.7148,pathogenic
M1H,0.8313,pathogenic
M1I,0.6856,pathogenic
M1K,0.6907,pathogenic
M1L,0.2013,benign
M1N,0.7566,pathogenic
M1P,0.859,pathogenic
M1Q,0.4953,ambiguous
M1R,0.6477,pathogenic
M1S,0.6328,pathogenic
M1T,0.6855,pathogenic
M1V,0.1905,benign
M1W,0.7548,pathogenic
M1Y,0.7694,pathogenic
I2A,0.1972,benign
I2C,0.7261,pathogenic
I2D,0.6095,pathogenic
I2E,0.4514,ambiguous
I2F,0.2123,benign
I2G,0.5209,ambiguous
I2H,0.6627,pathogenic
I2K,0.4894,ambiguous
I2L,0.1886,benign
I2M,0.1621,benign
I2N,0.3675,ambiguous
I2P,0.5675,pathogenic
I2Q,0.4737,ambiguous
I2R,0.3691,ambiguous
I2S,0.2981,benign
I2T,0.1939,benign
I2V,0.1986,benign
I2W,0.7225,pathogenic
I2Y,0.4983,ambiguous
V3A,0.6787,pathogenic
V3C,0.813,pathogenic
V3D,0.9121,pathogenic
V3E,0.8562,pathogenic
V3F,0.5469,ambiguous
V3G,0.5753,pathogenic
V3H,0.9469,pathogenic
V3I,0.235,benign
V3K,0.9054,pathogenic
V3L,0.37,ambiguous
V3M,0.5976,pathogenic
V3N,0.8813,pathogenic
V3P,0.8985,pathogenic
V3Q,0.8491,pathogenic
V3R,0.793,pathogenic
V3S,0.7373,pathogenic
V3T,0.7775,pathogenic
V3W,0.936,pathogenic
V3Y,0.8288,pathogenic
F4A,0.8636,pathogenic
F4C,0.8287,pathogenic
F4D,0.945,pathogenic
F4E,0.9545,pathogenic
F4G,0.9401,pathogenic
F4H,0.826,pathogenic
F4I,0.6867,pathogenic
F4K,0.9597,pathogenic
F4L,0.9562,pathogenic
F4M,0.8263,pathogenic
F4N,0.8423,pathogenic
F4P,0.9952,pathogenic
F4Q,0.9372,pathogenic
F4R,0.8942,pathogenic
F4S,0.8091,pathogenic
F4T,0.8488,pathogenic
F4V,0.651,pathogenic
F4W,0.6217,pathogenic
F4Y,0.2297,benign
V5A,0.8207,pathogenic
V5C,0.9353,pathogenic
V5D,0.9909,pathogenic
V5E,0.9762,pathogenic
V5F,0.8184,pathogenic
V5G,0.8638,pathogenic
V5H,0.9912,pathogenic
V5I,0.1443,benign
V5K,0.9821,pathogenic
V5L,0.7419,pathogenic
V5M,0.8729,pathogenic
V5N,0.9793,pathogenic
V5P,0.9678,pathogenic
V5Q,0.9668,pathogenic
V5R,0.9537,pathogenic
V5S,0.9067,pathogenic
V5T,0.8732,pathogenic
V5W,0.9941,pathogenic
V5Y,0.9768,pathogenic
R6A,0.9292,pathogenic
R6C,0.5731,pathogenic
R6D,0.9837,pathogenic
R6E,0.9181,pathogenic
R6F,0.948,pathogenic
R6G,0.8776,pathogenic
R6H,0.4982,ambiguous
R6I,0.8584,pathogenic
R6K,0.4557,ambiguous
R6L,0.7569,pathogenic
R6M,0.9217,pathogenic
R6N,0.9657,pathogenic
R6P,0.9729,pathogenic
R6Q,0.4521,ambiguous
R6S,0.9464,pathogenic
R6T,0.8989,pathogenic
R6V,0.8827,pathogenic
R6W,0.6453,pathogenic
R6Y,0.8638,pathogenic
F7A,0.9703,pathogenic
F7C,0.8242,pathogenic
F7D,0.9841,pathogenic
F7E,0.9853,pathogenic
F7G,0.9728,pathogenic
F7H,0.9228,pathogenic
F7I,0.8273,pathogenic
F7K,0.9854,pathogenic
F7L,0.9827,pathogenic
F7M,0.9202,pathogenic
F7N,0.9567,pathogenic
F7P,0.9983,pathogenic
F7Q,0.9807,pathogenic
F7R,0.9632,pathogenic
F7S,0.9404,pathogenic
F7T,0.9561,pathogenic
F7V,0.793,pathogenic
F7W,0.6758,pathogenic
F7Y,0.2812,benign
N8A,0.5961,pathogenic
N8C,0.5684,pathogenic
N8D,0.5394,ambiguous
N8E,0.8946,pathogenic
N8F,0.8815,pathogenic
N8G,0.5124,ambiguous
N8H,0.3489,ambiguous
N8I,0.8283,pathogenic
N8K,0.895,pathogenic
N8L,0.602,pathogenic
N8M,0.8595,pathogenic
N8P,0.8465,pathogenic
N8Q,0.761,pathogenic
N8R,0.7598,pathogenic
N8S,0.1331,benign
N8T,0.6022,pathogenic
N8V,0.7962,pathogenic
N8W,0.9425,pathogenic
N8Y,0.5365,ambiguous
S9A,0.1131,benign
S9C,0.2195,benign
S9D,0.7538,pathogenic
S9E,0.8099,pathogenic
S9F,0.5251,ambiguous
S9G,0.183,benign
S9H,0.6542,pathogenic
S9I,0.6107,pathogenic
S9K,0.9019,pathogenic
S9L,0.2924,benign
S9M,0.5617,ambiguous
S9N,0.5115,ambiguous
S9P,0.5402,ambiguous
S9Q,0.7446,pathogenic
S9R,0.8115,pathogenic
S9T,0.1673,benign
S9V,0.4983,ambiguous
S9W,0.6082,pathogenic
S9Y,0.4463,ambiguous
S10A,0.1929,benign
S10C,0.1548,benign
S10D,0.4938,ambiguous
S10E,0.7346,pathogenic
S10F,0.5595,ambiguous
S10G,0.1246,benign
S10H,0.4014,ambiguous
S10I,0.3838,ambiguous
S10K,0.7951,pathogenic
S10L,0.3306,benign
S10M,0.4735,ambiguous
S10N,0.1666,benign
S10P,0.6654,pathogenic
S10Q,0.6093,pathogenic
S10R,0.6132,pathogenic
S10T,0.1508,benign
S10V,0.4174,ambiguous
S10W,0.5843,pathogenic
S10Y,0.4503,ambiguous
H11A,0.2828,benign
H11C,0.1637,benign
H11D,0.2714,benign
H11E,0.3193,benign
H11F,0.2611,benign
H11G,0.2998,benign
H11I,0.3882,ambiguous
H11K,0.3003,benign
H11L,0.1555,benign
H11M,0.5473,ambiguous
H11N,0.1448,benign
H11P,0.2034,benign
H11Q,0.215,benign
H11R,0.1071,benign
H11S,0.2331,benign
H11T,0.3085,benign
H11V,0.2984,benign
H11W,0.3016,benign
H11Y,0.093,benign
G12A,0.2899,benign
G12C,0.4171,ambiguous
G12D,0.8428,pathogenic
G12E,0.8417,pathogenic
G12F,0.8849,pathogenic
G12H,0.8596,pathogenic
G12I,0.6465,pathogenic
G12K,0.9478,pathogenic
G12L,0.8205,pathogenic
G12M,0.8864,pathogenic
G12N,0.803,pathogenic
G12P,0.9134,pathogenic
G12Q,0.8489,pathogenic
G12R,0.8126,pathogenic
G12S,0.2198,benign
G12T,0.435,ambiguous
G12V,0.5127,ambiguous
G12W,0.805,pathogenic
G12Y,0.8241,pathogenic
F13A,0.9384,pathogenic
F13C,0.746,pathogenic
F13D,0.9718,pathogenic
F13E,0.955,pathogenic
F13G,0.9715,pathogenic
F13H,0.891,pathogenic
F13I,0.3974,ambiguous
F13K,0.964,pathogenic
F13L,0.9441,pathogenic
F13M,0.807,pathogenic
F13N,0.9341,pathogenic
F13P,0.9977,pathogenic
F13Q,0.9401,pathogenic
F13R,0.9396,pathogenic
F13S,0.8757,pathogenic
F13T,0.9116,pathogenic
F13V,0.4721,ambiguous
F13W,0.7794,pathogenic
F13Y,0.408,ambiguous
P14A,0.1242,benign
P14C,0.6959,pathogenic
P14D,0.8651,pathogenic
P14E,0.6267,pathogenic
P14F,0.8027,pathogenic
P14G,0.6834,pathogenic
P14H,0.5174,ambiguous
P14I,0.6844,pathogenic
P14K,0.7646,pathogenic
P14L,0.2577,benign
P14M,0.6541,pathogenic
P14N,0.8407,pathogenic
P14Q,0.4498,ambiguous
P14R,0.4236,ambiguous
P14S,0.3086,benign
P14T,0.3034,benign
P14V,0.4683,ambiguous
P14W,0.8312,pathogenic
P14Y,0.798,pathogenic
V15A,0.4064,ambiguous
V15C,0.9024,pathogenic
V15D,0.9436,pathogenic
V15E,0.6964,pathogenic
V15F,0.4268,ambiguous
V15G,0.6937,pathogenic
V15H,0.9424,pathogenic
V15I,0.1156,benign
V15K,0.8012,pathogenic
V15L,0.3169,benign
V15M,0.2023,benign
V15N,0.9286,pathogenic
V15P,0.9718,pathogenic
V15Q,0.7199,pathogenic
V15R,0.7477,pathogenic
V15S,0.7679,pathogenic
V15T,0.4494,ambiguous
V15W,0.9365,pathogenic
V15Y,0.906,pathogenic
E16A,0.1768,benign
E16C,0.8647,pathogenic
E16D,0.188,benign
E16F,0.8096,pathogenic
E16G,0.2986,benign
E16H,0.5307,ambiguous
E16I,0.5107,ambiguous
E16K,0.2156,benign
E16L,0.4815,ambiguous
E16M,0.5279,ambiguous
E16N,0.3693,ambiguous
E16P,0.5729,pathogenic
E16Q,0.1863,benign
E16R,0.3146,benign
E16S,0.2917,benign
E16T,0.3103,benign
E16V,0.2763,benign
E16W,0.9013,pathogenic
E16Y,0.7126,pathogenic
V17A,0.3391,benign
V17C,0.9027,pathogenic
V17D,0.8548,pathogenic
V17E,0.7568,pathogenic
V17F,0.4634,ambiguous
V17G,0.4145,ambiguous
V17H,0.9518,pathogenic
V17I,0.1239,benign
V17K,0.8495,pathogenic
V17L,0.3518,ambiguous
V17M,0.2978,benign
V17N,0.8537,pathogenic
V17P,0.9095,pathogenic
V17Q,0.8472,pathogenic
V17R,0.8218,pathogenic
V17S,0.6943,pathogenic
V17T,0.3974,ambiguous
V17W,0.9364,pathogenic
V17Y,0.8918,pathogenic
D18A,0.1214,benign
D18C,0.4145,ambiguous
D18E,0.1749,benign
D18F,0.5156,ambiguous
D18G,0.1123,benign
D18H,0.1832,benign
D18I,0.3443,ambiguous
D18K,0.2777,benign
D18L,0.3154,benign
D18M,0.5546,ambiguous
D18N,0.0807,benign
D18P,0.4345,ambiguous
D18Q,0.2366,benign
D18R,0.2333,benign
D18S,0.0937,benign
D18T,0.1938,benign
D18V,0.2155,benign
D18W,0.79,pathogenic
D18Y,0.2166,benign
S19A,0.0624,benign
S19C,0.0916,benign
S19D,0.2039,benign
S19E,0.2272,benign
S19F,0.1754,benign
S19G,0.0662,benign
S19H,0.2041,benign
S19I,0.1492,benign
S19K,0.2899,benign
S19L,0.0995,benign
S19M,0.1774,benign
S19N,0.1123,benign
S19P,0.0913,benign
S19Q,0.2558,benign
S19R,0.2042,benign
S19T,0.0765,benign
S19V,0.1456,benign
S19W,0.1748,benign
S19Y,0.152,benign
D20A,0.0929,benign
D20C,0.3419,ambiguous
D20E,0.1257,benign
D20F,0.3942,ambiguous
D20G,0.0914,benign
D20H,0.1315,benign
D20I,0.3063,benign
D20K,0.1929,benign
D20L,0.2525,benign
D20M,0.4449,ambiguous
D20N,0.0763,benign
D20P,0.4457,ambiguous
D20Q,0.1696,benign
D20R,0.1691,benign
D20S,0.0826,benign
D20T,0.1425,benign
D20V,0.1722,benign
D20W,0.7117,pathogenic
D20Y,0.1639,benign
T21A,0.086,benign
T21C,0.4637,ambiguous
T21D,0.4453,ambiguous
T21E,0.4864,ambiguous
T21F,0.3705,ambiguous
T21G,0.3585,ambiguous
T21H,0.3663,ambiguous
T21I,0.3316,benign
T21K,0.3904,ambiguous
T21L,0.1857,benign
T21M,0.1362,benign
T21N,0.2482,benign
T21P,0.458,ambiguous
T21Q,0.3853,ambiguous
T21R,0.2658,benign
T21S,0.1394,benign
T21V,0.2275,benign
T21W,0.652,pathogenic
T21Y,0.409,ambiguous
S22A,0.1608,benign
S22C,0.1905,benign
S22D,0.4949,ambiguous
S22E,0.7809,pathogenic
S22F,0.6533,pathogenic
S22G,0.139,benign
S22H,0.5941,pathogenic
S22I,0.6414,pathogenic
S22K,0.8487,pathogenic
S22L,0.2917,benign
S22M,0.526,ambiguous
S22N,0.2461,benign
S22P,0.3368,benign
S22Q,0.7607,pathogenic
S22R,0.728,pathogenic
S22T,0.1063,benign
S22V,0.5367,ambiguous
S22W,0.6151,pathogenic
S22Y,0.4996,ambiguous
I23A,0.9081,pathogenic
I23C,0.9515,pathogenic
I23D,0.9968,pathogenic
I23E,0.9959,pathogenic
I23F,0.7184,pathogenic
I23G,0.9888,pathogenic
I23H,0.9906,pathogenic
I23K,0.9929,pathogenic
I23L,0.4032,ambiguous
I23M,0.5335,ambiguous
I23N,0.9648,pathogenic
I23P,0.9602,pathogenic
I23Q,0.9929,pathogenic
I23R,0.9828,pathogenic
I23S,0.9329,pathogenic
I23T,0.9139,pathogenic
I23V,0.1037,benign
I23W,0.9903,pathogenic
I23Y,0.9682,pathogenic
F24A,0.166,benign
F24C,0.158,benign
F24D,0.4076,ambiguous
F24E,0.4353,ambiguous
F24G,0.3269,benign
F24H,0.2701,benign
F24I,0.1259,benign
F24K,0.4853,ambiguous
F24L,0.4227,ambiguous
F24M,0.3335,benign
F24N,0.3222,benign
F24P,0.7926,pathogenic
F24Q,0.3393,benign
F24R,0.2692,benign
F24S,0.113,benign
F24T,0.2203,benign
F24V,0.1223,benign
F24W,0.3038,benign
F24Y,0.1182,benign
Q25A,0.2636,benign
Q25C,0.5788,pathogenic
Q25D,0.3725,ambiguous
Q25E,0.0893,benign
Q25F,0.7104,pathogenic
Q25G,0.2892,benign
Q25H,0.2055,benign
Q25I,0.5312,ambiguous
Q25K,0.128,benign
Q25L,0.1605,benign
Q25M,0.4845,ambiguous
Q25N,0.4015,ambiguous
Q25P,0.3856,ambiguous
Q25R,0.094,benign
Q25S,0.3142,benign
Q25T,0.2894,benign
Q25V,0.3673,ambiguous
Q25W,0.4371,ambiguous
Q25Y,0.4802,ambiguous
L26A,0.9561,pathogenic
L26C,0.9392,pathogenic
L26D,0.9975,pathogenic
L26E,0.9819,pathogenic
L26F,0.6428,pathogenic
L26G,0.987,pathogenic
L26H,0.9785,pathogenic
L26I,0.2104,benign
L26K,0.9757,pathogenic
L26M,0.3291,benign
L26N,0.9937,pathogenic
L26P,0.9868,pathogenic
L26Q,0.9521,pathogenic
L26R,0.9461,pathogenic
L26S,0.9926,pathogenic
L26T,0.9657,pathogenic
L26V,0.2476,benign
L26W,0.8636,pathogenic
L26Y,0.9475,pathogenic
K27A,0.9489,pathogenic
K27C,0.9832,pathogenic
K27D,0.9968,pathogenic
K27E,0.909,pathogenic
K27F,0.9986,pathogenic
K27G,0.9764,pathogenic
K27H,0.9725,pathogenic
K27I,0.969,pathogenic
K27L,0.9381,pathogenic
K27M,0.8765,pathogenic
K27N,0.9921,pathogenic
K27P,0.993,pathogenic
K27Q,0.7605,pathogenic
K27R,0.314,benign
K27S,0.9834,pathogenic
K27T,0.8907,pathogenic
K27V,0.9511,pathogenic
K27W,0.996,pathogenic
K27Y,0.9927,pathogenic
E28A,0.1636,benign
E28C,0.901,pathogenic
E28D,0.2613,benign
E28F,0.9055,pathogenic
E28G,0.2328,benign
E28H,0.5903,pathogenic
E28I,0.6507,pathogenic
E28K,0.1878,benign
E28L,0.5323,ambiguous
E28M,0.5476,ambiguous
E28N,0.3841,ambiguous
E28P,0.9708,pathogenic
E28Q,0.1574,benign
E28R,0.2829,benign
E28S,0.3057,benign
E28T,0.3181,benign
E28V,0.3491,ambiguous
E28W,0.9373,pathogenic
E28Y,0.7678,pathogenic
V29A,0.0631,benign
V29C,0.6328,pathogenic
V29D,0.1542,benign
V29E,0.101,benign
V29F,0.1458,benign
V29G,0.1446,benign
V29H,0.335,benign
V29I,0.0931,benign
V29K,0.1782,benign
V29L,0.1653,benign
V29M,0.1,benign
V29N,0.1714,benign
V29P,0.7468,pathogenic
V29Q,0.1615,benign
V29R,0.1605,benign
V29S,0.1265,benign
V29T,0.0948,benign
V29W,0.5688,pathogenic
V29Y,0.3983,ambiguous
V30A,0.4125,ambiguous
V30C,0.9652,pathogenic
V30D,0.9899,pathogenic
V30E,0.9528,pathogenic
V30F,0.7965,pathogenic
V30G,0.7824,pathogenic
V30H,0.9914,pathogenic
V30I,0.1677,benign
V30K,0.9821,pathogenic
V30L,0.7673,pathogenic
V30M,0.6803,pathogenic
V30N,0.9836,pathogenic
V30P,0.9685,pathogenic
V30Q,0.964,pathogenic
V30R,0.9595,pathogenic
V30S,0.8404,pathogenic
V30T,0.5762,pathogenic
V30W,0.9928,pathogenic
V30Y,0.9844,pathogenic
A31C,0.8955,pathogenic
A31D,0.976,pathogenic
A31E,0.9143,pathogenic
A31F,0.946,pathogenic
A31G,0.1504,benign
A31H,0.9715,pathogenic
A31I,0.9738,pathogenic
A31K,0.9755,pathogenic
A31L,0.875,pathogenic
A31M,0.9157,pathogenic
A31N,0.959,pathogenic
A31P,0.9777,pathogenic
A31Q,0.885,pathogenic
A31R,0.9081,pathogenic
A31S,0.21,benign
A31T,0.7497,pathogenic
A31V,0.8635,pathogenic
A31W,0.9831,pathogenic
A31Y,0.967,pathogenic
K32A,0.2051,benign
K32C,0.5659,pathogenic
K32D,0.427,ambiguous
K32E,0.1033,benign
K32F,0.6894,pathogenic
K32G,0.2148,benign
K32H,0.2749,benign
K32I,0.3611,ambiguous
K32L,0.255,benign
K32M,0.2076,benign
K32N,0.3069,benign
K32P,0.6244,pathogenic
K32Q,0.0869,benign
K32R,0.0684,benign
K32S,0.2493,benign
K32T,0.1597,benign
K32V,0.2835,benign
K32W,0.6152,pathogenic
K32Y,0.5593,ambiguous
R33A,0.3139,benign
R33C,0.1517,benign
R33D,0.578,pathogenic
R33E,0.2215,benign
R33F,0.4801,ambiguous
R33G,0.2179,benign
R33H,0.0997,benign
R33I,0.2258,benign
R33K,0.1085,benign
R33L,0.1665,benign
R33M,0.2307,benign
R33N,0.4694,ambiguous
R33P,0.7509,pathogenic
R33Q,0.071,benign
R33S,0.3778,ambiguous
R33T,0.2226,benign
R33V,0.3008,benign
R33W,0.1286,benign
R33Y,0.2852,benign
Q34A,0.3902,ambiguous
Q34C,0.7621,pathogenic
Q34D,0.8284,pathogenic
Q34E,0.1382,benign
Q34F,0.8332,pathogenic
Q34G,0.5189,ambiguous
Q34H,0.4405,ambiguous
Q34I,0.6043,pathogenic
Q34K,0.1962,benign
Q34L,0.2584,benign
Q34M,0.5045,ambiguous
Q34N,0.6421,pathogenic
Q34P,0.718,pathogenic
Q34R,0.1743,benign
Q34S,0.5784,pathogenic
Q34T,0.4722,ambiguous
Q34V,0.4284,ambiguous
Q34W,0.6737,pathogenic
Q34Y,0.7071,pathogenic
G35A,0.2693,benign
G35C,0.4348,ambiguous
G35D,0.2365,benign
G35E,0.311,benign
G35F,0.8457,pathogenic
G35H,0.5265,ambiguous
G35I,0.7469,pathogenic
G35K,0.5368,ambiguous
G35L,0.7259,pathogenic
G35M,0.7308,pathogenic
G35N,0.3595,ambiguous
G35P,0.9609,pathogenic
G35Q,0.4188,ambiguous
G35R,0.4181,ambiguous
G35S,0.2027,benign
G35T,0.5172,ambiguous
G35V,0.5579,ambiguous
G35W,0.6683,pathogenic
G35Y,0.6731,pathogenic
V36A,0.254,benign
V36C,0.6962,pathogenic
V36D,0.5638,ambiguous
V36E,0.4191,ambiguous
V36F,0.1409,benign
V36G,0.296,benign
V36H,0.6416,pathogenic
V36I,0.077,benign
V36K,0.4467,ambiguous
V36L,0.1957,benign
V36M,0.1526,benign
V36N,0.4729,ambiguous
V36P,0.9129,pathogenic
V36Q,0.4095,ambiguous
V36R,0.389,ambiguous
V36S,0.3534,ambiguous
V36T,0.3383,benign
V36W,0.7615,pathogenic
V36Y,0.5713,pathogenic
P37A,0.0717,benign
P37C,0.3663,ambiguous
P37D,0.3089,benign
P37E,0.2044,benign
P37F,0.3771,ambiguous
P37G,0.2979,benign
P37H,0.1533,benign
P37I,0.3174,benign
P37K,0.2284,benign
P37L,0.0955,benign
P37M,0.2675,benign
P37N,0.3049,benign
P37Q,0.1226,benign
P37R,0.1166,benign
P37S,0.1097,benign
P37T,0.1045,benign
P37V,0.2004,benign
P37W,0.4417,ambiguous
P37Y,0.3699,ambiguous
A38C,0.547,ambiguous
A38D,0.3979,ambiguous
A38E,0.2869,benign
A38F,0.4704,ambiguous
A38G,0.18,benign
A38H,0.5592,ambiguous
A38I,0.2669,benign
A38K,0.472,ambiguous
A38L,0.26,benign
A38M,0.2949,benign
A38N,0.4171,ambiguous
A38P,0.14,benign
A38Q,0.4003,ambiguous
A38R,0.3911,ambiguous
A38S,0.1133,benign
A38T,0.1064,benign
A38V,0.1176,benign
A38W,0.7645,pathogenic
A38Y,0.6081,pathogenic
D39A,0.1341,benign
D39C,0.4361,ambiguous
D39E,0.1256,benign
D39F,0.4892,ambiguous
D39G,0.1068,benign
D39H,0.1575,benign
D39I,0.3661,ambiguous
D39K,0.2418,benign
D39L,0.3127,benign
D39M,0.5622,ambiguous
D39N,0.0947,benign
D39P,0.4608,ambiguous
D39Q,0.2061,benign
D39R,0.2207,benign
D39S,0.0982,benign
D39T,0.2234,benign
D39V,0.2137,benign
D39W,0.7029,pathogenic
D39Y,0.1873,benign
Q40A,0.2659,benign
Q40C,0.5402,ambiguous
Q40D,0.2872,benign
Q40E,0.081,benign
Q40F,0.7023,pathogenic
Q40G,0.2758,benign
Q40H,0.2165,benign
Q40I,0.4891,ambiguous
Q40K,0.1153,benign
Q40L,0.1842,benign
Q40M,0.4226,ambiguous
Q40N,0.2997,benign
Q40P,0.5171,ambiguous
Q40R,0.0938,benign
Q40S,0.2822,benign
Q40T,0.2586,benign
Q40V,0.3389,benign
Q40W,0.4692,ambiguous
Q40Y,0.461,ambiguous
L41A,0.9109,pathogenic
L41C,0.8984,pathogenic
L41D,0.9959,pathogenic
L41E,0.9708,pathogenic
L41F,0.6684,pathogenic
L41G,0.9717,pathogenic
L41H,0.9581,pathogenic
L41I,0.2694,benign
L41K,0.9637,pathogenic
L41M,0.3277,benign
L41N,0.9818,pathogenic
L41P,0.9755,pathogenic
L41Q,0.8911,pathogenic
L41R,0.9222,pathogenic
L41S,0.9757,pathogenic
L41T,0.9235,pathogenic
L41V,0.28,benign
L41W,0.8599,pathogenic
L41Y,0.9203,pathogenic
R42A,0.4114,ambiguous
R42C,0.1038,benign
R42D,0.6637,pathogenic
R42E,0.4338,ambiguous
R42F,0.5036,ambiguous
R42G,0.3459,ambiguous
R42H,0.0784,benign
R42I,0.4145,ambiguous
R42K,0.1965,benign
R42L,0.254,benign
R42M,0.4722,ambiguous
R42N,0.5244,ambiguous
R42P,0.9261,pathogenic
R42Q,0.1089,benign
R42S,0.4197,ambiguous
R42T,0.3293,benign
R42V,0.4018,ambiguous
R42W,0.1963,benign
R42Y,0.2893,benign
V43A,0.7952,pathogenic
V43C,0.9368,pathogenic
V43D,0.99,pathogenic
V43E,0.977,pathogenic
V43F,0.8011,pathogenic
V43G,0.817,pathogenic
V43H,0.9942,pathogenic
V43I,0.1535,benign
V43K,0.9893,pathogenic
V43L,0.6228,pathogenic
V43M,0.6855,pathogenic
V43N,0.9794,pathogenic
V43P,0.9832,pathogenic
V43Q,0.9805,pathogenic
V43R,0.9788,pathogenic
V43S,0.944,pathogenic
V43T,0.9117,pathogenic
V43W,0.9943,pathogenic
V43Y,0.9789,pathogenic
I44A,0.9691,pathogenic
I44C,0.9801,pathogenic
I44D,0.9949,pathogenic
I44E,0.9932,pathogenic
I44F,0.6515,pathogenic
I44G,0.9939,pathogenic
I44H,0.9693,pathogenic
I44K,0.9802,pathogenic
I44L,0.3522,ambiguous
I44M,0.5599,ambiguous
I44N,0.9457,pathogenic
I44P,0.9911,pathogenic
I44Q,0.9777,pathogenic
I44R,0.9431,pathogenic
I44S,0.9533,pathogenic
I44T,0.9552,pathogenic
I44V,0.4847,ambiguous
I44W,0.9708,pathogenic
I44Y,0.9152,pathogenic
F45A,0.9762,pathogenic
F45C,0.9296,pathogenic
F45D,0.9975,pathogenic
F45E,0.9972,pathogenic
F45G,0.9928,pathogenic
F45H,0.9663,pathogenic
F45I,0.8992,pathogenic
F45K,0.995,pathogenic
F45L,0.9813,pathogenic
F45M,0.9544,pathogenic
F45N,0.9943,pathogenic
F45P,0.9994,pathogenic
F45Q,0.9924,pathogenic
F45R,0.9765,pathogenic
F45S,0.9773,pathogenic
F45T,0.9863,pathogenic
F45V,0.8691,pathogenic
F45W,0.8671,pathogenic
F45Y,0.7048,pathogenic
A46C,0.6721,pathogenic
A46D,0.9535,pathogenic
A46E,0.9382,pathogenic
A46F,0.8206,pathogenic
A46G,0.5317,ambiguous
A46H,0.8884,pathogenic
A46I,0.9413,pathogenic
A46K,0.9621,pathogenic
A46L,0.6108,pathogenic
A46M,0.8236,pathogenic
A46N,0.9327,pathogenic
A46P,0.9639,pathogenic
A46Q,0.81,pathogenic
A46R,0.7901,pathogenic
A46S,0.3319,benign
A46T,0.7887,pathogenic
A46V,0.7939,pathogenic
A46W,0.9388,pathogenic
A46Y,0.8903,pathogenic
G47A,0.8483,pathogenic
G47C,0.9351,pathogenic
G47D,0.9675,pathogenic
G47E,0.9685,pathogenic
G47F,0.9925,pathogenic
G47H,0.9896,pathogenic
G47I,0.9921,pathogenic
G47K,0.986,pathogenic
G47L,0.9844,pathogenic
G47M,0.9898,pathogenic
G47N,0.9768,pathogenic
G47P,0.9972,pathogenic
G47Q,0.9693,pathogenic
G47R,0.9433,pathogenic
G47S,0.7589,pathogenic
G47T,0.9582,pathogenic
G47V,0.9762,pathogenic
G47W,0.967,pathogenic
G47Y,0.9887,pathogenic
K48A,0.6715,pathogenic
K48C,0.8342,pathogenic
K48D,0.8882,pathogenic
K48E,0.3405,ambiguous
K48F,0.9127,pathogenic
K48G,0.7906,pathogenic
K48H,0.4801,ambiguous
K48I,0.6193,pathogenic
K48L,0.6412,pathogenic
K48M,0.4181,ambiguous
K48N,0.7211,pathogenic
K48P,0.9809,pathogenic
K48Q,0.2083,benign
K48R,0.0818,benign
K48S,0.7281,pathogenic
K48T,0.3369,benign
K48V,0.5331,ambiguous
K48W,0.867,pathogenic
K48Y,0.8299,pathogenic
E49A,0.3684,ambiguous
E49C,0.9534,pathogenic
E49D,0.5144,ambiguous
E49F,0.9512,pathogenic
E49G,0.5894,pathogenic
E49H,0.8694,pathogenic
E49I,0.694,pathogenic
E49K,0.6332,pathogenic
E49L,0.7758,pathogenic
E49M,0.7634,pathogenic
E49N,0.7584,pathogenic
E49P,0.7613,pathogenic
E49Q,0.3778,ambiguous
E49R,0.7201,pathogenic
E49S,0.5952,pathogenic
E49T,0.5918,pathogenic
E49V,0.4344,ambiguous
E49W,0.9786,pathogenic
E49Y,0.9059,pathogenic
L50A,0.9405,pathogenic
L50C,0.9544,pathogenic
L50D,0.9972,pathogenic
L50E,0.9808,pathogenic
L50F,0.771,pathogenic
L50G,0.9759,pathogenic
L50H,0.9696,pathogenic
L50I,0.4379,ambiguous
L50K,0.9623,pathogenic
L50M,0.4793,ambiguous
L50N,0.9898,pathogenic
L50P,0.9759,pathogenic
L50Q,0.9414,pathogenic
L50R,0.9236,pathogenic
L50S,0.9897,pathogenic
L50T,0.968,pathogenic
L50V,0.5221,ambiguous
L50W,0.8818,pathogenic
L50Y,0.9437,pathogenic
R51A,0.1828,benign
R51C,0.1123,benign
R51D,0.3008,benign
R51E,0.1766,benign
R51F,0.3616,ambiguous
R51G,0.0957,benign
R51H,0.0905,benign
R51I,0.262,benign
R51K,0.0987,benign
R51L,0.1344,benign
R51M,0.2186,benign
R51N,0.2813,benign
R51P,0.17,benign
R51Q,0.0724,benign
R51S,0.1931,benign
R51T,0.1553,benign
R51V,0.2639,benign
R51W,0.1103,benign
R51Y,0.2453,benign
N52A,0.4836,ambiguous
N52C,0.6123,pathogenic
N52D,0.0752,benign
N52E,0.4762,ambiguous
N52F,0.9268,pathogenic
N52G,0.4165,ambiguous
N52H,0.2604,benign
N52I,0.7244,pathogenic
N52K,0.6343,pathogenic
N52L,0.6851,pathogenic
N52M,0.7094,pathogenic
N52P,0.6427,pathogenic
N52Q,0.617,pathogenic
N52R,0.6807,pathogenic
N52S,0.1117,benign
N52T,0.311,benign
N52V,0.6981,pathogenic
N52W,0.9115,pathogenic
N52Y,0.5021,ambiguous
D53A,0.1904,benign
D53C,0.5374,ambiguous
D53E,0.1626,benign
D53F,0.5831,pathogenic
D53G,0.1394,benign
D53H,0.2249,benign
D53I,0.4222,ambiguous
D53K,0.4104,ambiguous
D53L,0.4352,ambiguous
D53M,0.6834,pathogenic
D53N,0.1111,benign
D53P,0.6832,pathogenic
D53Q,0.3091,benign
D53R,0.3387,benign
D53S,0.1261,benign
D53T,0.25,benign
D53V,0.2669,benign
D53W,0.8336,pathogenic
D53Y,0.2595,benign
W54A,0.1244,benign
W54C,0.202,benign
W54D,0.3404,ambiguous
W54E,0.2584,benign
W54F,0.1282,benign
W54G,0.1158,benign
W54H,0.2799,benign
W54I,0.1606,benign
W54K,0.3017,benign
W54L,0.0639,benign
W54M,0.1332,benign
W54N,0.3566,ambiguous
W54P,0.8203,pathogenic
W54Q,0.2121,benign
W54R,0.2223,benign
W54S,0.1086,benign
W54T,0.1313,benign
W54V,0.1053,benign
W54Y,0.2461,benign
T55A,0.1254,benign
T55C,0.5012,ambiguous
T55D,0.492,ambiguous
T55E,0.326,benign
T55F,0.3827,ambiguous
T55G,0.3708,ambiguous
T55H,0.2821,benign
T55I,0.2274,benign
T55K,0.1441,benign
T55L,0.1227,benign
T55M,0.0824,benign
T55N,0.1689,benign
T55P,0.1782,benign
T55Q,0.1972,benign
T55R,0.116,benign
T55S,0.1732,benign
T55V,0.1812,benign
T55W,0.6255,pathogenic
T55Y,0.435,ambiguous
V56A,0.4863,ambiguous
V56C,0.8929,pathogenic
V56D,0.9539,pathogenic
V56E,0.8678,pathogenic
V56F,0.3912,ambiguous
V56G,0.6113,pathogenic
V56H,0.9546,pathogenic
V56I,0.0909,benign
V56K,0.8686,pathogenic
V56L,0.1472,benign
V56M,0.2407,benign
V56N,0.9114,pathogenic
V56P,0.8306,pathogenic
V56Q,0.8497,pathogenic
V56R,0.8152,pathogenic
V56S,0.7797,pathogenic
V56T,0.6411,pathogenic
V56W,0.926,pathogenic
V56Y,0.8969,pathogenic
Q57A,0.2301,benign
Q57C,0.6514,pathogenic
Q57D,0.4506,ambiguous
Q57E,0.0939,benign
Q57F,0.8125,pathogenic
Q57G,0.2122,benign
Q57H,0.328,benign
Q57I,0.5965,pathogenic
Q57K,0.0843,benign
Q57L,0.2387,benign
Q57M,0.4561,ambiguous
Q57N,0.3999,ambiguous
Q57P,0.2737,benign
Q57R,0.0864,benign
Q57S,0.296,benign
Q57T,0.2753,benign
Q57V,0.3986,ambiguous
Q57W,0.4702,ambiguous
Q57Y,0.6001,pathogenic
N58A,0.1532,benign
N58C,0.2094,benign
N58D,0.1064,benign
N58E,0.2517,benign
N58F,0.4892,ambiguous
N58G,0.1639,benign
N58H,0.0919,benign
N58I,0.2209,benign
N58K,0.1827,benign
N58L,0.2288,benign
N58M,0.275,benign
N58P,0.613,pathogenic
N58Q,0.213,benign
N58R,0.1936,benign
N58S,0.0714,benign
N58T,0.1132,benign
N58V,0.2269,benign
N58W,0.5834,pathogenic
N58Y,0.1545,benign
C59A,0.6079,pathogenic
C59D,0.9268,pathogenic
C59E,0.959,pathogenic
C59F,0.5241,ambiguous
C59G,0.3487,ambiguous
C59H,0.8517,pathogenic
C59I,0.7602,pathogenic
C59K,0.966,pathogenic
C59L,0.7025,pathogenic
C59M,0.8377,pathogenic
C59N,0.8576,pathogenic
C59P,0.9601,pathogenic
C59Q,0.9071,pathogenic
C59R,0.7639,pathogenic
C59S,0.5167,ambiguous
C59T,0.7034,pathogenic
C59V,0.6533,pathogenic
C59W,0.7038,pathogenic
C59Y,0.6119,pathogenic
D60A,0.4191,ambiguous
D60C,0.7768,pathogenic
D60E,0.4495,ambiguous
D60F,0.7782,pathogenic
D60G,0.3714,ambiguous
D60H,0.4932,ambiguous
D60I,0.7161,pathogenic
D60K,0.7512,pathogenic
D60L,0.667,pathogenic
D60M,0.8855,pathogenic
D60N,0.2224,benign
D60P,0.8443,pathogenic
D60Q,0.6284,pathogenic
D60R,0.6516,pathogenic
D60S,0.271,benign
D60T,0.6156,pathogenic
D60V,0.5278,ambiguous
D60W,0.9432,pathogenic
D60Y,0.429,ambiguous
L61A,0.8462,pathogenic
L61C,0.8993,pathogenic
L61D,0.9914,pathogenic
L61E,0.9636,pathogenic
L61F,0.4841,ambiguous
L61G,0.9643,pathogenic
L61H,0.9376,pathogenic
L61I,0.1441,benign
L61K,0.9467,pathogenic
L61M,0.2567,benign
L61N,0.9791,pathogenic
L61P,0.9237,pathogenic
L61Q,0.9077,pathogenic
L61R,0.874,pathogenic
L61S,0.9585,pathogenic
L61T,0.7982,pathogenic
L61V,0.1768,benign
L61W,0.7669,pathogenic
L61Y,0.9361,pathogenic
D62A,0.1151,benign
D62C,0.4392,ambiguous
D62E,0.1254,benign
D62F,0.4481,ambiguous
D62G,0.1021,benign
D62H,0.187,benign
D62I,0.3124,benign
D62K,0.2734,benign
D62L,0.24,benign
D62M,0.509,ambiguous
D62N,0.1139,benign
D62P,0.2378,benign
D62Q,0.2073,benign
D62R,0.2521,benign
D62S,0.1032,benign
D62T,0.2166,benign
D62V,0.1731,benign
D62W,0.7175,pathogenic
D62Y,0.189,benign
Q63A,0.2923,benign
Q63C,0.7333,pathogenic
Q63D,0.387,ambiguous
Q63E,0.0808,benign
Q63F,0.8099,pathogenic
Q63G,0.3073,benign
Q63H,0.3172,benign
Q63I,0.5953,pathogenic
Q63K,0.1482,benign
Q63L,0.2518,benign
Q63M,0.5184,ambiguous
Q63N,0.3776,ambiguous
Q63P,0.1697,benign
Q63R,0.1326,benign
Q63S,0.3126,benign
Q63T,0.3138,benign
Q63V,0.4209,ambiguous
Q63W,0.6056,pathogenic
Q63Y,0.613,pathogenic
Q64A,0.3724,ambiguous
Q64C,0.8224,pathogenic
Q64D,0.5338,ambiguous
Q64E,0.1258,benign
Q64F,0.8278,pathogenic
Q64G,0.3216,benign
Q64H,0.3937,ambiguous
Q64I,0.7698,pathogenic
Q64K,0.1867,benign
Q64L,0.2875,benign
Q64M,0.5455,ambiguous
Q64N,0.3741,ambiguous
Q64P,0.4128,ambiguous
Q64R,0.183,benign
Q64S,0.4222,ambiguous
Q64T,0.4439,ambiguous
Q64V,0.5745,pathogenic
Q64W,0.7268,pathogenic
Q64Y,0.6124,pathogenic
S65A,0.3415,ambiguous
S65C,0.5443,ambiguous
S65D,0.9137,pathogenic
S65E,0.9534,pathogenic
S65F,0.9317,pathogenic
S65G,0.4617,ambiguous
S65H,0.9191,pathogenic
S65I,0.9257,pathogenic
S65K,0.9873,pathogenic
S65L,0.7524,pathogenic
S65M,0.7808,pathogenic
S65N,0.8041,pathogenic
S65P,0.9749,pathogenic
S65Q,0.9438,pathogenic
S65R,0.9811,pathogenic
S65T,0.2961,benign
S65V,0.8587,pathogenic
S65W,0.8925,pathogenic
S65Y,0.8524,pathogenic
I66A,0.5834,pathogenic
I66C,0.9105,pathogenic
I66D,0.9652,pathogenic
I66E,0.9213,pathogenic
I66F,0.419,ambiguous
I66G,0.9361,pathogenic
I66H,0.8782,pathogenic
I66K,0.8489,pathogenic
I66L,0.2844,benign
I66M,0.1855,benign
I66N,0.764,pathogenic
I66P,0.93,pathogenic
I66Q,0.8722,pathogenic
I66R,0.7555,pathogenic
I66S,0.6479,pathogenic
I66T,0.2227,benign
I66V,0.095,benign
I66W,0.8931,pathogenic
I66Y,0.8461,pathogenic
V67A,0.8435,pathogenic
V67C,0.944,pathogenic
V67D,0.9959,pathogenic
V67E,0.9865,pathogenic
V67F,0.679,pathogenic
V67G,0.9394,pathogenic
V67H,0.9933,pathogenic
V67I,0.0857,benign
V67K,0.9883,pathogenic
V67L,0.3629,ambiguous
V67M,0.5847,pathogenic
V67N,0.989,pathogenic
V67P,0.9839,pathogenic
V67Q,0.98,pathogenic
V67R,0.9723,pathogenic
V67S,0.9604,pathogenic
V67T,0.8961,pathogenic
V67W,0.989,pathogenic
V67Y,0.975,pathogenic
H68A,0.9864,pathogenic
H68C,0.8542,pathogenic
H68D,0.9813,pathogenic
H68E,0.9885,pathogenic
H68F,0.8935,pathogenic
H68G,0.9907,pathogenic
H68I,0.9788,pathogenic
H68K,0.986,pathogenic
H68L,0.8742,pathogenic
H68M,0.9796,pathogenic
H68N,0.862,pathogenic
H68P,0.9515,pathogenic
H68Q,0.9655,pathogenic
H68R,0.9303,pathogenic
H68S,0.9655,pathogenic
H68T,0.985,pathogenic
H68V,0.972,pathogenic
H68W,0.8528,pathogenic
H68Y,0.6875,pathogenic
I69A,0.5227,ambiguous
I69C,0.8545,pathogenic
I69D,0.9899,pathogenic
I69E,0.9789,pathogenic
I69F,0.571,pathogenic
I69G,0.9389,pathogenic
I69H,0.9764,pathogenic
I69K,0.9734,pathogenic
I69L,0.2798,benign
I69M,0.2056,benign
I69N,0.9413,pathogenic
I69P,0.9771,pathogenic
I69Q,0.9675,pathogenic
I69R,0.9493,pathogenic
I69S,0.7976,pathogenic
I69T,0.5174,ambiguous
I69V,0.0618,benign
I69W,0.9773,pathogenic
I69Y,0.9447,pathogenic
V70A,0.7657,pathogenic
V70C,0.9387,pathogenic
V70D,0.9682,pathogenic
V70E,0.8947,pathogenic
V70F,0.5565,ambiguous
V70G,0.8121,pathogenic
V70H,0.9493,pathogenic
V70I,0.1276,benign
V70K,0.906,pathogenic
V70L,0.6174,pathogenic
V70M,0.5992,pathogenic
V70N,0.9419,pathogenic
V70P,0.967,pathogenic
V70Q,0.8379,pathogenic
V70R,0.7817,pathogenic
V70S,0.819,pathogenic
V70T,0.7231,pathogenic
V70W,0.9713,pathogenic
V70Y,0.9355,pathogenic
Q71A,0.2365,benign
Q71C,0.4566,ambiguous
Q71D,0.5449,ambiguous
Q71E,0.0944,benign
Q71F,0.6159,pathogenic
Q71G,0.2725,benign
Q71H,0.2413,benign
Q71I,0.3271,benign
Q71K,0.1028,benign
Q71L,0.0836,benign
Q71M,0.2961,benign
Q71N,0.4343,ambiguous
Q71P,0.1426,benign
Q71R,0.0925,benign
Q71S,0.3149,benign
Q71T,0.254,benign
Q71V,0.2084,benign
Q71W,0.3606,ambiguous
Q71Y,0.4421,ambiguous
R72A,0.1854,benign
R72C,0.1235,benign
R72D,0.3522,ambiguous
R72E,0.1733,benign
R72F,0.3126,benign
R72G,0.1094,benign
R72H,0.0905,benign
R72I,0.1437,benign
R72K,0.0835,benign
R72L,0.1362,benign
R72M,0.1474,benign
R72N,0.275,benign
R72P,0.2365,benign
R72Q,0.0794,benign
R72S,0.1962,benign
R72T,0.12,benign
R72V,0.1923,benign
R72W,0.1228,benign
R72Y,0.2209,benign
P73A,0.0886,benign
P73C,0.3122,benign
P73D,0.2711,benign
P73E,0.1889,benign
P73F,0.3243,benign
P73G,0.2065,benign
P73H,0.1294,benign
P73I,0.2413,benign
P73K,0.212,benign
P73L,0.1026,benign
P73M,0.2745,benign
P73N,0.2259,benign
P73Q,0.1145,benign
P73R,0.1125,benign
P73S,0.1019,benign
P73T,0.0957,benign
P73V,0.1769,benign
P73W,0.3556,ambiguous
P73Y,0.3008,benign
W74A,0.0818,benign
W74C,0.1557,benign
W74D,0.1324,benign
W74E,0.0922,benign
W74F,0.1357,benign
W74G,0.0495,benign
W74H,0.129,benign
W74I,0.1478,benign
W74K,0.1012,benign
W74L,0.0898,benign
W74M,0.1713,benign
W74N,0.1495,benign
W74P,0.1374,benign
W74Q,0.0797,benign
W74R,0.0743,benign
W74S,0.0736,benign
W74T,0.0919,benign
W74V,0.0997,benign
W74Y,0.1626,benign
R75A,0.1369,benign
R75C,0.1572,benign
R75D,0.2375,benign
R75E,0.1196,benign
R75F,0.2937,benign
R75G,0.0773,benign
R75H,0.107,benign
R75I,0.1349,benign
R75K,0.0721,benign
R75L,0.1212,benign
R75M,0.1241,benign
R75N,0.2081,benign
R75P,0.1677,benign
R75Q,0.0749,benign
R75S,0.1568,benign
R75T,0.1016,benign
R75V,0.1561,benign
R75W,0.1219,benign
R75Y,0.2362,benign
K76A,0.1153,benign
K76C,0.4038,ambiguous
K76D,0.1693,benign
K76E,0.0698,benign
K76F,0.4087,ambiguous
K76G,0.1274,benign
K76H,0.1711,benign
K76I,0.1854,benign
K76L,0.156,benign
K76M,0.1314,benign
K76N,0.1308,benign
K76P,0.159,benign
K76Q,0.0849,benign
K76R,0.0667,benign
K76S,0.1346,benign
K76T,0.0902,benign
K76V,0.1623,benign
K76W,0.3991,ambiguous
K76Y,0.3083,benign
G77A,0.0787,benign
G77C,0.1026,benign
G77D,0.0681,benign
G77E,0.0744,benign
G77F,0.2111,benign
G77H,0.1266,benign
G77I,0.1121,benign
G77K,0.1354,benign
G77L,0.157,benign
G77M,0.1973,benign
G77N,0.1086,benign
G77P,0.1895,benign
G77Q,0.1156,benign
G77R,0.0962,benign
G77S,0.0744,benign
G77T,0.0861,benign
G77V,0.0801,benign
G77W,0.1454,benign
G77Y,0.1327,benign
Q78A,0.0887,benign
Q78C,0.2486,benign
Q78D,0.1336,benign
Q78E,0.0636,benign
Q78F,0.2868,benign
Q78G,0.0933,benign
Q78H,0.106,benign
Q78I,0.1703,benign
Q78K,0.069,benign
Q78L,0.077,benign
Q78M,0.1789,benign
Q78N,0.1475,benign
Q78P,0.0539,benign
Q78R,0.061,benign
Q78S,0.1021,benign
Q78T,0.0961,benign
Q78V,0.1167,benign
Q78W,0.1503,benign
Q78Y,0.1992,benign
E79A,0.0797,benign
E79C,0.4116,ambiguous
E79D,0.0824,benign
E79F,0.3394,benign
E79G,0.0631,benign
E79H,0.1698,benign
E79I,0.1784,benign
E79K,0.0772,benign
E79L,0.1524,benign
E79M,0.215,benign
E79N,0.1224,benign
E79P,0.1528,benign
E79Q,0.0824,benign
E79R,0.0963,benign
E79S,0.1093,benign
E79T,0.1114,benign
E79V,0.1047,benign
E79W,0.4264,ambiguous
E79Y,0.2419,benign
M80A,0.0899,benign
M80C,0.3313,benign
M80D,0.2006,benign
M80E,0.1041,benign
M80F,0.1782,benign
M80G,0.1174,benign
M80H,0.1614,benign
M80I,0.1166,benign
M80K,0.054,benign
M80L,0.0853,benign
M80N,0.1097,benign
M80P,0.1165,benign
M80Q,0.0828,benign
M80R,0.0488,benign
M80S,0.1149,benign
M80T,0.0613,benign
M80V,0.0683,benign
M80W,0.2172,benign
M80Y,0.2344,benign
N81A,0.0794,benign
N81C,0.1332,benign
N81D,0.0652,benign
N81E,0.103,benign
N81F,0.1975,benign
N81G,0.1078,benign
N81H,0.0693,benign
N81I,0.0921,benign
N81K,0.0929,benign
N81L,0.0984,benign
N81M,0.1451,benign
N81P,0.1207,benign
N81Q,0.1202,benign
N81R,0.0935,benign
N81S,0.0719,benign
N81T,0.0719,benign
N81V,0.092,benign
N81W,0.2957,benign
N81Y,0.0836,benign
A82C,0.211,benign
A82D,0.094,benign
A82E,0.0929,benign
A82F,0.1328,benign
A82G,0.0805,benign
A82H,0.1579,benign
A82I,0.1104,benign
A82K,0.1263,benign
A82L,0.0887,benign
A82M,0.1144,benign
A82N,0.1186,benign
A82P,0.0786,benign
A82Q,0.1236,benign
A82R,0.0997,benign
A82S,0.0796,benign
A82T,0.0643,benign
A82V,0.0757,benign
A82W,0.2423,benign
A82Y,0.1689,benign
T83A,0.0559,benign
T83C,0.2185,benign
T83D,0.1336,benign
T83E,0.1077,benign
T83F,0.128,benign
T83G,0.1012,benign
T83H,0.1209,benign
T83I,0.0977,benign
T83K,0.0892,benign
T83L,0.0774,benign
T83M,0.0844,benign
T83N,0.0905,benign
T83P,0.0607,benign
T83Q,0.1081,benign
T83R,0.0659,benign
T83S,0.0783,benign
T83V,0.088,benign
T83W,0.2217,benign
T83Y,0.1548,benign
G84A,0.0705,benign
G84C,0.1096,benign
G84D,0.082,benign
G84E,0.0737,benign
G84F,0.2034,benign
G84H,0.1269,benign
G84I,0.1238,benign
G84K,0.1029,benign
G84L,0.1394,benign
G84M,0.1834,benign
G84N,0.1422,benign
G84P,0.1803,benign
G84Q,0.0992,benign
G84R,0.0698,benign
G84S,0.0844,benign
G84T,0.0845,benign
G84V,0.0855,benign
G84W,0.1178,benign
G84Y,0.1588,benign
G85A,0.0842,benign
G85C,0.1135,benign
G85D,0.0811,benign
G85E,0.0715,benign
G85F,0.2158,benign
G85H,0.133,benign
G85I,0.1234,benign
G85K,0.1048,benign
G85L,0.1542,benign
G85M,0.1819,benign
G85N,0.1385,benign
G85P,0.2409,benign
G85Q,0.1001,benign
G85R,0.0757,benign
G85S,0.0865,benign
G85T,0.09,benign
G85V,0.0911,benign
G85W,0.1232,benign
G85Y,0.1561,benign
D86A,0.0637,benign
D86C,0.1411,benign
D86E,0.0847,benign
D86F,0.1543,benign
D86G,0.0587,benign
D86H,0.0761,benign
D86I,0.1107,benign
D86K,0.0968,benign
D86L,0.1057,benign
D86M,0.2079,benign
D86N,0.0675,benign
D86P,0.1472,benign
D86Q,0.1006,benign
D86R,0.0778,benign
D86S,0.0651,benign
D86T,0.0865,benign
D86V,0.0781,benign
D86W,0.2917,benign
D86Y,0.076,benign
D87A,0.0674,benign
D87C,0.1283,benign
D87E,0.0885,benign
D87F,0.145,benign
D87G,0.0682,benign
D87H,0.0689,benign
D87I,0.0912,benign
D87K,0.0924,benign
D87L,0.0911,benign
D87M,0.1863,benign
D87N,0.066,benign
D87P,0.1508,benign
D87Q,0.095,benign
D87R,0.0788,benign
D87S,0.064,benign
D87T,0.0843,benign
D87V,0.0724,benign
D87W,0.2996,benign
D87Y,0.0704,benign
P88A,0.063,benign
P88C,0.1551,benign
P88D,0.1322,benign
P88E,0.1085,benign
P88F,0.1509,benign
P88G,0.1141,benign
P88H,0.0834,benign
P88I,0.1223,benign
P88K,0.1091,benign
P88L,0.0694,benign
P88M,0.1498,benign
P88N,0.1382,benign
P88Q,0.0801,benign
P88R,0.0652,benign
P88S,0.0731,benign
P88T,0.0686,benign
P88V,0.0977,benign
P88W,0.1727,benign
P88Y,0.1494,benign
R89A,0.0994,benign
R89C,0.1028,benign
R89D,0.1587,benign
R89E,0.1042,benign
R89F,0.1982,benign
R89G,0.0616,benign
R89H,0.0887,benign
R89I,0.1214,benign
R89K,0.0785,benign
R89L,0.0965,benign
R89M,0.1341,benign
R89N,0.1819,benign
R89P,0.1119,benign
R89Q,0.0675,benign
R89S,0.1203,benign
R89T,0.0957,benign
R89V,0.1261,benign
R89W,0.0831,benign
R89Y,0.1591,benign
N90A,0.0835,benign
N90C,0.1169,benign
N90D,0.0691,benign
N90E,0.1049,benign
N90F,0.1795,benign
N90G,0.1028,benign
N90H,0.0662,benign
N90I,0.0877,benign
N90K,0.0816,benign
N90L,0.0919,benign
N90M,0.1436,benign
N90P,0.1244,benign
N90Q,0.1166,benign
N90R,0.0843,benign
N90S,0.0683,benign
N90T,0.0767,benign
N90V,0.0879,benign
N90W,0.2574,benign
N90Y,0.0702,benign
A91C,0.2136,benign
A91D,0.0995,benign
A91E,0.0996,benign
A91F,0.1258,benign
A91G,0.0838,benign
A91H,0.1536,benign
A91I,0.108,benign
A91K,0.1302,benign
A91L,0.0832,benign
A91M,0.1096,benign
A91N,0.1231,benign
A91P,0.0781,benign
A91Q,0.1345,benign
A91R,0.0999,benign
A91S,0.0813,benign
A91T,0.0667,benign
A91V,0.0753,benign
A91W,0.2369,benign
A91Y,0.165,benign
A92C,0.2204,benign
A92D,0.0964,benign
A92E,0.0866,benign
A92F,0.1203,benign
A92G,0.0734,benign
A92H,0.1599,benign
A92I,0.104,benign
A92K,0.1172,benign
A92L,0.0763,benign
A92M,0.1037,benign
A92N,0.1285,benign
A92P,0.0764,benign
A92Q,0.114,benign
A92R,0.0908,benign
A92S,0.0773,benign
A92T,0.0666,benign
A92V,0.0715,benign
A92W,0.196,benign
A92Y,0.1755,benign
G93A,0.0693,benign
G93C,0.1185,benign
G93D,0.0778,benign
G93E,0.0742,benign
G93F,0.2049,benign
G93H,0.1335,benign
G93I,0.1207,benign
G93K,0.1107,benign
G93L,0.1437,benign
G93M,0.1879,benign
G93N,0.1414,benign
G93P,0.1988,benign
G93Q,0.1092,benign
G93R,0.0762,benign
G93S,0.0805,benign
G93T,0.0861,benign
G93V,0.0812,benign
G93W,0.1241,benign
G93Y,0.1538,benign
G94A,0.0746,benign
G94C,0.0922,benign
G94D,0.0765,benign
G94E,0.0864,benign
G94F,0.1596,benign
G94H,0.1154,benign
G94I,0.0948,benign
G94K,0.1289,benign
G94L,0.1319,benign
G94M,0.1811,benign
G94N,0.1195,benign
G94P,0.192,benign
G94Q,0.115,benign
G94R,0.0809,benign
G94S,0.0738,benign
G94T,0.0861,benign
G94V,0.0768,benign
G94W,0.1205,benign
G94Y,0.1237,benign
C95A,0.0847,benign
C95D,0.0821,benign
C95E,0.13,benign
C95F,0.0635,benign
C95G,0.0525,benign
C95H,0.0809,benign
C95I,0.1158,benign
C95K,0.1341,benign
C95L,0.0994,benign
C95M,0.1829,benign
C95N,0.0881,benign
C95P,0.0931,benign
C95Q,0.0996,benign
C95R,0.0603,benign
C95S,0.0642,benign
C95T,0.0972,benign
C95V,0.1119,benign
C95W,0.084,benign
C95Y,0.0634,benign
E96A,0.0824,benign
E96C,0.3241,benign
E96D,0.0877,benign
E96F,0.2609,benign
E96G,0.0615,benign
E96H,0.1414,benign
E96I,0.1484,benign
E96K,0.0674,benign
E96L,0.1202,benign
E96M,0.1818,benign
E96N,0.1315,benign
E96P,0.1369,benign
E96Q,0.0704,benign
E96R,0.0741,benign
E96S,0.0935,benign
E96T,0.1069,benign
E96V,0.1032,benign
E96W,0.3045,benign
E96Y,0.2124,benign
R97A,0.1092,benign
R97C,0.1433,benign
R97D,0.194,benign
R97E,0.1017,benign
R97F,0.2395,benign
R97G,0.0646,benign
R97H,0.1003,benign
R97I,0.1186,benign
R97K,0.0755,benign
R97L,0.1069,benign
R97M,0.1172,benign
R97N,0.2138,benign
R97P,0.1337,benign
R97Q,0.0727,benign
R97S,0.1521,benign
R97T,0.0829,benign
R97V,0.1328,benign
R97W,0.0949,benign
R97Y,0.1951,benign
E98A,0.0983,benign
E98C,0.561,ambiguous
E98D,0.1226,benign
E98F,0.3914,ambiguous
E98G,0.081,benign
E98H,0.2544,benign
E98I,0.1928,benign
E98K,0.0918,benign
E98L,0.1751,benign
E98M,0.2439,benign
E98N,0.197,benign
E98P,0.2145,benign
E98Q,0.094,benign
E98R,0.1341,benign
E98S,0.1467,benign
E98T,0.1502,benign
E98V,0.1171,benign
E98W,0.5654,pathogenic
E98Y,0.3178,benign
P99A,0.0804,benign
P99C,0.3089,benign
P99D,0.2538,benign
P99E,0.1727,benign
P99F,0.2657,benign
P99G,0.1953,benign
P99H,0.1347,benign
P99I,0.1993,benign
P99K,0.196,benign
P99L,0.0894,benign
P99M,0.2231,benign
P99N,0.2292,benign
P99Q,0.1139,benign
P99R,0.1093,benign
P99S,0.1024,benign
P99T,0.0897,benign
P99V,0.1442,benign
P99W,0.2956,benign
P99Y,0.2568,benign
Q100A,0.0916,benign
Q100C,0.292,benign
Q100D,0.1644,benign
Q100E,0.0597,benign
Q100F,0.3373,benign
Q100G,0.1009,benign
Q100H,0.1246,benign
Q100I,0.2097,benign
Q100K,0.0728,benign
Q100L,0.0784,benign
Q100M,0.2158,benign
Q100N,0.1774,benign
Q100P,0.0646,benign
Q100R,0.0662,benign
Q100S,0.1145,benign
Q100T,0.1137,benign
Q100V,0.1256,benign
Q100W,0.1839,benign
Q100Y,0.2196,benign
S101A,0.1507,benign
S101C,0.1531,benign
S101D,0.4256,ambiguous
S101E,0.5393,ambiguous
S101F,0.3363,benign
S101G,0.125,benign
S101H,0.3903,ambiguous
S101I,0.2631,benign
S101K,0.6787,pathogenic
S101L,0.2083,benign
S101M,0.339,benign
S101N,0.2231,benign
S101P,0.2431,benign
S101Q,0.5605,ambiguous
S101R,0.5682,pathogenic
S101T,0.1303,benign
S101V,0.2882,benign
S101W,0.3661,ambiguous
S101Y,0.2698,benign
L102A,0.5247,ambiguous
L102C,0.7284,pathogenic
L102D,0.8813,pathogenic
L102E,0.6215,pathogenic
L102F,0.2463,benign
L102G,0.7261,pathogenic
L102H,0.5279,ambiguous
L102I,0.1928,benign
L102K,0.5693,pathogenic
L102M,0.218,benign
L102N,0.7924,pathogenic
L102P,0.4609,ambiguous
L102Q,0.3908,ambiguous
L102R,0.3335,benign
L102S,0.6287,pathogenic
L102T,0.5768,pathogenic
L102V,0.1776,benign
L102W,0.3532,ambiguous
L102Y,0.614,pathogenic
T103A,0.3832,ambiguous
T103C,0.821,pathogenic
T103D,0.7844,pathogenic
T103E,0.7123,pathogenic
T103F,0.7124,pathogenic
T103G,0.5775,pathogenic
T103H,0.6334,pathogenic
T103I,0.7925,pathogenic
T103K,0.5918,pathogenic
T103L,0.3423,ambiguous
T103M,0.2969,benign
T103N,0.5641,pathogenic
T103P,0.4135,ambiguous
T103Q,0.581,pathogenic
T103R,0.467,ambiguous
T103S,0.3792,ambiguous
T103V,0.665,pathogenic
T103W,0.8525,pathogenic
T103Y,0.7783,pathogenic
R104A,0.4771,ambiguous
R104C,0.2908,benign
R104D,0.765,pathogenic
R104E,0.431,ambiguous
R104F,0.7389,pathogenic
R104G,0.3488,ambiguous
R104H,0.2106,benign
R104I,0.5427,ambiguous
R104K,0.2466,benign
R104L,0.3638,ambiguous
R104M,0.5042,ambiguous
R104N,0.7762,pathogenic
R104P,0.6434,pathogenic
R104Q,0.1579,benign
R104S,0.6101,pathogenic
R104T,0.3771,ambiguous
R104V,0.5067,ambiguous
R104W,0.2497,benign
R104Y,0.5995,pathogenic
V105A,0.3093,benign
V105C,0.8483,pathogenic
V105D,0.6418,pathogenic
V105E,0.5061,ambiguous
V105F,0.2738,benign
V105G,0.3509,ambiguous
V105H,0.8237,pathogenic
V105I,0.1027,benign
V105K,0.6334,pathogenic
V105L,0.2624,benign
V105M,0.2253,benign
V105N,0.6629,pathogenic
V105P,0.6854,pathogenic
V105Q,0.612,pathogenic
V105R,0.5298,ambiguous
V105S,0.5237,ambiguous
V105T,0.3922,ambiguous
V105W,0.7919,pathogenic
V105Y,0.7213,pathogenic
D106A,0.3865,ambiguous
D106C,0.7909,pathogenic
D106E,0.4435,ambiguous
D106F,0.7454,pathogenic
D106G,0.4543,ambiguous
D106H,0.4719,ambiguous
D106I,0.6271,pathogenic
D106K,0.7222,pathogenic
D106L,0.6061,pathogenic
D106M,0.8447,pathogenic
D106N,0.1885,benign
D106P,0.7604,pathogenic
D106Q,0.6211,pathogenic
D106R,0.6345,pathogenic
D106S,0.2713,benign
D106T,0.5532,ambiguous
D106V,0.4221,ambiguous
D106W,0.9274,pathogenic
D106Y,0.3513,ambiguous
L107A,0.5222,ambiguous
L107C,0.5301,ambiguous
L107D,0.813,pathogenic
L107E,0.66,pathogenic
L107F,0.0865,benign
L107G,0.6842,pathogenic
L107H,0.3949,ambiguous
L107I,0.121,benign
L107K,0.6001,pathogenic
L107M,0.1768,benign
L107N,0.6946,pathogenic
L107P,0.4373,ambiguous
L107Q,0.4317,ambiguous
L107R,0.3395,benign
L107S,0.6215,pathogenic
L107T,0.4629,ambiguous
L107V,0.1388,benign
L107W,0.2164,benign
L107Y,0.3732,ambiguous
S108A,0.1346,benign
S108C,0.1485,benign
S108D,0.3667,ambiguous
S108E,0.5403,ambiguous
S108F,0.3316,benign
S108G,0.091,benign
S108H,0.3557,ambiguous
S108I,0.329,benign
S108K,0.6881,pathogenic
S108L,0.1958,benign
S108M,0.3731,ambiguous
S108N,0.1959,benign
S108P,0.3029,benign
S108Q,0.5156,ambiguous
S108R,0.5192,ambiguous
S108T,0.1117,benign
S108V,0.3507,ambiguous
S108W,0.3712,ambiguous
S108Y,0.2917,benign
S109A,0.088,benign
S109C,0.0982,benign
S109D,0.1755,benign
S109E,0.3062,benign
S109F,0.2164,benign
S109G,0.0639,benign
S109H,0.2062,benign
S109I,0.1841,benign
S109K,0.3872,ambiguous
S109L,0.1428,benign
S109M,0.2637,benign
S109N,0.1175,benign
S109P,0.1636,benign
S109Q,0.3133,benign
S109R,0.2606,benign
S109T,0.0873,benign
S109V,0.1876,benign
S109W,0.2422,benign
S109Y,0.1799,benign
S110A,0.0854,benign
S110C,0.0902,benign
S110D,0.2599,benign
S110E,0.4119,ambiguous
S110F,0.1748,benign
S110G,0.0859,benign
S110H,0.237,benign
S110I,0.1984,benign
S110K,0.5407,ambiguous
S110L,0.1273,benign
S110M,0.2511,benign
S110N,0.1425,benign
S110P,0.1585,benign
S110Q,0.4194,ambiguous
S110R,0.3873,ambiguous
S110T,0.0874,benign
S110V,0.1841,benign
S110W,0.2178,benign
S110Y,0.1614,benign
V111A,0.1585,benign
V111C,0.5002,ambiguous
V111D,0.2317,benign
V111E,0.2214,benign
V111F,0.0959,benign
V111G,0.1775,benign
V111H,0.3169,benign
V111I,0.0714,benign
V111K,0.2577,benign
V111L,0.0952,benign
V111M,0.1141,benign
V111N,0.2074,benign
V111P,0.2671,benign
V111Q,0.2285,benign
V111R,0.1677,benign
V111S,0.1696,benign
V111T,0.19,benign
V111W,0.4654,ambiguous
V111Y,0.3161,benign
L112A,0.3811,ambiguous
L112C,0.5568,ambiguous
L112D,0.7597,pathogenic
L112E,0.4687,ambiguous
L112F,0.1388,benign
L112G,0.5734,pathogenic
L112H,0.2939,benign
L112I,0.1233,benign
L112K,0.3928,ambiguous
L112M,0.1842,benign
L112N,0.5915,pathogenic
L112P,0.2916,benign
L112Q,0.2353,benign
L112R,0.2119,benign
L112S,0.3957,ambiguous
L112T,0.3891,ambiguous
L112V,0.1388,benign
L112W,0.2396,benign
L112Y,0.4064,ambiguous
P113A,0.1078,benign
P113C,0.4359,ambiguous
P113D,0.4373,ambiguous
P113E,0.2883,benign
P113F,0.4696,ambiguous
P113G,0.3082,benign
P113H,0.1789,benign
P113I,0.4127,ambiguous
P113K,0.3292,benign
P113L,0.1292,benign
P113M,0.4011,ambiguous
P113N,0.424,ambiguous
P113Q,0.1885,benign
P113R,0.1576,benign
P113S,0.1589,benign
P113T,0.1349,benign
P113V,0.2752,benign
P113W,0.4743,ambiguous
P113Y,0.434,ambiguous
G114A,0.0667,benign
G114C,0.124,benign
G114D,0.115,benign
G114E,0.1044,benign
G114F,0.3139,benign
G114H,0.1814,benign
G114I,0.1749,benign
G114K,0.1691,benign
G114L,0.1811,benign
G114M,0.2131,benign
G114N,0.175,benign
G114P,0.2532,benign
G114Q,0.149,benign
G114R,0.1113,benign
G114S,0.0783,benign
G114T,0.0762,benign
G114V,0.1047,benign
G114W,0.1966,benign
G114Y,0.2294,benign
D115A,0.1071,benign
D115C,0.2968,benign
D115E,0.122,benign
D115F,0.2801,benign
D115G,0.0964,benign
D115H,0.1171,benign
D115I,0.1938,benign
D115K,0.1853,benign
D115L,0.1908,benign
D115M,0.4087,ambiguous
D115N,0.0782,benign
D115P,0.2731,benign
D115Q,0.1701,benign
D115R,0.1656,benign
D115S,0.0902,benign
D115T,0.1468,benign
D115V,0.1267,benign
D115W,0.5886,pathogenic
D115Y,0.1086,benign
S116A,0.0793,benign
S116C,0.1231,benign
S116D,0.3463,ambiguous
S116E,0.4401,ambiguous
S116F,0.2362,benign
S116G,0.1152,benign
S116H,0.3535,ambiguous
S116I,0.2505,benign
S116K,0.6371,pathogenic
S116L,0.1249,benign
S116M,0.2628,benign
S116N,0.2351,benign
S116P,0.1468,benign
S116Q,0.5098,ambiguous
S116R,0.517,ambiguous
S116T,0.0922,benign
S116V,0.1999,benign
S116W,0.2902,benign
S116Y,0.1956,benign
V117A,0.0786,benign
V117C,0.5042,ambiguous
V117D,0.1373,benign
V117E,0.1052,benign
V117F,0.114,benign
V117G,0.1004,benign
V117H,0.3087,benign
V117I,0.0873,benign
V117K,0.1548,benign
V117L,0.1294,benign
V117M,0.1043,benign
V117N,0.1665,benign
V117P,0.1988,benign
V117Q,0.1644,benign
V117R,0.1281,benign
V117S,0.1108,benign
V117T,0.0957,benign
V117W,0.4725,ambiguous
V117Y,0.3619,ambiguous
G118A,0.3025,benign
G118C,0.4572,ambiguous
G118D,0.4762,ambiguous
G118E,0.5196,ambiguous
G118F,0.8223,pathogenic
G118H,0.766,pathogenic
G118I,0.6202,pathogenic
G118K,0.8153,pathogenic
G118L,0.7103,pathogenic
G118M,0.7935,pathogenic
G118N,0.6429,pathogenic
G118P,0.8278,pathogenic
G118Q,0.7001,pathogenic
G118R,0.6839,pathogenic
G118S,0.2318,benign
G118T,0.4219,ambiguous
G118V,0.4685,ambiguous
G118W,0.7261,pathogenic
G118Y,0.751,pathogenic
L119A,0.5849,pathogenic
L119C,0.8324,pathogenic
L119D,0.8894,pathogenic
L119E,0.6814,pathogenic
L119F,0.3309,benign
L119G,0.7786,pathogenic
L119H,0.663,pathogenic
L119I,0.2317,benign
L119K,0.6314,pathogenic
L119M,0.2268,benign
L119N,0.7976,pathogenic
L119P,0.5747,pathogenic
L119Q,0.5389,ambiguous
L119R,0.4923,ambiguous
L119S,0.731,pathogenic
L119T,0.59,pathogenic
L119V,0.2362,benign
L119W,0.5168,ambiguous
L119Y,0.7198,pathogenic
A120C,0.8312,pathogenic
A120D,0.6983,pathogenic
A120E,0.6731,pathogenic
A120F,0.8409,pathogenic
A120G,0.3259,benign
A120H,0.8559,pathogenic
A120I,0.8412,pathogenic
A120K,0.8631,pathogenic
A120L,0.5641,pathogenic
A120M,0.6944,pathogenic
A120N,0.7413,pathogenic
A120P,0.6151,pathogenic
A120Q,0.7484,pathogenic
A120R,0.7465,pathogenic
A120S,0.2338,benign
A120T,0.3568,ambiguous
A120V,0.5164,ambiguous
A120W,0.9573,pathogenic
A120Y,0.8856,pathogenic
V121A,0.1704,benign
V121C,0.7512,pathogenic
V121D,0.3588,ambiguous
V121E,0.3116,benign
V121F,0.2047,benign
V121G,0.2495,benign
V121H,0.6474,pathogenic
V121I,0.0878,benign
V121K,0.4204,ambiguous
V121L,0.2123,benign
V121M,0.1587,benign
V121N,0.3462,ambiguous
V121P,0.6893,pathogenic
V121Q,0.4037,ambiguous
V121R,0.3479,ambiguous
V121S,0.2671,benign
V121T,0.2563,benign
V121W,0.8318,pathogenic
V121Y,0.6094,pathogenic
I122A,0.6972,pathogenic
I122C,0.8396,pathogenic
I122D,0.8708,pathogenic
I122E,0.865,pathogenic
I122F,0.2501,benign
I122G,0.8654,pathogenic
I122H,0.7693,pathogenic
I122K,0.7972,pathogenic
I122L,0.1943,benign
I122M,0.2339,benign
I122N,0.6199,pathogenic
I122P,0.8341,pathogenic
I122Q,0.7898,pathogenic
I122R,0.6729,pathogenic
I122S,0.6335,pathogenic
I122T,0.7081,pathogenic
I122V,0.1529,benign
I122W,0.8623,pathogenic
I122Y,0.6752,pathogenic
L123A,0.4693,ambiguous
L123C,0.6436,pathogenic
L123D,0.8158,pathogenic
L123E,0.5424,ambiguous
L123F,0.1997,benign
L123G,0.6262,pathogenic
L123H,0.4194,ambiguous
L123I,0.1419,benign
L123K,0.5172,ambiguous
L123M,0.2037,benign
L123N,0.6749,pathogenic
L123P,0.4531,ambiguous
L123Q,0.3187,benign
L123R,0.2917,benign
L123S,0.5102,ambiguous
L123T,0.4292,ambiguous
L123V,0.1619,benign
L123W,0.3783,ambiguous
L123Y,0.5822,pathogenic
H124A,0.0991,benign
H124C,0.1144,benign
H124D,0.0489,benign
H124E,0.0872,benign
H124F,0.2581,benign
H124G,0.0837,benign
H124I,0.2229,benign
H124K,0.0975,benign
H124L,0.1008,benign
H124M,0.2809,benign
H124N,0.052,benign
H124P,0.0766,benign
H124Q,0.0762,benign
H124R,0.0666,benign
H124S,0.0768,benign
H124T,0.1043,benign
H124V,0.1499,benign
H124W,0.2736,benign
H124Y,0.0964,benign
T125A,0.0636,benign
T125C,0.2471,benign
T125D,0.1023,benign
T125E,0.1023,benign
T125F,0.1825,benign
T125G,0.1039,benign
T125H,0.1155,benign
T125I,0.1512,benign
T125K,0.0935,benign
T125L,0.0972,benign
T125M,0.0953,benign
T125N,0.0723,benign
T125P,0.0662,benign
T125Q,0.1109,benign
T125R,0.0727,benign
T125S,0.0732,benign
T125V,0.1196,benign
T125W,0.2962,benign
T125Y,0.1697,benign
D126A,0.0882,benign
D126C,0.2611,benign
D126E,0.0951,benign
D126F,0.3154,benign
D126G,0.0673,benign
D126H,0.1233,benign
D126I,0.2055,benign
D126K,0.1533,benign
D126L,0.2003,benign
D126M,0.3728,ambiguous
D126N,0.0812,benign
D126P,0.2059,benign
D126Q,0.1411,benign
D126R,0.1343,benign
D126S,0.0763,benign
D126T,0.1252,benign
D126V,0.1289,benign
D126W,0.5254,ambiguous
D126Y,0.1407,benign
S127A,0.0749,benign
S127C,0.0776,benign
S127D,0.0849,benign
S127E,0.1264,benign
S127F,0.1314,benign
S127G,0.0582,benign
S127H,0.1063,benign
S127I,0.0972,benign
S127K,0.1573,benign
S127L,0.0985,benign
S127M,0.1629,benign
S127N,0.068,benign
S127P,0.0882,benign
S127Q,0.1472,benign
S127R,0.1097,benign
S127T,0.0737,benign
S127V,0.1146,benign
S127W,0.1348,benign
S127Y,0.0995,benign
R128A,0.1092,benign
R128C,0.1197,benign
R128D,0.1473,benign
R128E,0.0946,benign
R128F,0.2459,benign
R128G,0.0623,benign
R128H,0.0893,benign
R128I,0.1271,benign
R128K,0.0716,benign
R128L,0.1004,benign
R128M,0.1264,benign
R128N,0.1723,benign
R128P,0.1181,benign
R128Q,0.0662,benign
R128S,0.1216,benign
R128T,0.0865,benign
R128V,0.1365,benign
R128W,0.1006,benign
R128Y,0.1924,benign
K129A,0.0967,benign
K129C,0.2625,benign
K129D,0.1022,benign
K129E,0.0624,benign
K129F,0.31,benign
K129G,0.1051,benign
K129H,0.1155,benign
K129I,0.1379,benign
K129L,0.1238,benign
K129M,0.1095,benign
K129N,0.0811,benign
K129P,0.1461,benign
K129Q,0.074,benign
K129R,0.0646,benign
K129S,0.0896,benign
K129T,0.0742,benign
K129V,0.124,benign
K129W,0.3108,benign
K129Y,0.2046,benign
D130A,0.0739,benign
D130C,0.2283,benign
D130E,0.0916,benign
D130F,0.2239,benign
D130G,0.0639,benign
D130H,0.1069,benign
D130I,0.1287,benign
D130K,0.1395,benign
D130L,0.1375,benign
D130M,0.2773,benign
D130N,0.076,benign
D130P,0.1667,benign
D130Q,0.1306,benign
D130R,0.1236,benign
D130S,0.0779,benign
D130T,0.1065,benign
D130V,0.0824,benign
D130W,0.4452,ambiguous
D130Y,0.0918,benign
S131A,0.0649,benign
S131C,0.0809,benign
S131D,0.1386,benign
S131E,0.1651,benign
S131F,0.0876,benign
S131G,0.077,benign
S131H,0.136,benign
S131I,0.0857,benign
S131K,0.229,benign
S131L,0.0705,benign
S131M,0.1462,benign
S131N,0.1028,benign
S131P,0.0707,benign
S131Q,0.1966,benign
S131R,0.167,benign
S131T,0.0697,benign
S131V,0.0924,benign
S131W,0.1281,benign
S131Y,0.0884,benign
P132A,0.062,benign
P132C,0.1655,benign
P132D,0.1374,benign
P132E,0.1035,benign
P132F,0.1353,benign
P132G,0.1238,benign
P132H,0.0767,benign
P132I,0.1078,benign
P132K,0.1117,benign
P132L,0.0633,benign
P132M,0.1425,benign
P132N,0.1402,benign
P132Q,0.0731,benign
P132R,0.0683,benign
P132S,0.0676,benign
P132T,0.0664,benign
P132V,0.0871,benign
P132W,0.1777,benign
P132Y,0.1436,benign
P133A,0.0517,benign
P133C,0.19,benign
P133D,0.1394,benign
P133E,0.102,benign
P133F,0.1639,benign
P133G,0.1181,benign
P133H,0.0857,benign
P133I,0.1284,benign
P133K,0.1152,benign
P133L,0.0671,benign
P133M,0.1509,benign
P133N,0.1507,benign
P133Q,0.0776,benign
P133R,0.0709,benign
P133S,0.0699,benign
P133T,0.063,benign
P133V,0.0901,benign
P133W,0.2099,benign
P133Y,0.1722,benign
A134C,0.2838,benign
A134D,0.1079,benign
A134E,0.0966,benign
A134F,0.1716,benign
A134G,0.0844,benign
A134H,0.2016,benign
A134I,0.1444,benign
A134K,0.1536,benign
A134L,0.1017,benign
A134M,0.1449,benign
A134N,0.1509,benign
A134P,0.0825,benign
A134Q,0.1407,benign
A134R,0.1165,benign
A134S,0.0802,benign
A134T,0.0723,benign
A134V,0.0833,benign
A134W,0.3123,benign
A134Y,0.2253,benign
G135A,0.0767,benign
G135C,0.1374,benign
G135D,0.0873,benign
G135E,0.0791,benign
G135F,0.2672,benign
G135H,0.1492,benign
G135I,0.1359,benign
G135K,0.1221,benign
G135L,0.1775,benign
G135M,0.2292,benign
G135N,0.1558,benign
G135P,0.2236,benign
G135Q,0.1107,benign
G135R,0.0848,benign
G135S,0.087,benign
G135T,0.0944,benign
G135V,0.0911,benign
G135W,0.1614,benign
G135Y,0.1892,benign
S136A,0.0772,benign
S136C,0.0675,benign
S136D,0.098,benign
S136E,0.1217,benign
S136F,0.102,benign
S136G,0.0602,benign
S136H,0.0902,benign
S136I,0.0778,benign
S136K,0.1262,benign
S136L,0.085,benign
S136M,0.1416,benign
S136N,0.069,benign
S136P,0.0849,benign
S136Q,0.1212,benign
S136R,0.091,benign
S136T,0.077,benign
S136V,0.0971,benign
S136W,0.1181,benign
S136Y,0.0818,benign
P137A,0.0596,benign
P137C,0.2021,benign
P137D,0.1539,benign
P137E,0.1193,benign
P137F,0.1875,benign
P137G,0.1231,benign
P137H,0.09,benign
P137I,0.1581,benign
P137K,0.1287,benign
P137L,0.0751,benign
P137M,0.1788,benign
P137N,0.1647,benign
P137Q,0.0852,benign
P137R,0.0716,benign
P137S,0.0722,benign
P137T,0.0665,benign
P137V,0.1074,benign
P137W,0.2247,benign
P137Y,0.1858,benign
A138C,0.292,benign
A138D,0.1092,benign
A138E,0.104,benign
A138F,0.1913,benign
A138G,0.0774,benign
A138H,0.2118,benign
A138I,0.1724,benign
A138K,0.1726,benign
A138L,0.1157,benign
A138M,0.1746,benign
A138N,0.1597,benign
A138P,0.0808,benign
A138Q,0.1514,benign
A138R,0.1293,benign
A138S,0.0813,benign
A138T,0.0765,benign
A138V,0.0927,benign
A138W,0.3328,benign
A138Y,0.2418,benign
G139A,0.0891,benign
G139C,0.1215,benign
G139D,0.0933,benign
G139E,0.0983,benign
G139F,0.3026,benign
G139H,0.1768,benign
G139I,0.1764,benign
G139K,0.1786,benign
G139L,0.2266,benign
G139M,0.2976,benign
G139N,0.1633,benign
G139P,0.2489,benign
G139Q,0.1463,benign
G139R,0.1162,benign
G139S,0.0847,benign
G139T,0.1133,benign
G139V,0.1126,benign
G139W,0.2002,benign
G139Y,0.2134,benign
R140A,0.1205,benign
R140C,0.1347,benign
R140D,0.2022,benign
R140E,0.1275,benign
R140F,0.2528,benign
R140G,0.0715,benign
R140H,0.0929,benign
R140I,0.133,benign
R140K,0.0751,benign
R140L,0.1154,benign
R140M,0.1469,benign
R140N,0.1947,benign
R140P,0.1189,benign
R140Q,0.0779,benign
R140S,0.1376,benign
R140T,0.0931,benign
R140V,0.1538,benign
R140W,0.1262,benign
R140Y,0.2152,benign
S141A,0.0647,benign
S141C,0.0788,benign
S141D,0.1484,benign
S141E,0.175,benign
S141F,0.139,benign
S141G,0.0626,benign
S141H,0.1122,benign
S141I,0.1268,benign
S141K,0.1975,benign
S141L,0.0972,benign
S141M,0.1787,benign
S141N,0.0802,benign
S141P,0.0509,benign
S141Q,0.1478,benign
S141R,0.1256,benign
S141T,0.0747,benign
S141V,0.1208,benign
S141W,0.1484,benign
S141Y,0.1128,benign
I142A,0.0676,benign
I142C,0.2314,benign
I142D,0.1354,benign
I142E,0.1553,benign
I142F,0.0841,benign
I142G,0.1247,benign
I142H,0.1303,benign
I142K,0.1147,benign
I142L,0.069,benign
I142M,0.0833,benign
I142N,0.0645,benign
I142P,0.0968,benign
I142Q,0.1291,benign
I142R,0.0749,benign
I142S,0.06,benign
I142T,0.0611,benign
I142V,0.0578,benign
I142W,0.3605,ambiguous
I142Y,0.1947,benign
Y143A,0.3431,ambiguous
Y143C,0.0937,benign
Y143D,0.245,benign
Y143E,0.5156,ambiguous
Y143F,0.1477,benign
Y143G,0.2292,benign
Y143H,0.1552,benign
Y143I,0.4887,ambiguous
Y143K,0.4537,ambiguous
Y143L,0.3838,ambiguous
Y143M,0.6858,pathogenic
Y143N,0.1664,benign
Y143P,0.3266,benign
Y143Q,0.3478,ambiguous
Y143R,0.2288,benign
Y143S,0.1326,benign
Y143T,0.3189,benign
Y143V,0.3604,ambiguous
Y143W,0.3437,ambiguous
N144A,0.2375,benign
N144C,0.2448,benign
N144D,0.146,benign
N144E,0.4272,ambiguous
N144F,0.6954,pathogenic
N144G,0.2073,benign
N144H,0.0753,benign
N144I,0.4645,ambiguous
N144K,0.2422,benign
N144L,0.365,ambiguous
N144M,0.5832,pathogenic
N144P,0.2252,benign
N144Q,0.2965,benign
N144R,0.2209,benign
N144S,0.0711,benign
N144T,0.165,benign
N144V,0.4149,ambiguous
N144W,0.7341,pathogenic
N144Y,0.2224,benign
S145A,0.1339,benign
S145C,0.1585,benign
S145D,0.5988,pathogenic
S145E,0.7718,pathogenic
S145F,0.4291,ambiguous
S145G,0.1182,benign
S145H,0.4165,ambiguous
S145I,0.3876,ambiguous
S145K,0.8014,pathogenic
S145L,0.2503,benign
S145M,0.4533,ambiguous
S145N,0.2341,benign
S145P,0.3747,ambiguous
S145Q,0.6333,pathogenic
S145R,0.6103,pathogenic
S145T,0.1229,benign
S145V,0.3749,ambiguous
S145W,0.4844,ambiguous
S145Y,0.313,benign
F146A,0.9771,pathogenic
F146C,0.9181,pathogenic
F146D,0.9944,pathogenic
F146E,0.9956,pathogenic
F146G,0.9877,pathogenic
F146H,0.9501,pathogenic
F146I,0.894,pathogenic
F146K,0.9922,pathogenic
F146L,0.9897,pathogenic
F146M,0.9685,pathogenic
F146N,0.9781,pathogenic
F146P,0.997,pathogenic
F146Q,0.9883,pathogenic
F146R,0.9655,pathogenic
F146S,0.9546,pathogenic
F146T,0.9761,pathogenic
F146V,0.8584,pathogenic
F146W,0.8522,pathogenic
F146Y,0.4564,ambiguous
Y147A,0.9077,pathogenic
Y147C,0.4017,ambiguous
Y147D,0.9025,pathogenic
Y147E,0.9748,pathogenic
Y147F,0.0793,benign
Y147G,0.8914,pathogenic
Y147H,0.4002,ambiguous
Y147I,0.8601,pathogenic
Y147K,0.9649,pathogenic
Y147L,0.8204,pathogenic
Y147M,0.9179,pathogenic
Y147N,0.7369,pathogenic
Y147P,0.9642,pathogenic
Y147Q,0.9178,pathogenic
Y147R,0.8813,pathogenic
Y147S,0.6898,pathogenic
Y147T,0.9028,pathogenic
Y147V,0.7799,pathogenic
Y147W,0.4324,ambiguous
V148A,0.8534,pathogenic
V148C,0.957,pathogenic
V148D,0.9935,pathogenic
V148E,0.9874,pathogenic
V148F,0.9467,pathogenic
V148G,0.884,pathogenic
V148H,0.9963,pathogenic
V148I,0.1347,benign
V148K,0.9918,pathogenic
V148L,0.8318,pathogenic
V148M,0.8824,pathogenic
V148N,0.9785,pathogenic
V148P,0.9877,pathogenic
V148Q,0.9852,pathogenic
V148R,0.9733,pathogenic
V148S,0.9126,pathogenic
V148T,0.8407,pathogenic
V148W,0.9985,pathogenic
V148Y,0.9929,pathogenic
Y149A,0.9457,pathogenic
Y149C,0.4982,ambiguous
Y149D,0.9484,pathogenic
Y149E,0.9862,pathogenic
Y149F,0.0861,benign
Y149G,0.9389,pathogenic
Y149H,0.5045,ambiguous
Y149I,0.8745,pathogenic
Y149K,0.9832,pathogenic
Y149L,0.8494,pathogenic
Y149M,0.9421,pathogenic
Y149N,0.8263,pathogenic
Y149P,0.9851,pathogenic
Y149Q,0.9617,pathogenic
Y149R,0.9369,pathogenic
Y149S,0.815,pathogenic
Y149T,0.9532,pathogenic
Y149V,0.8232,pathogenic
Y149W,0.4147,ambiguous
C150A,0.9945,pathogenic
C150D,0.9982,pathogenic
C150E,0.9994,pathogenic
C150F,0.9858,pathogenic
C150G,0.9623,pathogenic
C150H,0.9946,pathogenic
C150I,0.997,pathogenic
C150K,0.9995,pathogenic
C150L,0.9908,pathogenic
C150M,0.9981,pathogenic
C150N,0.9985,pathogenic
C150P,0.9981,pathogenic
C150Q,0.9986,pathogenic
C150R,0.9915,pathogenic
C150S,0.9895,pathogenic
C150T,0.997,pathogenic
C150V,0.9929,pathogenic
C150W,0.9915,pathogenic
C150Y,0.9915,pathogenic
K151A,0.7878,pathogenic
K151C,0.934,pathogenic
K151D,0.9145,pathogenic
K151E,0.6418,pathogenic
K151F,0.9722,pathogenic
K151G,0.8219,pathogenic
K151H,0.7049,pathogenic
K151I,0.8801,pathogenic
K151L,0.8091,pathogenic
K151M,0.7734,pathogenic
K151N,0.8854,pathogenic
K151P,0.8286,pathogenic
K151Q,0.4889,ambiguous
K151R,0.1277,benign
K151S,0.8018,pathogenic
K151T,0.6206,pathogenic
K151V,0.814,pathogenic
K151W,0.9525,pathogenic
K151Y,0.9297,pathogenic
G152A,0.0961,benign
G152C,0.1643,benign
G152D,0.0964,benign
G152E,0.1066,benign
G152F,0.2845,benign
G152H,0.2067,benign
G152I,0.1438,benign
G152K,0.2489,benign
G152L,0.2132,benign
G152M,0.2682,benign
G152N,0.158,benign
G152P,0.6917,pathogenic
G152Q,0.1936,benign
G152R,0.2012,benign
G152S,0.083,benign
G152T,0.1129,benign
G152V,0.1003,benign
G152W,0.25,benign
G152Y,0.195,benign
P153A,0.1097,benign
P153C,0.3774,ambiguous
P153D,0.3384,benign
P153E,0.2543,benign
P153F,0.3125,benign
P153G,0.3145,benign
P153H,0.1672,benign
P153I,0.179,benign
P153K,0.2686,benign
P153L,0.1107,benign
P153M,0.2909,benign
P153N,0.2803,benign
P153Q,0.1773,benign
P153R,0.1496,benign
P153S,0.1425,benign
P153T,0.1103,benign
P153V,0.1488,benign
P153W,0.487,ambiguous
P153Y,0.329,benign
C154A,0.9738,pathogenic
C154D,0.9862,pathogenic
C154E,0.9948,pathogenic
C154F,0.9052,pathogenic
C154G,0.872,pathogenic
C154H,0.9736,pathogenic
C154I,0.9865,pathogenic
C154K,0.9966,pathogenic
C154L,0.9508,pathogenic
C154M,0.9884,pathogenic
C154N,0.9909,pathogenic
C154P,0.9862,pathogenic
C154Q,0.9915,pathogenic
C154R,0.9669,pathogenic
C154S,0.9584,pathogenic
C154T,0.9868,pathogenic
C154V,0.9729,pathogenic
C154W,0.9547,pathogenic
C154Y,0.9494,pathogenic
Q155A,0.1653,benign
Q155C,0.3049,benign
Q155D,0.2312,benign
Q155E,0.0777,benign
Q155F,0.4865,ambiguous
Q155G,0.0982,benign
Q155H,0.1218,benign
Q155I,0.4409,ambiguous
Q155K,0.0712,benign
Q155L,0.1196,benign
Q155M,0.3438,ambiguous
Q155N,0.1875,benign
Q155P,0.1561,benign
Q155R,0.0612,benign
Q155S,0.1627,benign
Q155T,0.197,benign
Q155V,0.2937,benign
Q155W,0.2829,benign
Q155Y,0.2916,benign
R156A,0.0893,benign
R156C,0.1002,benign
R156D,0.1949,benign
R156E,0.1165,benign
R156F,0.2828,benign
R156G,0.0589,benign
R156H,0.0873,benign
R156I,0.1602,benign
R156K,0.0729,benign
R156L,0.1155,benign
R156M,0.1177,benign
R156N,0.1753,benign
R156P,0.5775,pathogenic
R156Q,0.0664,benign
R156S,0.1093,benign
R156T,0.0724,benign
R156V,0.1573,benign
R156W,0.1485,benign
R156Y,0.2192,benign
V157A,0.6933,pathogenic
V157C,0.9136,pathogenic
V157D,0.9585,pathogenic
V157E,0.8851,pathogenic
V157F,0.5177,ambiguous
V157G,0.7254,pathogenic
V157H,0.972,pathogenic
V157I,0.0803,benign
V157K,0.9355,pathogenic
V157L,0.3417,ambiguous
V157M,0.4098,ambiguous
V157N,0.9177,pathogenic
V157P,0.6759,pathogenic
V157Q,0.9094,pathogenic
V157R,0.9082,pathogenic
V157S,0.8522,pathogenic
V157T,0.7695,pathogenic
V157W,0.9537,pathogenic
V157Y,0.909,pathogenic
Q158A,0.3027,benign
Q158C,0.6163,pathogenic
Q158D,0.8363,pathogenic
Q158E,0.1248,benign
Q158F,0.773,pathogenic
Q158G,0.4871,ambiguous
Q158H,0.4491,ambiguous
Q158I,0.4858,ambiguous
Q158K,0.1584,benign
Q158L,0.2012,benign
Q158M,0.4204,ambiguous
Q158N,0.6344,pathogenic
Q158P,0.7712,pathogenic
Q158R,0.1394,benign
Q158S,0.4416,ambiguous
Q158T,0.3112,benign
Q158V,0.2704,benign
Q158W,0.7155,pathogenic
Q158Y,0.6537,pathogenic
P159A,0.1163,benign
P159C,0.6697,pathogenic
P159D,0.7356,pathogenic
P159E,0.4522,ambiguous
P159F,0.7472,pathogenic
P159G,0.5595,ambiguous
P159H,0.3789,ambiguous
P159I,0.5617,ambiguous
P159K,0.4793,ambiguous
P159L,0.2006,benign
P159M,0.5489,ambiguous
P159N,0.6402,pathogenic
P159Q,0.2865,benign
P159R,0.2435,benign
P159S,0.2696,benign
P159T,0.237,benign
P159V,0.3736,ambiguous
P159W,0.7703,pathogenic
P159Y,0.6778,pathogenic
G160A,0.4838,ambiguous
G160C,0.9212,pathogenic
G160D,0.9933,pathogenic
G160E,0.9896,pathogenic
G160F,0.9963,pathogenic
G160H,0.9978,pathogenic
G160I,0.9882,pathogenic
G160K,0.9961,pathogenic
G160L,0.9834,pathogenic
G160M,0.9929,pathogenic
G160N,0.9958,pathogenic
G160P,0.9977,pathogenic
G160Q,0.9898,pathogenic
G160R,0.98,pathogenic
G160S,0.7447,pathogenic
G160T,0.9608,pathogenic
G160V,0.9521,pathogenic
G160W,0.9938,pathogenic
G160Y,0.9966,pathogenic
K161A,0.9825,pathogenic
K161C,0.9865,pathogenic
K161D,0.9942,pathogenic
K161E,0.9674,pathogenic
K161F,0.988,pathogenic
K161G,0.9863,pathogenic
K161H,0.9052,pathogenic
K161I,0.9334,pathogenic
K161L,0.9384,pathogenic
K161M,0.9017,pathogenic
K161N,0.9796,pathogenic
K161P,0.9934,pathogenic
K161Q,0.8891,pathogenic
K161R,0.3256,benign
K161S,0.9837,pathogenic
K161T,0.9301,pathogenic
K161V,0.9415,pathogenic
K161W,0.9877,pathogenic
K161Y,0.9658,pathogenic
L162A,0.9832,pathogenic
L162C,0.987,pathogenic
L162D,0.9993,pathogenic
L162E,0.9953,pathogenic
L162F,0.9324,pathogenic
L162G,0.9919,pathogenic
L162H,0.993,pathogenic
L162I,0.5839,pathogenic
L162K,0.9867,pathogenic
L162M,0.7526,pathogenic
L162N,0.9958,pathogenic
L162P,0.9873,pathogenic
L162Q,0.9881,pathogenic
L162R,0.9687,pathogenic
L162S,0.9973,pathogenic
L162T,0.9911,pathogenic
L162V,0.7287,pathogenic
L162W,0.9791,pathogenic
L162Y,0.9862,pathogenic
R163A,0.9803,pathogenic
R163C,0.8096,pathogenic
R163D,0.9951,pathogenic
R163E,0.9564,pathogenic
R163F,0.9802,pathogenic
R163G,0.9686,pathogenic
R163H,0.759,pathogenic
R163I,0.961,pathogenic
R163K,0.8495,pathogenic
R163L,0.9094,pathogenic
R163M,0.9762,pathogenic
R163N,0.994,pathogenic
R163P,0.9875,pathogenic
R163Q,0.703,pathogenic
R163S,0.985,pathogenic
R163T,0.9777,pathogenic
R163V,0.9607,pathogenic
R163W,0.7075,pathogenic
R163Y,0.9554,pathogenic
V164A,0.6459,pathogenic
V164C,0.9306,pathogenic
V164D,0.9867,pathogenic
V164E,0.9714,pathogenic
V164F,0.7768,pathogenic
V164G,0.7091,pathogenic
V164H,0.9882,pathogenic
V164I,0.3421,ambiguous
V164K,0.9736,pathogenic
V164L,0.8584,pathogenic
V164M,0.833,pathogenic
V164N,0.9668,pathogenic
V164P,0.9791,pathogenic
V164Q,0.9545,pathogenic
V164R,0.9187,pathogenic
V164S,0.8391,pathogenic
V164T,0.8472,pathogenic
V164W,0.9929,pathogenic
V164Y,0.9574,pathogenic
Q165A,0.3098,benign
Q165C,0.409,ambiguous
Q165D,0.8385,pathogenic
Q165E,0.1766,benign
Q165F,0.6975,pathogenic
Q165G,0.3868,ambiguous
Q165H,0.2985,benign
Q165I,0.5208,ambiguous
Q165K,0.1334,benign
Q165L,0.1941,benign
Q165M,0.4993,ambiguous
Q165N,0.5941,pathogenic
Q165P,0.8065,pathogenic
Q165R,0.0707,benign
Q165S,0.3837,ambiguous
Q165T,0.3224,benign
Q165V,0.348,ambiguous
Q165W,0.4739,ambiguous
Q165Y,0.5098,ambiguous
C166A,0.9938,pathogenic
C166D,0.997,pathogenic
C166E,0.9993,pathogenic
C166F,0.9811,pathogenic
C166G,0.9551,pathogenic
C166H,0.9939,pathogenic
C166I,0.9974,pathogenic
C166K,0.9994,pathogenic
C166L,0.99,pathogenic
C166M,0.9973,pathogenic
C166N,0.9969,pathogenic
C166P,0.998,pathogenic
C166Q,0.9991,pathogenic
C166R,0.9937,pathogenic
C166S,0.9936,pathogenic
C166T,0.9976,pathogenic
C166V,0.9932,pathogenic
C166W,0.9912,pathogenic
C166Y,0.9795,pathogenic
S167A,0.1008,benign
S167C,0.1169,benign
S167D,0.3088,benign
S167E,0.39,ambiguous
S167F,0.3967,ambiguous
S167G,0.0589,benign
S167H,0.2093,benign
S167I,0.1847,benign
S167K,0.309,benign
S167L,0.2388,benign
S167M,0.314,benign
S167N,0.1369,benign
S167P,0.656,pathogenic
S167Q,0.2709,benign
S167R,0.2157,benign
S167T,0.135,benign
S167V,0.2516,benign
S167W,0.4564,ambiguous
S167Y,0.3019,benign
T168A,0.072,benign
T168C,0.3494,ambiguous
T168D,0.2417,benign
T168E,0.2002,benign
T168F,0.1718,benign
T168G,0.1899,benign
T168H,0.1559,benign
T168I,0.1098,benign
T168K,0.1208,benign
T168L,0.088,benign
T168M,0.1079,benign
T168N,0.1069,benign
T168P,0.2516,benign
T168Q,0.1576,benign
T168R,0.0876,benign
T168S,0.0948,benign
T168V,0.1043,benign
T168W,0.4693,ambiguous
T168Y,0.2251,benign
C169A,0.9895,pathogenic
C169D,0.9937,pathogenic
C169E,0.9983,pathogenic
C169F,0.9671,pathogenic
C169G,0.9245,pathogenic
C169H,0.9863,pathogenic
C169I,0.9956,pathogenic
C169K,0.9984,pathogenic
C169L,0.9803,pathogenic
C169M,0.9953,pathogenic
C169N,0.9937,pathogenic
C169P,0.9917,pathogenic
C169Q,0.9969,pathogenic
C169R,0.9824,pathogenic
C169S,0.981,pathogenic
C169T,0.9928,pathogenic
C169V,0.9902,pathogenic
C169W,0.9804,pathogenic
C169Y,0.9809,pathogenic
R170A,0.2368,benign
R170C,0.1297,benign
R170D,0.452,ambiguous
R170E,0.1959,benign
R170F,0.4444,ambiguous
R170G,0.0822,benign
R170H,0.0806,benign
R170I,0.3669,ambiguous
R170K,0.0708,benign
R170L,0.1728,benign
R170M,0.2618,benign
R170N,0.325,benign
R170P,0.4761,ambiguous
R170Q,0.064,benign
R170S,0.2343,benign
R170T,0.1999,benign
R170V,0.3789,ambiguous
R170W,0.1499,benign
R170Y,0.317,benign
Q171A,0.3522,ambiguous
Q171C,0.8252,pathogenic
Q171D,0.4484,ambiguous
Q171E,0.0779,benign
Q171F,0.877,pathogenic
Q171G,0.3273,benign
Q171H,0.3965,ambiguous
Q171I,0.7846,pathogenic
Q171K,0.1562,benign
Q171L,0.2827,benign
Q171M,0.5584,ambiguous
Q171N,0.4371,ambiguous
Q171P,0.8071,pathogenic
Q171R,0.1681,benign
Q171S,0.3976,ambiguous
Q171T,0.4075,ambiguous
Q171V,0.5781,pathogenic
Q171W,0.8076,pathogenic
Q171Y,0.7368,pathogenic
A172C,0.7292,pathogenic
A172D,0.445,ambiguous
A172E,0.4487,ambiguous
A172F,0.6131,pathogenic
A172G,0.12,benign
A172H,0.6855,pathogenic
A172I,0.6962,pathogenic
A172K,0.6877,pathogenic
A172L,0.4019,ambiguous
A172M,0.3876,ambiguous
A172N,0.3633,ambiguous
A172P,0.3363,benign
A172Q,0.5026,ambiguous
A172R,0.5726,pathogenic
A172S,0.1131,benign
A172T,0.1263,benign
A172V,0.3427,ambiguous
A172W,0.8879,pathogenic
A172Y,0.7078,pathogenic
T173A,0.1007,benign
T173C,0.6763,pathogenic
T173D,0.8243,pathogenic
T173E,0.7367,pathogenic
T173F,0.5993,pathogenic
T173G,0.4511,ambiguous
T173H,0.6175,pathogenic
T173I,0.6927,pathogenic
T173K,0.5931,pathogenic
T173L,0.3006,benign
T173M,0.1862,benign
T173N,0.4209,ambiguous
T173P,0.4422,ambiguous
T173Q,0.5419,ambiguous
T173R,0.4119,ambiguous
T173S,0.2062,benign
T173V,0.4334,ambiguous
T173W,0.8972,pathogenic
T173Y,0.7136,pathogenic
L174A,0.9017,pathogenic
L174C,0.8881,pathogenic
L174D,0.998,pathogenic
L174E,0.9861,pathogenic
L174F,0.2448,benign
L174G,0.9812,pathogenic
L174H,0.9299,pathogenic
L174I,0.1796,benign
L174K,0.9549,pathogenic
L174M,0.2324,benign
L174N,0.9866,pathogenic
L174P,0.981,pathogenic
L174Q,0.9055,pathogenic
L174R,0.8849,pathogenic
L174S,0.9719,pathogenic
L174T,0.9209,pathogenic
L174V,0.1811,benign
L174W,0.7783,pathogenic
L174Y,0.8572,pathogenic
T175A,0.2888,benign
T175C,0.7434,pathogenic
T175D,0.8856,pathogenic
T175E,0.7087,pathogenic
T175F,0.5335,ambiguous
T175G,0.7463,pathogenic
T175H,0.4773,ambiguous
T175I,0.2956,benign
T175K,0.3964,ambiguous
T175L,0.1819,benign
T175M,0.1524,benign
T175N,0.4749,ambiguous
T175P,0.6529,pathogenic
T175Q,0.4183,ambiguous
T175R,0.2877,benign
T175S,0.3878,ambiguous
T175V,0.256,benign
T175W,0.8493,pathogenic
T175Y,0.647,pathogenic
L176A,0.9196,pathogenic
L176C,0.9628,pathogenic
L176D,0.9978,pathogenic
L176E,0.9862,pathogenic
L176F,0.8179,pathogenic
L176G,0.982,pathogenic
L176H,0.9805,pathogenic
L176I,0.3294,benign
L176K,0.9751,pathogenic
L176M,0.4558,ambiguous
L176N,0.9876,pathogenic
L176P,0.9584,pathogenic
L176Q,0.9535,pathogenic
L176R,0.9329,pathogenic
L176S,0.9791,pathogenic
L176T,0.9076,pathogenic
L176V,0.2342,benign
L176W,0.9707,pathogenic
L176Y,0.9834,pathogenic
T177A,0.0556,benign
T177C,0.2939,benign
T177D,0.1801,benign
T177E,0.1597,benign
T177F,0.1657,benign
T177G,0.1505,benign
T177H,0.1325,benign
T177I,0.1404,benign
T177K,0.1066,benign
T177L,0.0813,benign
T177M,0.0911,benign
T177N,0.0923,benign
T177P,0.1519,benign
T177Q,0.123,benign
T177R,0.0793,benign
T177S,0.0737,benign
T177V,0.1158,benign
T177W,0.3681,ambiguous
T177Y,0.1835,benign
Q178A,0.2577,benign
Q178C,0.6543,pathogenic
Q178D,0.4677,ambiguous
Q178E,0.08,benign
Q178F,0.8394,pathogenic
Q178G,0.2738,benign
Q178H,0.3026,benign
Q178I,0.649,pathogenic
Q178K,0.0957,benign
Q178L,0.2743,benign
Q178M,0.5333,ambiguous
Q178N,0.4767,ambiguous
Q178P,0.5424,ambiguous
Q178R,0.0726,benign
Q178S,0.3276,benign
Q178T,0.2785,benign
Q178V,0.3761,ambiguous
Q178W,0.5655,pathogenic
Q178Y,0.6316,pathogenic
G179A,0.4917,ambiguous
G179C,0.742,pathogenic
G179D,0.4177,ambiguous
G179E,0.5929,pathogenic
G179F,0.9078,pathogenic
G179H,0.926,pathogenic
G179I,0.8136,pathogenic
G179K,0.9344,pathogenic
G179L,0.8626,pathogenic
G179M,0.8916,pathogenic
G179N,0.7601,pathogenic
G179P,0.9168,pathogenic
G179Q,0.8845,pathogenic
G179R,0.9101,pathogenic
G179S,0.4017,ambiguous
G179T,0.7021,pathogenic
G179V,0.7031,pathogenic
G179W,0.865,pathogenic
G179Y,0.8305,pathogenic
P180A,0.8514,pathogenic
P180C,0.9885,pathogenic
P180D,0.9964,pathogenic
P180E,0.9886,pathogenic
P180F,0.9923,pathogenic
P180G,0.9887,pathogenic
P180H,0.9793,pathogenic
P180I,0.9629,pathogenic
P180K,0.9886,pathogenic
P180L,0.8733,pathogenic
P180M,0.9859,pathogenic
P180N,0.9963,pathogenic
P180Q,0.9796,pathogenic
P180R,0.9509,pathogenic
P180S,0.9752,pathogenic
P180T,0.957,pathogenic
P180V,0.9391,pathogenic
P180W,0.9968,pathogenic
P180Y,0.9942,pathogenic
S181A,0.0931,benign
S181C,0.1179,benign
S181D,0.5103,ambiguous
S181E,0.559,ambiguous
S181F,0.28,benign
S181G,0.1277,benign
S181H,0.4401,ambiguous
S181I,0.3018,benign
S181K,0.7142,pathogenic
S181L,0.1285,benign
S181M,0.3045,benign
S181N,0.2245,benign
S181P,0.7674,pathogenic
S181Q,0.524,ambiguous
S181R,0.5544,ambiguous
S181T,0.1059,benign
S181V,0.2491,benign
S181W,0.4633,ambiguous
S181Y,0.2825,benign
C182A,0.5093,ambiguous
C182D,0.595,pathogenic
C182E,0.7899,pathogenic
C182F,0.4431,ambiguous
C182G,0.16,benign
C182H,0.399,ambiguous
C182I,0.8291,pathogenic
C182K,0.74,pathogenic
C182L,0.677,pathogenic
C182M,0.8254,pathogenic
C182N,0.4094,ambiguous
C182P,0.9877,pathogenic
C182Q,0.4928,ambiguous
C182R,0.2707,benign
C182S,0.1993,benign
C182T,0.5471,ambiguous
C182V,0.7218,pathogenic
C182W,0.7488,pathogenic
C182Y,0.5294,ambiguous
W183A,0.9674,pathogenic
W183C,0.993,pathogenic
W183D,0.9948,pathogenic
W183E,0.9925,pathogenic
W183F,0.727,pathogenic
W183G,0.9226,pathogenic
W183H,0.9879,pathogenic
W183I,0.971,pathogenic
W183K,0.9941,pathogenic
W183L,0.8926,pathogenic
W183M,0.9718,pathogenic
W183N,0.9954,pathogenic
W183P,0.9841,pathogenic
W183Q,0.9939,pathogenic
W183R,0.986,pathogenic
W183S,0.9448,pathogenic
W183T,0.9744,pathogenic
W183V,0.9656,pathogenic
W183Y,0.928,pathogenic
D184A,0.1455,benign
D184C,0.6014,pathogenic
D184E,0.0777,benign
D184F,0.6875,pathogenic
D184G,0.1518,benign
D184H,0.2755,benign
D184I,0.4223,ambiguous
D184K,0.2337,benign
D184L,0.3925,ambiguous
D184M,0.5673,pathogenic
D184N,0.1095,benign
D184P,0.5377,ambiguous
D184Q,0.2225,benign
D184R,0.2933,benign
D184S,0.1298,benign
D184T,0.2582,benign
D184V,0.2382,benign
D184W,0.8092,pathogenic
D184Y,0.2782,benign
D185A,0.9314,pathogenic
D185C,0.9911,pathogenic
D185E,0.916,pathogenic
D185F,0.9948,pathogenic
D185G,0.9479,pathogenic
D185H,0.9097,pathogenic
D185I,0.9928,pathogenic
D185K,0.983,pathogenic
D185L,0.9889,pathogenic
D185M,0.9944,pathogenic
D185N,0.7042,pathogenic
D185P,0.9971,pathogenic
D185Q,0.9768,pathogenic
D185R,0.9839,pathogenic
D185S,0.8394,pathogenic
D185T,0.9705,pathogenic
D185V,0.9717,pathogenic
D185W,0.9981,pathogenic
D185Y,0.9439,pathogenic
V186A,0.9418,pathogenic
V186C,0.9897,pathogenic
V186D,0.9934,pathogenic
V186E,0.9842,pathogenic
V186F,0.9106,pathogenic
V186G,0.9597,pathogenic
V186H,0.9964,pathogenic
V186I,0.1473,benign
V186K,0.9882,pathogenic
V186L,0.869,pathogenic
V186M,0.8677,pathogenic
V186N,0.9887,pathogenic
V186P,0.9911,pathogenic
V186Q,0.989,pathogenic
V186R,0.9743,pathogenic
V186S,0.9733,pathogenic
V186T,0.933,pathogenic
V186W,0.9984,pathogenic
V186Y,0.9918,pathogenic
L187A,0.6604,pathogenic
L187C,0.7823,pathogenic
L187D,0.9495,pathogenic
L187E,0.6856,pathogenic
L187F,0.4555,ambiguous
L187G,0.8655,pathogenic
L187H,0.6449,pathogenic
L187I,0.1904,benign
L187K,0.61,pathogenic
L187M,0.1913,benign
L187N,0.7865,pathogenic
L187P,0.9581,pathogenic
L187Q,0.3343,benign
L187R,0.4523,ambiguous
L187S,0.7106,pathogenic
L187T,0.4942,ambiguous
L187V,0.2024,benign
L187W,0.6659,pathogenic
L187Y,0.8154,pathogenic
I188A,0.3097,benign
I188C,0.5511,ambiguous
I188D,0.4866,ambiguous
I188E,0.3082,benign
I188F,0.1206,benign
I188G,0.5839,pathogenic
I188H,0.2662,benign
I188K,0.2145,benign
I188L,0.0819,benign
I188M,0.0977,benign
I188N,0.1785,benign
I188P,0.8074,pathogenic
I188Q,0.2169,benign
I188R,0.1584,benign
I188S,0.2169,benign
I188T,0.1767,benign
I188V,0.0929,benign
I188W,0.5924,pathogenic
I188Y,0.3188,benign
P189A,0.106,benign
P189C,0.4534,ambiguous
P189D,0.531,ambiguous
P189E,0.2976,benign
P189F,0.6329,pathogenic
P189G,0.3371,benign
P189H,0.2002,benign
P189I,0.5249,ambiguous
P189K,0.2263,benign
P189L,0.2014,benign
P189M,0.5049,ambiguous
P189N,0.4219,ambiguous
P189Q,0.1493,benign
P189R,0.1048,benign
P189S,0.1453,benign
P189T,0.1548,benign
P189V,0.3658,ambiguous
P189W,0.607,pathogenic
P189Y,0.527,ambiguous
N190A,0.1787,benign
N190C,0.2317,benign
N190D,0.0826,benign
N190E,0.2043,benign
N190F,0.4906,ambiguous
N190G,0.1225,benign
N190H,0.0815,benign
N190I,0.3914,ambiguous
N190K,0.1443,benign
N190L,0.27,benign
N190M,0.3801,ambiguous
N190P,0.6144,pathogenic
N190Q,0.1776,benign
N190R,0.1504,benign
N190S,0.0788,benign
N190T,0.1817,benign
N190V,0.3371,benign
N190W,0.6241,pathogenic
N190Y,0.161,benign
R191A,0.4517,ambiguous
R191C,0.1648,benign
R191D,0.8111,pathogenic
R191E,0.3605,ambiguous
R191F,0.691,pathogenic
R191G,0.3249,benign
R191H,0.1387,benign
R191I,0.394,ambiguous
R191K,0.1218,benign
R191L,0.3054,benign
R191M,0.4069,ambiguous
R191N,0.6545,pathogenic
R191P,0.9217,pathogenic
R191Q,0.0748,benign
R191S,0.5414,ambiguous
R191T,0.3064,benign
R191V,0.4184,ambiguous
R191W,0.2682,benign
R191Y,0.5006,ambiguous
M192A,0.9065,pathogenic
M192C,0.9357,pathogenic
M192D,0.9941,pathogenic
M192E,0.9414,pathogenic
M192F,0.5732,pathogenic
M192G,0.9663,pathogenic
M192H,0.931,pathogenic
M192I,0.3738,ambiguous
M192K,0.6426,pathogenic
M192L,0.1594,benign
M192N,0.9591,pathogenic
M192P,0.9716,pathogenic
M192Q,0.7225,pathogenic
M192R,0.6603,pathogenic
M192S,0.942,pathogenic
M192T,0.8646,pathogenic
M192V,0.1959,benign
M192W,0.9173,pathogenic
M192Y,0.8843,pathogenic
S193A,0.0717,benign
S193C,0.0916,benign
S193D,0.1928,benign
S193E,0.2007,benign
S193F,0.1576,benign
S193G,0.0731,benign
S193H,0.1105,benign
S193I,0.1061,benign
S193K,0.1538,benign
S193L,0.1009,benign
S193M,0.1554,benign
S193N,0.0828,benign
S193P,0.159,benign
S193Q,0.1596,benign
S193R,0.1065,benign
S193T,0.0689,benign
S193V,0.1376,benign
S193W,0.1682,benign
S193Y,0.1286,benign
G194A,0.4321,ambiguous
G194C,0.8392,pathogenic
G194D,0.981,pathogenic
G194E,0.9765,pathogenic
G194F,0.9853,pathogenic
G194H,0.9902,pathogenic
G194I,0.9423,pathogenic
G194K,0.9807,pathogenic
G194L,0.9592,pathogenic
G194M,0.9758,pathogenic
G194N,0.9868,pathogenic
G194P,0.9932,pathogenic
G194Q,0.9718,pathogenic
G194R,0.924,pathogenic
G194S,0.6336,pathogenic
G194T,0.8633,pathogenic
G194V,0.847,pathogenic
G194W,0.9662,pathogenic
G194Y,0.9861,pathogenic
E195A,0.1197,benign
E195C,0.6212,pathogenic
E195D,0.1741,benign
E195F,0.4874,ambiguous
E195G,0.2035,benign
E195H,0.2189,benign
E195I,0.1742,benign
E195K,0.0739,benign
E195L,0.2208,benign
E195M,0.2627,benign
E195N,0.2151,benign
E195P,0.7637,pathogenic
E195Q,0.0819,benign
E195R,0.1119,benign
E195S,0.1728,benign
E195T,0.1354,benign
E195V,0.1161,benign
E195W,0.7046,pathogenic
E195Y,0.3846,ambiguous
C196A,0.9936,pathogenic
C196D,0.998,pathogenic
C196E,0.9991,pathogenic
C196F,0.9653,pathogenic
C196G,0.9654,pathogenic
C196H,0.9954,pathogenic
C196I,0.9898,pathogenic
C196K,0.9993,pathogenic
C196L,0.9785,pathogenic
C196M,0.9929,pathogenic
C196N,0.997,pathogenic
C196P,0.9956,pathogenic
C196Q,0.9991,pathogenic
C196R,0.9939,pathogenic
C196S,0.9946,pathogenic
C196T,0.9967,pathogenic
C196V,0.9843,pathogenic
C196W,0.9871,pathogenic
C196Y,0.9737,pathogenic
Q197A,0.3443,ambiguous
Q197C,0.6465,pathogenic
Q197D,0.6319,pathogenic
Q197E,0.1212,benign
Q197F,0.6573,pathogenic
Q197G,0.3752,ambiguous
Q197H,0.2554,benign
Q197I,0.4993,ambiguous
Q197K,0.1224,benign
Q197L,0.1393,benign
Q197M,0.4468,ambiguous
Q197N,0.4524,ambiguous
Q197P,0.4795,ambiguous
Q197R,0.0993,benign
Q197S,0.4063,ambiguous
Q197T,0.3663,ambiguous
Q197V,0.3454,ambiguous
Q197W,0.551,ambiguous
Q197Y,0.5066,ambiguous
S198A,0.0936,benign
S198C,0.1314,benign
S198D,0.4143,ambiguous
S198E,0.4995,ambiguous
S198F,0.1176,benign
S198G,0.1844,benign
S198H,0.2907,benign
S198I,0.2123,benign
S198K,0.717,pathogenic
S198L,0.1084,benign
S198M,0.2149,benign
S198N,0.2119,benign
S198P,0.7452,pathogenic
S198Q,0.4907,ambiguous
S198R,0.6391,pathogenic
S198T,0.1184,benign
S198V,0.1998,benign
S198W,0.2229,benign
S198Y,0.12,benign
P199A,0.0613,benign
P199C,0.2587,benign
P199D,0.1767,benign
P199E,0.1264,benign
P199F,0.2395,benign
P199G,0.1629,benign
P199H,0.1081,benign
P199I,0.1596,benign
P199K,0.1449,benign
P199L,0.0767,benign
P199M,0.1927,benign
P199N,0.1665,benign
P199Q,0.0868,benign
P199R,0.0848,benign
P199S,0.0752,benign
P199T,0.0758,benign
P199V,0.1177,benign
P199W,0.3038,benign
P199Y,0.2319,benign
H200A,0.0786,benign
H200C,0.0898,benign
H200D,0.05,benign
H200E,0.1059,benign
H200F,0.1744,benign
H200G,0.0657,benign
H200I,0.1511,benign
H200K,0.1199,benign
H200L,0.077,benign
H200M,0.2517,benign
H200N,0.0461,benign
H200P,0.1164,benign
H200Q,0.0874,benign
H200R,0.0705,benign
H200S,0.0632,benign
H200T,0.0908,benign
H200V,0.1056,benign
H200W,0.25,benign
H200Y,0.074,benign
C201A,0.9868,pathogenic
C201D,0.9927,pathogenic
C201E,0.997,pathogenic
C201F,0.929,pathogenic
C201G,0.9339,pathogenic
C201H,0.9772,pathogenic
C201I,0.977,pathogenic
C201K,0.9978,pathogenic
C201L,0.9664,pathogenic
C201M,0.9916,pathogenic
C201N,0.9919,pathogenic
C201P,0.9919,pathogenic
C201Q,0.9938,pathogenic
C201R,0.9799,pathogenic
C201S,0.9719,pathogenic
C201T,0.9889,pathogenic
C201V,0.975,pathogenic
C201W,0.9789,pathogenic
C201Y,0.9681,pathogenic
P202A,0.0646,benign
P202C,0.2403,benign
P202D,0.1833,benign
P202E,0.1423,benign
P202F,0.2509,benign
P202G,0.1643,benign
P202H,0.0949,benign
P202I,0.2039,benign
P202K,0.1485,benign
P202L,0.083,benign
P202M,0.2143,benign
P202N,0.1687,benign
P202Q,0.0942,benign
P202R,0.0838,benign
P202S,0.0756,benign
P202T,0.0728,benign
P202V,0.1412,benign
P202W,0.3052,benign
P202Y,0.2407,benign
G203A,0.3275,benign
G203C,0.6347,pathogenic
G203D,0.6753,pathogenic
G203E,0.6756,pathogenic
G203F,0.9335,pathogenic
G203H,0.8548,pathogenic
G203I,0.8625,pathogenic
G203K,0.8756,pathogenic
G203L,0.8744,pathogenic
G203M,0.9056,pathogenic
G203N,0.7489,pathogenic
G203P,0.9665,pathogenic
G203Q,0.777,pathogenic
G203R,0.7591,pathogenic
G203S,0.2279,benign
G203T,0.6145,pathogenic
G203V,0.7086,pathogenic
G203W,0.8986,pathogenic
G203Y,0.893,pathogenic
T204A,0.0767,benign
T204C,0.325,benign
T204D,0.1828,benign
T204E,0.1661,benign
T204F,0.1672,benign
T204G,0.1587,benign
T204H,0.1362,benign
T204I,0.1378,benign
T204K,0.0934,benign
T204L,0.0949,benign
T204M,0.0971,benign
T204N,0.0773,benign
T204P,0.1437,benign
T204Q,0.1291,benign
T204R,0.0732,benign
T204S,0.0879,benign
T204V,0.1203,benign
T204W,0.4151,ambiguous
T204Y,0.1992,benign
S205A,0.0644,benign
S205C,0.0732,benign
S205D,0.1734,benign
S205E,0.1623,benign
S205F,0.1374,benign
S205G,0.0714,benign
S205H,0.104,benign
S205I,0.0785,benign
S205K,0.1312,benign
S205L,0.0885,benign
S205M,0.1154,benign
S205N,0.0877,benign
S205P,0.3714,ambiguous
S205Q,0.1353,benign
S205R,0.0869,benign
S205T,0.0597,benign
S205V,0.0922,benign
S205W,0.1555,benign
S205Y,0.1155,benign
A206C,0.8372,pathogenic
A206D,0.9839,pathogenic
A206E,0.9544,pathogenic
A206F,0.9518,pathogenic
A206G,0.4829,ambiguous
A206H,0.9819,pathogenic
A206I,0.818,pathogenic
A206K,0.9731,pathogenic
A206L,0.746,pathogenic
A206M,0.8559,pathogenic
A206N,0.9736,pathogenic
A206P,0.8618,pathogenic
A206Q,0.9246,pathogenic
A206R,0.896,pathogenic
A206S,0.3826,ambiguous
A206T,0.5083,ambiguous
A206V,0.4422,ambiguous
A206W,0.9902,pathogenic
A206Y,0.9801,pathogenic
E207A,0.2647,benign
E207C,0.8932,pathogenic
E207D,0.3634,ambiguous
E207F,0.8756,pathogenic
E207G,0.449,ambiguous
E207H,0.5761,pathogenic
E207I,0.5015,ambiguous
E207K,0.2068,benign
E207L,0.5968,pathogenic
E207M,0.5991,pathogenic
E207N,0.5023,ambiguous
E207P,0.9762,pathogenic
E207Q,0.1589,benign
E207R,0.2898,benign
E207S,0.3414,ambiguous
E207T,0.3226,benign
E207V,0.2868,benign
E207W,0.9458,pathogenic
E207Y,0.8115,pathogenic
F208A,0.9946,pathogenic
F208C,0.9857,pathogenic
F208D,0.9975,pathogenic
F208E,0.9982,pathogenic
F208G,0.9942,pathogenic
F208H,0.9915,pathogenic
F208I,0.9477,pathogenic
F208K,0.998,pathogenic
F208L,0.997,pathogenic
F208M,0.9844,pathogenic
F208N,0.9925,pathogenic
F208P,0.9996,pathogenic
F208Q,0.998,pathogenic
F208R,0.9941,pathogenic
F208S,0.994,pathogenic
F208T,0.9954,pathogenic
F208V,0.9479,pathogenic
F208W,0.9475,pathogenic
F208Y,0.7145,pathogenic
F209A,0.9163,pathogenic
F209C,0.7023,pathogenic
F209D,0.9753,pathogenic
F209E,0.9824,pathogenic
F209G,0.9675,pathogenic
F209H,0.7271,pathogenic
F209I,0.5675,pathogenic
F209K,0.9737,pathogenic
F209L,0.9576,pathogenic
F209M,0.8921,pathogenic
F209N,0.9164,pathogenic
F209P,0.9985,pathogenic
F209Q,0.9457,pathogenic
F209R,0.8915,pathogenic
F209S,0.7712,pathogenic
F209T,0.8671,pathogenic
F209V,0.5295,ambiguous
F209W,0.6726,pathogenic
F209Y,0.1473,benign
F210A,0.9843,pathogenic
F210C,0.932,pathogenic
F210D,0.9988,pathogenic
F210E,0.9981,pathogenic
F210G,0.9912,pathogenic
F210H,0.9854,pathogenic
F210I,0.8929,pathogenic
F210K,0.9973,pathogenic
F210L,0.9303,pathogenic
F210M,0.8883,pathogenic
F210N,0.9955,pathogenic
F210P,0.9984,pathogenic
F210Q,0.9908,pathogenic
F210R,0.9874,pathogenic
F210S,0.982,pathogenic
F210T,0.9916,pathogenic
F210V,0.8919,pathogenic
F210W,0.9212,pathogenic
F210Y,0.8007,pathogenic
K211A,0.9707,pathogenic
K211C,0.9709,pathogenic
K211D,0.9966,pathogenic
K211E,0.9735,pathogenic
K211F,0.9936,pathogenic
K211G,0.9855,pathogenic
K211H,0.8563,pathogenic
K211I,0.961,pathogenic
K211L,0.9266,pathogenic
K211M,0.9335,pathogenic
K211N,0.9894,pathogenic
K211P,0.9903,pathogenic
K211Q,0.7878,pathogenic
K211R,0.1896,benign
K211S,0.975,pathogenic
K211T,0.9129,pathogenic
K211V,0.9515,pathogenic
K211W,0.9862,pathogenic
K211Y,0.9744,pathogenic
C212A,0.9927,pathogenic
C212D,0.9968,pathogenic
C212E,0.9993,pathogenic
C212F,0.9831,pathogenic
C212G,0.9593,pathogenic
C212H,0.9958,pathogenic
C212I,0.9966,pathogenic
C212K,0.9996,pathogenic
C212L,0.9898,pathogenic
C212M,0.9967,pathogenic
C212N,0.9975,pathogenic
C212P,0.9971,pathogenic
C212Q,0.9993,pathogenic
C212R,0.9946,pathogenic
C212S,0.9929,pathogenic
C212T,0.9966,pathogenic
C212V,0.9916,pathogenic
C212W,0.9872,pathogenic
C212Y,0.9825,pathogenic
G213A,0.1009,benign
G213C,0.3088,benign
G213D,0.7114,pathogenic
G213E,0.59,pathogenic
G213F,0.8453,pathogenic
G213H,0.6953,pathogenic
G213I,0.5579,ambiguous
G213K,0.7203,pathogenic
G213L,0.671,pathogenic
G213M,0.6973,pathogenic
G213N,0.6289,pathogenic
G213P,0.9637,pathogenic
G213Q,0.5633,ambiguous
G213R,0.4446,ambiguous
G213S,0.0977,benign
G213T,0.2734,benign
G213V,0.3771,ambiguous
G213W,0.7402,pathogenic
G213Y,0.7846,pathogenic
A214C,0.3988,ambiguous
A214D,0.1883,benign
A214E,0.1875,benign
A214F,0.2449,benign
A214G,0.1448,benign
A214H,0.3534,ambiguous
A214I,0.2258,benign
A214K,0.3503,ambiguous
A214L,0.1761,benign
A214M,0.204,benign
A214N,0.19,benign
A214P,0.5628,ambiguous
A214Q,0.2661,benign
A214R,0.2693,benign
A214S,0.081,benign
A214T,0.0814,benign
A214V,0.111,benign
A214W,0.6519,pathogenic
A214Y,0.3924,ambiguous
H215A,0.9747,pathogenic
H215C,0.6319,pathogenic
H215D,0.9437,pathogenic
H215E,0.9739,pathogenic
H215F,0.9053,pathogenic
H215G,0.9593,pathogenic
H215I,0.9712,pathogenic
H215K,0.9676,pathogenic
H215L,0.8013,pathogenic
H215M,0.9735,pathogenic
H215N,0.8736,pathogenic
H215P,0.7386,pathogenic
H215Q,0.9672,pathogenic
H215R,0.9,pathogenic
H215S,0.9365,pathogenic
H215T,0.9798,pathogenic
H215V,0.9622,pathogenic
H215W,0.8961,pathogenic
H215Y,0.7536,pathogenic
P216A,0.1253,benign
P216C,0.5975,pathogenic
P216D,0.6511,pathogenic
P216E,0.4315,ambiguous
P216F,0.6224,pathogenic
P216G,0.518,ambiguous
P216H,0.289,benign
P216I,0.4331,ambiguous
P216K,0.4807,ambiguous
P216L,0.1661,benign
P216M,0.4895,ambiguous
P216N,0.5818,pathogenic
P216Q,0.2594,benign
P216R,0.2329,benign
P216S,0.2103,benign
P216T,0.1782,benign
P216V,0.3029,benign
P216W,0.7385,pathogenic
P216Y,0.6194,pathogenic
T217A,0.1122,benign
T217C,0.7046,pathogenic
T217D,0.7713,pathogenic
T217E,0.7026,pathogenic
T217F,0.6505,pathogenic
T217G,0.3737,ambiguous
T217H,0.6313,pathogenic
T217I,0.5208,ambiguous
T217K,0.5879,pathogenic
T217L,0.2454,benign
T217M,0.2189,benign
T217N,0.3845,ambiguous
T217P,0.178,benign
T217Q,0.552,ambiguous
T217R,0.4368,ambiguous
T217S,0.1882,benign
T217V,0.3252,benign
T217W,0.9113,pathogenic
T217Y,0.7634,pathogenic
S218A,0.0757,benign
S218C,0.1152,benign
S218D,0.3087,benign
S218E,0.4167,ambiguous
S218F,0.2268,benign
S218G,0.0943,benign
S218H,0.3559,ambiguous
S218I,0.2503,benign
S218K,0.5886,pathogenic
S218L,0.1002,benign
S218M,0.219,benign
S218N,0.1747,benign
S218P,0.1824,benign
S218Q,0.4606,ambiguous
S218R,0.4823,ambiguous
S218T,0.0831,benign
S218V,0.1985,benign
S218W,0.277,benign
S218Y,0.2218,benign
D219A,0.1227,benign
D219C,0.4685,ambiguous
D219E,0.1142,benign
D219F,0.5165,ambiguous
D219G,0.1061,benign
D219H,0.2061,benign
D219I,0.3207,benign
D219K,0.2646,benign
D219L,0.2785,benign
D219M,0.5288,ambiguous
D219N,0.0889,benign
D219P,0.3503,ambiguous
D219Q,0.2201,benign
D219R,0.2673,benign
D219S,0.0995,benign
D219T,0.2011,benign
D219V,0.1861,benign
D219W,0.7744,pathogenic
D219Y,0.2186,benign
K220A,0.1476,benign
K220C,0.5034,ambiguous
K220D,0.1858,benign
K220E,0.0645,benign
K220F,0.6226,pathogenic
K220G,0.1652,benign
K220H,0.2164,benign
K220I,0.2981,benign
K220L,0.2214,benign
K220M,0.159,benign
K220N,0.1666,benign
K220P,0.3968,ambiguous
K220Q,0.0843,benign
K220R,0.0757,benign
K220S,0.1585,benign
K220T,0.0904,benign
K220V,0.2268,benign
K220W,0.5596,ambiguous
K220Y,0.4492,ambiguous
E221A,0.2452,benign
E221C,0.8862,pathogenic
E221D,0.0815,benign
E221F,0.8687,pathogenic
E221G,0.2271,benign
E221H,0.6568,pathogenic
E221I,0.6429,pathogenic
E221K,0.3779,ambiguous
E221L,0.6555,pathogenic
E221M,0.6907,pathogenic
E221N,0.304,benign
E221P,0.8031,pathogenic
E221Q,0.2864,benign
E221R,0.5346,ambiguous
E221S,0.322,benign
E221T,0.3981,ambiguous
E221V,0.3697,ambiguous
E221W,0.9415,pathogenic
E221Y,0.7249,pathogenic
T222A,0.1001,benign
T222C,0.5161,ambiguous
T222D,0.4029,ambiguous
T222E,0.2915,benign
T222F,0.3004,benign
T222G,0.2976,benign
T222H,0.2605,benign
T222I,0.2076,benign
T222K,0.1522,benign
T222L,0.1385,benign
T222M,0.0989,benign
T222N,0.129,benign
T222P,0.1331,benign
T222Q,0.216,benign
T222R,0.1209,benign
T222S,0.1528,benign
T222V,0.1798,benign
T222W,0.6484,pathogenic
T222Y,0.3336,benign
S223A,0.1119,benign
S223C,0.2018,benign
S223D,0.9572,pathogenic
S223E,0.9656,pathogenic
S223F,0.76,pathogenic
S223G,0.3247,benign
S223H,0.9275,pathogenic
S223I,0.7222,pathogenic
S223K,0.9938,pathogenic
S223L,0.3976,ambiguous
S223M,0.6137,pathogenic
S223N,0.7916,pathogenic
S223P,0.7942,pathogenic
S223Q,0.9562,pathogenic
S223R,0.9825,pathogenic
S223T,0.2657,benign
S223V,0.5445,ambiguous
S223W,0.8485,pathogenic
S223Y,0.7642,pathogenic
V224A,0.2795,benign
V224C,0.9332,pathogenic
V224D,0.9183,pathogenic
V224E,0.8501,pathogenic
V224F,0.6212,pathogenic
V224G,0.6938,pathogenic
V224H,0.9588,pathogenic
V224I,0.144,benign
V224K,0.9092,pathogenic
V224L,0.6767,pathogenic
V224M,0.4531,ambiguous
V224N,0.8644,pathogenic
V224P,0.8306,pathogenic
V224Q,0.8656,pathogenic
V224R,0.848,pathogenic
V224S,0.584,pathogenic
V224T,0.3995,ambiguous
V224W,0.9871,pathogenic
V224Y,0.9577,pathogenic
A225C,0.7534,pathogenic
A225D,0.9346,pathogenic
A225E,0.8888,pathogenic
A225F,0.7856,pathogenic
A225G,0.3589,ambiguous
A225H,0.9511,pathogenic
A225I,0.4323,ambiguous
A225K,0.9649,pathogenic
A225L,0.4387,ambiguous
A225M,0.5959,pathogenic
A225N,0.8612,pathogenic
A225P,0.1506,benign
A225Q,0.8906,pathogenic
A225R,0.9244,pathogenic
A225S,0.2111,benign
A225T,0.2517,benign
A225V,0.1798,benign
A225W,0.9781,pathogenic
A225Y,0.9331,pathogenic
L226A,0.9648,pathogenic
L226C,0.9704,pathogenic
L226D,0.9987,pathogenic
L226E,0.9937,pathogenic
L226F,0.8747,pathogenic
L226G,0.9902,pathogenic
L226H,0.9845,pathogenic
L226I,0.6138,pathogenic
L226K,0.9895,pathogenic
L226M,0.6249,pathogenic
L226N,0.9909,pathogenic
L226P,0.9828,pathogenic
L226Q,0.9752,pathogenic
L226R,0.9699,pathogenic
L226S,0.985,pathogenic
L226T,0.97,pathogenic
L226V,0.6638,pathogenic
L226W,0.9785,pathogenic
L226Y,0.9878,pathogenic
H227A,0.2156,benign
H227C,0.1989,benign
H227D,0.0961,benign
H227E,0.2879,benign
H227F,0.3579,ambiguous
H227G,0.1958,benign
H227I,0.4032,ambiguous
H227K,0.3012,benign
H227L,0.1633,benign
H227M,0.4884,ambiguous
H227N,0.0435,benign
H227P,0.0722,benign
H227Q,0.2105,benign
H227R,0.1773,benign
H227S,0.1088,benign
H227T,0.1961,benign
H227V,0.3184,benign
H227W,0.4441,ambiguous
H227Y,0.0765,benign
L228A,0.6332,pathogenic
L228C,0.7016,pathogenic
L228D,0.9208,pathogenic
L228E,0.7414,pathogenic
L228F,0.3533,ambiguous
L228G,0.8336,pathogenic
L228H,0.4337,ambiguous
L228I,0.3046,benign
L228K,0.7701,pathogenic
L228M,0.1956,benign
L228N,0.7333,pathogenic
L228P,0.9481,pathogenic
L228Q,0.38,ambiguous
L228R,0.5774,pathogenic
L228S,0.6489,pathogenic
L228T,0.6666,pathogenic
L228V,0.2847,benign
L228W,0.5783,pathogenic
L228Y,0.6875,pathogenic
I229A,0.8113,pathogenic
I229C,0.9551,pathogenic
I229D,0.9969,pathogenic
I229E,0.99,pathogenic
I229F,0.5269,ambiguous
I229G,0.9817,pathogenic
I229H,0.9885,pathogenic
I229K,0.9856,pathogenic
I229L,0.2539,benign
I229M,0.3129,benign
I229N,0.9771,pathogenic
I229P,0.977,pathogenic
I229Q,0.983,pathogenic
I229R,0.9732,pathogenic
I229S,0.9295,pathogenic
I229T,0.7472,pathogenic
I229V,0.0935,benign
I229W,0.9843,pathogenic
I229Y,0.9598,pathogenic
A230C,0.3012,benign
A230D,0.3564,ambiguous
A230E,0.2567,benign
A230F,0.3202,benign
A230G,0.1611,benign
A230H,0.3243,benign
A230I,0.2105,benign
A230K,0.3088,benign
A230L,0.1534,benign
A230M,0.1457,benign
A230N,0.2083,benign
A230P,0.6775,pathogenic
A230Q,0.2515,benign
A230R,0.2095,benign
A230S,0.0856,benign
A230T,0.0546,benign
A230V,0.1171,benign
A230W,0.6636,pathogenic
A230Y,0.4129,ambiguous
T231A,0.0619,benign
T231C,0.3811,ambiguous
T231D,0.3085,benign
T231E,0.2896,benign
T231F,0.2997,benign
T231G,0.1837,benign
T231H,0.2553,benign
T231I,0.2394,benign
T231K,0.2244,benign
T231L,0.1335,benign
T231M,0.1231,benign
T231N,0.1181,benign
T231P,0.0673,benign
T231Q,0.225,benign
T231R,0.1497,benign
T231S,0.0977,benign
T231V,0.1668,benign
T231W,0.5915,pathogenic
T231Y,0.3348,benign
N232A,0.9532,pathogenic
N232C,0.9203,pathogenic
N232D,0.9422,pathogenic
N232E,0.9918,pathogenic
N232F,0.9963,pathogenic
N232G,0.9405,pathogenic
N232H,0.9063,pathogenic
N232I,0.969,pathogenic
N232K,0.9893,pathogenic
N232L,0.9538,pathogenic
N232M,0.9838,pathogenic
N232P,0.9337,pathogenic
N232Q,0.9888,pathogenic
N232R,0.9784,pathogenic
N232S,0.5231,ambiguous
N232T,0.8803,pathogenic
N232V,0.9506,pathogenic
N232W,0.9982,pathogenic
N232Y,0.9562,pathogenic
S233A,0.1247,benign
S233C,0.1195,benign
S233D,0.3842,ambiguous
S233E,0.4753,ambiguous
S233F,0.256,benign
S233G,0.1071,benign
S233H,0.2145,benign
S233I,0.1751,benign
S233K,0.4737,ambiguous
S233L,0.1823,benign
S233M,0.2914,benign
S233N,0.1358,benign
S233P,0.4464,ambiguous
S233Q,0.3633,ambiguous
S233R,0.2888,benign
S233T,0.0886,benign
S233V,0.2299,benign
S233W,0.3068,benign
S233Y,0.2012,benign
R234A,0.514,ambiguous
R234C,0.1981,benign
R234D,0.7652,pathogenic
R234E,0.3831,ambiguous
R234F,0.7132,pathogenic
R234G,0.29,benign
R234H,0.156,benign
R234I,0.4957,ambiguous
R234K,0.1408,benign
R234L,0.3069,benign
R234M,0.4234,ambiguous
R234N,0.7115,pathogenic
R234P,0.7678,pathogenic
R234Q,0.0882,benign
R234S,0.617,pathogenic
R234T,0.4362,ambiguous
R234V,0.5594,ambiguous
R234W,0.1987,benign
R234Y,0.5217,ambiguous
N235A,0.135,benign
N235C,0.1779,benign
N235D,0.0567,benign
N235E,0.1497,benign
N235F,0.3886,ambiguous
N235G,0.1093,benign
N235H,0.0826,benign
N235I,0.2774,benign
N235K,0.1493,benign
N235L,0.2297,benign
N235M,0.3054,benign
N235P,0.5541,ambiguous
N235Q,0.1543,benign
N235R,0.1486,benign
N235S,0.0766,benign
N235T,0.1396,benign
N235V,0.2376,benign
N235W,0.5422,ambiguous
N235Y,0.1244,benign
I236A,0.7224,pathogenic
I236C,0.8285,pathogenic
I236D,0.9331,pathogenic
I236E,0.8793,pathogenic
I236F,0.4392,ambiguous
I236G,0.9177,pathogenic
I236H,0.8201,pathogenic
I236K,0.7586,pathogenic
I236L,0.2817,benign
I236M,0.2613,benign
I236N,0.5816,pathogenic
I236P,0.934,pathogenic
I236Q,0.8088,pathogenic
I236R,0.6283,pathogenic
I236S,0.6752,pathogenic
I236T,0.5297,ambiguous
I236V,0.089,benign
I236W,0.9463,pathogenic
I236Y,0.8039,pathogenic
T237A,0.0677,benign
T237C,0.3027,benign
T237D,0.2775,benign
T237E,0.2671,benign
T237F,0.2414,benign
T237G,0.1877,benign
T237H,0.1964,benign
T237I,0.1708,benign
T237K,0.2125,benign
T237L,0.1101,benign
T237M,0.1172,benign
T237N,0.1114,benign
T237P,0.055,benign
T237Q,0.2078,benign
T237R,0.1547,benign
T237S,0.0862,benign
T237V,0.1474,benign
T237W,0.5424,ambiguous
T237Y,0.2454,benign
C238A,0.994,pathogenic
C238D,0.9985,pathogenic
C238E,0.9998,pathogenic
C238F,0.9917,pathogenic
C238G,0.971,pathogenic
C238H,0.998,pathogenic
C238I,0.9987,pathogenic
C238K,0.9999,pathogenic
C238L,0.9949,pathogenic
C238M,0.9985,pathogenic
C238N,0.9987,pathogenic
C238P,0.9986,pathogenic
C238Q,0.9997,pathogenic
C238R,0.9977,pathogenic
C238S,0.9922,pathogenic
C238T,0.9982,pathogenic
C238V,0.995,pathogenic
C238W,0.9972,pathogenic
C238Y,0.9952,pathogenic
I239A,0.8778,pathogenic
I239C,0.949,pathogenic
I239D,0.9945,pathogenic
I239E,0.9886,pathogenic
I239F,0.5773,pathogenic
I239G,0.9811,pathogenic
I239H,0.9787,pathogenic
I239K,0.9781,pathogenic
I239L,0.2156,benign
I239M,0.2775,benign
I239N,0.9429,pathogenic
I239P,0.966,pathogenic
I239Q,0.9761,pathogenic
I239R,0.9573,pathogenic
I239S,0.903,pathogenic
I239T,0.9142,pathogenic
I239V,0.172,benign
I239W,0.9813,pathogenic
I239Y,0.9393,pathogenic
T240A,0.0858,benign
T240C,0.6053,pathogenic
T240D,0.9368,pathogenic
T240E,0.9147,pathogenic
T240F,0.7198,pathogenic
T240G,0.4416,ambiguous
T240H,0.8195,pathogenic
T240I,0.4074,ambiguous
T240K,0.8989,pathogenic
T240L,0.2565,benign
T240M,0.234,benign
T240N,0.5575,ambiguous
T240P,0.4416,ambiguous
T240Q,0.8209,pathogenic
T240R,0.7977,pathogenic
T240S,0.2166,benign
T240V,0.29,benign
T240W,0.9604,pathogenic
T240Y,0.8315,pathogenic
C241A,0.9922,pathogenic
C241D,0.9952,pathogenic
C241E,0.9991,pathogenic
C241F,0.9786,pathogenic
C241G,0.9465,pathogenic
C241H,0.9925,pathogenic
C241I,0.9978,pathogenic
C241K,0.9994,pathogenic
C241L,0.9921,pathogenic
C241M,0.9966,pathogenic
C241N,0.9965,pathogenic
C241P,0.9981,pathogenic
C241Q,0.9986,pathogenic
C241R,0.9893,pathogenic
C241S,0.9867,pathogenic
C241T,0.9961,pathogenic
C241V,0.9929,pathogenic
C241W,0.9894,pathogenic
C241Y,0.9882,pathogenic
T242A,0.0895,benign
T242C,0.4647,ambiguous
T242D,0.5269,ambiguous
T242E,0.3057,benign
T242F,0.4463,ambiguous
T242G,0.1619,benign
T242H,0.3774,ambiguous
T242I,0.4351,ambiguous
T242K,0.1884,benign
T242L,0.1118,benign
T242M,0.0849,benign
T242N,0.214,benign
T242P,0.2744,benign
T242Q,0.2213,benign
T242R,0.1299,benign
T242S,0.144,benign
T242V,0.2554,benign
T242W,0.7046,pathogenic
T242Y,0.5036,ambiguous
D243A,0.456,ambiguous
D243C,0.9082,pathogenic
D243E,0.3504,ambiguous
D243F,0.9209,pathogenic
D243G,0.4722,ambiguous
D243H,0.7175,pathogenic
D243I,0.8816,pathogenic
D243K,0.8404,pathogenic
D243L,0.8382,pathogenic
D243M,0.9269,pathogenic
D243N,0.2728,benign
D243P,0.9817,pathogenic
D243Q,0.7747,pathogenic
D243R,0.8192,pathogenic
D243S,0.3379,benign
D243T,0.6855,pathogenic
D243V,0.6783,pathogenic
D243W,0.9823,pathogenic
D243Y,0.6214,pathogenic
V244A,0.2361,benign
V244C,0.631,pathogenic
V244D,0.2745,benign
V244E,0.2427,benign
V244F,0.1691,benign
V244G,0.2753,benign
V244H,0.4925,ambiguous
V244I,0.0612,benign
V244K,0.2991,benign
V244L,0.1714,benign
V244M,0.1306,benign
V244N,0.1936,benign
V244P,0.6234,pathogenic
V244Q,0.302,benign
V244R,0.2377,benign
V244S,0.2106,benign
V244T,0.1395,benign
V244W,0.7186,pathogenic
V244Y,0.4727,ambiguous
R245A,0.3876,ambiguous
R245C,0.1357,benign
R245D,0.682,pathogenic
R245E,0.3303,benign
R245F,0.527,ambiguous
R245G,0.247,benign
R245H,0.1375,benign
R245I,0.2898,benign
R245K,0.1589,benign
R245L,0.2275,benign
R245M,0.2537,benign
R245N,0.6071,pathogenic
R245P,0.8399,pathogenic
R245Q,0.0957,benign
R245S,0.3954,ambiguous
R245T,0.2422,benign
R245V,0.3172,benign
R245W,0.2064,benign
R245Y,0.3881,ambiguous
S246A,0.2144,benign
S246C,0.2022,benign
S246D,0.2657,benign
S246E,0.5751,pathogenic
S246F,0.4198,ambiguous
S246G,0.1713,benign
S246H,0.4235,ambiguous
S246I,0.3839,ambiguous
S246K,0.828,pathogenic
S246L,0.2682,benign
S246M,0.3807,ambiguous
S246N,0.1399,benign
S246P,0.6315,pathogenic
S246Q,0.6417,pathogenic
S246R,0.7896,pathogenic
S246T,0.1097,benign
S246V,0.4282,ambiguous
S246W,0.5096,ambiguous
S246Y,0.3243,benign
P247A,0.3753,ambiguous
P247C,0.8447,pathogenic
P247D,0.8692,pathogenic
P247E,0.6514,pathogenic
P247F,0.926,pathogenic
P247G,0.8704,pathogenic
P247H,0.6713,pathogenic
P247I,0.6615,pathogenic
P247K,0.8244,pathogenic
P247L,0.4322,ambiguous
P247M,0.7762,pathogenic
P247N,0.8429,pathogenic
P247Q,0.6254,pathogenic
P247R,0.6183,pathogenic
P247S,0.554,ambiguous
P247T,0.342,ambiguous
P247V,0.4918,ambiguous
P247W,0.9389,pathogenic
P247Y,0.9006,pathogenic
V248A,0.7513,pathogenic
V248C,0.9357,pathogenic
V248D,0.9882,pathogenic
V248E,0.9589,pathogenic
V248F,0.7827,pathogenic
V248G,0.8677,pathogenic
V248H,0.9894,pathogenic
V248I,0.1149,benign
V248K,0.9785,pathogenic
V248L,0.5546,ambiguous
V248M,0.5078,ambiguous
V248N,0.9592,pathogenic
V248P,0.9886,pathogenic
V248Q,0.9505,pathogenic
V248R,0.9545,pathogenic
V248S,0.8654,pathogenic
V248T,0.7644,pathogenic
V248W,0.9951,pathogenic
V248Y,0.9781,pathogenic
L249A,0.8353,pathogenic
L249C,0.8892,pathogenic
L249D,0.9989,pathogenic
L249E,0.9915,pathogenic
L249F,0.3996,ambiguous
L249G,0.9828,pathogenic
L249H,0.9766,pathogenic
L249I,0.1326,benign
L249K,0.9909,pathogenic
L249M,0.2601,benign
L249N,0.9946,pathogenic
L249P,0.9888,pathogenic
L249Q,0.9671,pathogenic
L249R,0.9723,pathogenic
L249S,0.975,pathogenic
L249T,0.8962,pathogenic
L249V,0.1169,benign
L249W,0.9108,pathogenic
L249Y,0.9475,pathogenic
V250A,0.6901,pathogenic
V250C,0.9127,pathogenic
V250D,0.9452,pathogenic
V250E,0.854,pathogenic
V250F,0.5458,ambiguous
V250G,0.7606,pathogenic
V250H,0.9418,pathogenic
V250I,0.1022,benign
V250K,0.9092,pathogenic
V250L,0.3924,ambiguous
V250M,0.4877,ambiguous
V250N,0.878,pathogenic
V250P,0.958,pathogenic
V250Q,0.8317,pathogenic
V250R,0.8305,pathogenic
V250S,0.7867,pathogenic
V250T,0.7077,pathogenic
V250W,0.9661,pathogenic
V250Y,0.8982,pathogenic
F251A,0.9802,pathogenic
F251C,0.9516,pathogenic
F251D,0.9972,pathogenic
F251E,0.9971,pathogenic
F251G,0.9889,pathogenic
F251H,0.9784,pathogenic
F251I,0.9511,pathogenic
F251K,0.9983,pathogenic
F251L,0.9881,pathogenic
F251M,0.9564,pathogenic
F251N,0.9877,pathogenic
F251P,0.9988,pathogenic
F251Q,0.994,pathogenic
F251R,0.994,pathogenic
F251S,0.9493,pathogenic
F251T,0.9848,pathogenic
F251V,0.943,pathogenic
F251W,0.9254,pathogenic
F251Y,0.6526,pathogenic
Q252A,0.2123,benign
Q252C,0.6941,pathogenic
Q252D,0.4112,ambiguous
Q252E,0.076,benign
Q252F,0.8517,pathogenic
Q252G,0.2875,benign
Q252H,0.368,ambiguous
Q252I,0.6186,pathogenic
Q252K,0.2155,benign
Q252L,0.2279,benign
Q252M,0.5574,ambiguous
Q252N,0.404,ambiguous
Q252P,0.054,benign
Q252R,0.1761,benign
Q252S,0.2045,benign
Q252T,0.2516,benign
Q252V,0.4313,ambiguous
Q252W,0.7069,pathogenic
Q252Y,0.6952,pathogenic
C253A,0.9929,pathogenic
C253D,0.9932,pathogenic
C253E,0.999,pathogenic
C253F,0.9879,pathogenic
C253G,0.9313,pathogenic
C253H,0.996,pathogenic
C253I,0.9976,pathogenic
C253K,0.9995,pathogenic
C253L,0.9919,pathogenic
C253M,0.997,pathogenic
C253N,0.9961,pathogenic
C253P,0.9982,pathogenic
C253Q,0.9992,pathogenic
C253R,0.995,pathogenic
C253S,0.991,pathogenic
C253T,0.9965,pathogenic
C253V,0.9939,pathogenic
C253W,0.9932,pathogenic
C253Y,0.9888,pathogenic
N254A,0.0997,benign
N254C,0.167,benign
N254D,0.0678,benign
N254E,0.1338,benign
N254F,0.3099,benign
N254G,0.1394,benign
N254H,0.0762,benign
N254I,0.12,benign
N254K,0.1322,benign
N254L,0.1362,benign
N254M,0.2234,benign
N254P,0.1645,benign
N254Q,0.15,benign
N254R,0.1284,benign
N254S,0.0626,benign
N254T,0.0856,benign
N254V,0.1178,benign
N254W,0.5399,ambiguous
N254Y,0.1296,benign
S255A,0.091,benign
S255C,0.0646,benign
S255D,0.0915,benign
S255E,0.1898,benign
S255F,0.114,benign
S255G,0.0818,benign
S255H,0.0824,benign
S255I,0.1782,benign
S255K,0.3073,benign
S255L,0.1192,benign
S255M,0.2509,benign
S255N,0.0709,benign
S255P,0.2896,benign
S255Q,0.1835,benign
S255R,0.1956,benign
S255T,0.1094,benign
S255V,0.1754,benign
S255W,0.1441,benign
S255Y,0.0625,benign
R256A,0.4373,ambiguous
R256C,0.1377,benign
R256D,0.6187,pathogenic
R256E,0.4005,ambiguous
R256F,0.6267,pathogenic
R256G,0.1462,benign
R256H,0.0934,benign
R256I,0.6509,pathogenic
R256K,0.1667,benign
R256L,0.3349,benign
R256M,0.5199,ambiguous
R256N,0.4933,ambiguous
R256P,0.7658,pathogenic
R256Q,0.1001,benign
R256S,0.3791,ambiguous
R256T,0.426,ambiguous
R256V,0.658,pathogenic
R256W,0.2407,benign
R256Y,0.3834,ambiguous
H257A,0.9962,pathogenic
H257C,0.9071,pathogenic
H257D,0.9754,pathogenic
H257E,0.9887,pathogenic
H257F,0.9847,pathogenic
H257G,0.9945,pathogenic
H257I,0.9974,pathogenic
H257K,0.99,pathogenic
H257L,0.9653,pathogenic
H257M,0.9956,pathogenic
H257N,0.9578,pathogenic
H257P,0.9611,pathogenic
H257Q,0.9893,pathogenic
H257R,0.971,pathogenic
H257S,0.9918,pathogenic
H257T,0.9977,pathogenic
H257V,0.9964,pathogenic
H257W,0.9762,pathogenic
H257Y,0.9416,pathogenic
V258A,0.4762,ambiguous
V258C,0.9231,pathogenic
V258D,0.977,pathogenic
V258E,0.9468,pathogenic
V258F,0.9022,pathogenic
V258G,0.6938,pathogenic
V258H,0.9846,pathogenic
V258I,0.219,benign
V258K,0.9738,pathogenic
V258L,0.8801,pathogenic
V258M,0.7482,pathogenic
V258N,0.9194,pathogenic
V258P,0.9856,pathogenic
V258Q,0.937,pathogenic
V258R,0.9368,pathogenic
V258S,0.5967,pathogenic
V258T,0.4007,ambiguous
V258W,0.9976,pathogenic
V258Y,0.988,pathogenic
I259A,0.8204,pathogenic
I259C,0.9527,pathogenic
I259D,0.9966,pathogenic
I259E,0.993,pathogenic
I259F,0.68,pathogenic
I259G,0.9779,pathogenic
I259H,0.9906,pathogenic
I259K,0.9935,pathogenic
I259L,0.2734,benign
I259M,0.2214,benign
I259N,0.9447,pathogenic
I259P,0.9946,pathogenic
I259Q,0.9843,pathogenic
I259R,0.9864,pathogenic
I259S,0.8396,pathogenic
I259T,0.7341,pathogenic
I259V,0.2025,benign
I259W,0.9941,pathogenic
I259Y,0.9754,pathogenic
C260A,0.9966,pathogenic
C260D,0.9982,pathogenic
C260E,0.9997,pathogenic
C260F,0.9864,pathogenic
C260G,0.9799,pathogenic
C260H,0.9936,pathogenic
C260I,0.999,pathogenic
C260K,0.9999,pathogenic
C260L,0.9944,pathogenic
C260M,0.9987,pathogenic
C260N,0.9987,pathogenic
C260P,0.9989,pathogenic
C260Q,0.9995,pathogenic
C260R,0.9976,pathogenic
C260S,0.9899,pathogenic
C260T,0.9985,pathogenic
C260V,0.9978,pathogenic
C260W,0.9954,pathogenic
C260Y,0.9932,pathogenic
L261A,0.7383,pathogenic
L261C,0.8942,pathogenic
L261D,0.979,pathogenic
L261E,0.8369,pathogenic
L261F,0.4939,ambiguous
L261G,0.9327,pathogenic
L261H,0.8329,pathogenic
L261I,0.1507,benign
L261K,0.8436,pathogenic
L261M,0.2287,benign
L261N,0.9267,pathogenic
L261P,0.8012,pathogenic
L261Q,0.7124,pathogenic
L261R,0.7365,pathogenic
L261S,0.8442,pathogenic
L261T,0.5179,ambiguous
L261V,0.1741,benign
L261W,0.6968,pathogenic
L261Y,0.8981,pathogenic
D262A,0.4873,ambiguous
D262C,0.9071,pathogenic
D262E,0.2931,benign
D262F,0.9198,pathogenic
D262G,0.4204,ambiguous
D262H,0.6388,pathogenic
D262I,0.877,pathogenic
D262K,0.8225,pathogenic
D262L,0.8297,pathogenic
D262M,0.9534,pathogenic
D262N,0.3188,benign
D262P,0.7255,pathogenic
D262Q,0.6986,pathogenic
D262R,0.7717,pathogenic
D262S,0.3444,ambiguous
D262T,0.688,pathogenic
D262V,0.6968,pathogenic
D262W,0.9701,pathogenic
D262Y,0.6027,pathogenic
C263A,0.994,pathogenic
C263D,0.9967,pathogenic
C263E,0.9994,pathogenic
C263F,0.9899,pathogenic
C263G,0.972,pathogenic
C263H,0.9942,pathogenic
C263I,0.9979,pathogenic
C263K,0.9997,pathogenic
C263L,0.9935,pathogenic
C263M,0.9979,pathogenic
C263N,0.9979,pathogenic
C263P,0.9991,pathogenic
C263Q,0.9993,pathogenic
C263R,0.995,pathogenic
C263S,0.9904,pathogenic
C263T,0.9968,pathogenic
C263V,0.9944,pathogenic
C263W,0.9956,pathogenic
C263Y,0.992,pathogenic
F264A,0.9914,pathogenic
F264C,0.9721,pathogenic
F264D,0.9992,pathogenic
F264E,0.9993,pathogenic
F264G,0.9961,pathogenic
F264H,0.9906,pathogenic
F264I,0.9563,pathogenic
F264K,0.9993,pathogenic
F264L,0.9912,pathogenic
F264M,0.9766,pathogenic
F264N,0.9975,pathogenic
F264P,0.9997,pathogenic
F264Q,0.9981,pathogenic
F264R,0.9969,pathogenic
F264S,0.9911,pathogenic
F264T,0.9933,pathogenic
F264V,0.9467,pathogenic
F264W,0.9409,pathogenic
F264Y,0.8348,pathogenic
H265A,0.3477,ambiguous
H265C,0.1886,benign
H265D,0.3717,ambiguous
H265E,0.3219,benign
H265F,0.2778,benign
H265G,0.3623,ambiguous
H265I,0.4167,ambiguous
H265K,0.3474,ambiguous
H265L,0.149,benign
H265M,0.6169,pathogenic
H265N,0.1838,benign
H265P,0.5091,ambiguous
H265Q,0.2024,benign
H265R,0.1089,benign
H265S,0.275,benign
H265T,0.3824,ambiguous
H265V,0.3485,ambiguous
H265W,0.333,benign
H265Y,0.0729,benign
L266A,0.3496,ambiguous
L266C,0.6164,pathogenic
L266D,0.72,pathogenic
L266E,0.4472,ambiguous
L266F,0.2261,benign
L266G,0.5819,pathogenic
L266H,0.2842,benign
L266I,0.1394,benign
L266K,0.4698,ambiguous
L266M,0.15,benign
L266N,0.4665,ambiguous
L266P,0.9073,pathogenic
L266Q,0.1973,benign
L266R,0.213,benign
L266S,0.3498,ambiguous
L266T,0.266,benign
L266V,0.134,benign
L266W,0.4057,ambiguous
L266Y,0.5019,ambiguous
Y267A,0.9793,pathogenic
Y267C,0.8866,pathogenic
Y267D,0.9805,pathogenic
Y267E,0.9948,pathogenic
Y267F,0.2591,benign
Y267G,0.9687,pathogenic
Y267H,0.9108,pathogenic
Y267I,0.9669,pathogenic
Y267K,0.9966,pathogenic
Y267L,0.8263,pathogenic
Y267M,0.9715,pathogenic
Y267N,0.9436,pathogenic
Y267P,0.9944,pathogenic
Y267Q,0.9896,pathogenic
Y267R,0.9839,pathogenic
Y267S,0.9247,pathogenic
Y267T,0.9778,pathogenic
Y267V,0.934,pathogenic
Y267W,0.8313,pathogenic
C268A,0.4579,ambiguous
C268D,0.9973,pathogenic
C268E,0.9972,pathogenic
C268F,0.9427,pathogenic
C268G,0.4066,ambiguous
C268H,0.9946,pathogenic
C268I,0.8912,pathogenic
C268K,0.9991,pathogenic
C268L,0.7926,pathogenic
C268M,0.902,pathogenic
C268N,0.9808,pathogenic
C268P,0.9978,pathogenic
C268Q,0.9905,pathogenic
C268R,0.9896,pathogenic
C268S,0.4837,ambiguous
C268T,0.7091,pathogenic
C268V,0.7229,pathogenic
C268W,0.9919,pathogenic
C268Y,0.9863,pathogenic
V269A,0.3111,benign
V269C,0.8439,pathogenic
V269D,0.7214,pathogenic
V269E,0.3064,benign
V269F,0.3155,benign
V269G,0.4986,ambiguous
V269H,0.7225,pathogenic
V269I,0.0902,benign
V269K,0.433,ambiguous
V269L,0.2389,benign
V269M,0.1322,benign
V269N,0.5409,ambiguous
V269P,0.9827,pathogenic
V269Q,0.2947,benign
V269R,0.3617,ambiguous
V269S,0.4111,ambiguous
V269T,0.2709,benign
V269W,0.901,pathogenic
V269Y,0.7789,pathogenic
T270A,0.2678,benign
T270C,0.8161,pathogenic
T270D,0.926,pathogenic
T270E,0.8356,pathogenic
T270F,0.8246,pathogenic
T270G,0.6825,pathogenic
T270H,0.7766,pathogenic
T270I,0.6662,pathogenic
T270K,0.8266,pathogenic
T270L,0.4133,ambiguous
T270M,0.2262,benign
T270N,0.5738,pathogenic
T270P,0.83,pathogenic
T270Q,0.6788,pathogenic
T270R,0.7231,pathogenic
T270S,0.3246,benign
T270V,0.4808,ambiguous
T270W,0.9436,pathogenic
T270Y,0.8718,pathogenic
R271A,0.6888,pathogenic
R271C,0.1902,benign
R271D,0.9875,pathogenic
R271E,0.8205,pathogenic
R271F,0.8422,pathogenic
R271G,0.6867,pathogenic
R271H,0.2765,benign
R271I,0.7071,pathogenic
R271K,0.2067,benign
R271L,0.4501,ambiguous
R271M,0.4107,ambiguous
R271N,0.945,pathogenic
R271P,0.9883,pathogenic
R271Q,0.1506,benign
R271S,0.8132,pathogenic
R271T,0.7045,pathogenic
R271V,0.6409,pathogenic
R271W,0.3787,ambiguous
R271Y,0.7074,pathogenic
L272A,0.9742,pathogenic
L272C,0.9775,pathogenic
L272D,0.9993,pathogenic
L272E,0.993,pathogenic
L272F,0.9293,pathogenic
L272G,0.9918,pathogenic
L272H,0.9901,pathogenic
L272I,0.4928,ambiguous
L272K,0.9875,pathogenic
L272M,0.6045,pathogenic
L272N,0.9953,pathogenic
L272P,0.9966,pathogenic
L272Q,0.9734,pathogenic
L272R,0.9692,pathogenic
L272S,0.9943,pathogenic
L272T,0.9816,pathogenic
L272V,0.608,pathogenic
L272W,0.9741,pathogenic
L272Y,0.9874,pathogenic
N273A,0.6745,pathogenic
N273C,0.7547,pathogenic
N273D,0.4178,ambiguous
N273E,0.822,pathogenic
N273F,0.9568,pathogenic
N273G,0.57,pathogenic
N273H,0.4227,ambiguous
N273I,0.8797,pathogenic
N273K,0.8746,pathogenic
N273L,0.7202,pathogenic
N273M,0.8236,pathogenic
N273P,0.9734,pathogenic
N273Q,0.7709,pathogenic
N273R,0.7956,pathogenic
N273S,0.1562,benign
N273T,0.5376,ambiguous
N273V,0.8551,pathogenic
N273W,0.9645,pathogenic
N273Y,0.6721,pathogenic
D274A,0.7518,pathogenic
D274C,0.957,pathogenic
D274E,0.4436,ambiguous
D274F,0.9624,pathogenic
D274G,0.744,pathogenic
D274H,0.8317,pathogenic
D274I,0.9469,pathogenic
D274K,0.925,pathogenic
D274L,0.9098,pathogenic
D274M,0.973,pathogenic
D274N,0.3599,ambiguous
D274P,0.9939,pathogenic
D274Q,0.8364,pathogenic
D274R,0.8881,pathogenic
D274S,0.5465,ambiguous
D274T,0.8502,pathogenic
D274V,0.8566,pathogenic
D274W,0.9898,pathogenic
D274Y,0.7718,pathogenic
R275A,0.9905,pathogenic
R275C,0.7946,pathogenic
R275D,0.996,pathogenic
R275E,0.9721,pathogenic
R275F,0.9897,pathogenic
R275G,0.9385,pathogenic
R275H,0.6381,pathogenic
R275I,0.9906,pathogenic
R275K,0.7778,pathogenic
R275L,0.9546,pathogenic
R275M,0.9874,pathogenic
R275N,0.9927,pathogenic
R275P,0.9944,pathogenic
R275Q,0.6561,pathogenic
R275S,0.9892,pathogenic
R275T,0.9919,pathogenic
R275V,0.9919,pathogenic
R275W,0.8404,pathogenic
R275Y,0.9679,pathogenic
Q276A,0.4171,ambiguous
Q276C,0.7801,pathogenic
Q276D,0.7637,pathogenic
Q276E,0.1753,benign
Q276F,0.9028,pathogenic
Q276G,0.3833,ambiguous
Q276H,0.5318,ambiguous
Q276I,0.8214,pathogenic
Q276K,0.208,benign
Q276L,0.2861,benign
Q276M,0.6116,pathogenic
Q276N,0.6029,pathogenic
Q276P,0.9272,pathogenic
Q276R,0.1567,benign
Q276S,0.5174,ambiguous
Q276T,0.5638,ambiguous
Q276V,0.6421,pathogenic
Q276W,0.8236,pathogenic
Q276Y,0.7664,pathogenic
F277A,0.9938,pathogenic
F277C,0.9928,pathogenic
F277D,0.9986,pathogenic
F277E,0.9987,pathogenic
F277G,0.9954,pathogenic
F277H,0.9948,pathogenic
F277I,0.9759,pathogenic
F277K,0.9991,pathogenic
F277L,0.9922,pathogenic
F277M,0.9743,pathogenic
F277N,0.9974,pathogenic
F277P,0.9996,pathogenic
F277Q,0.9985,pathogenic
F277R,0.9967,pathogenic
F277S,0.9968,pathogenic
F277T,0.9978,pathogenic
F277V,0.9749,pathogenic
F277W,0.933,pathogenic
F277Y,0.7823,pathogenic
V278A,0.3051,benign
V278C,0.6489,pathogenic
V278D,0.4549,ambiguous
V278E,0.3065,benign
V278F,0.1656,benign
V278G,0.3848,ambiguous
V278H,0.4977,ambiguous
V278I,0.0656,benign
V278K,0.4174,ambiguous
V278L,0.1374,benign
V278M,0.1521,benign
V278N,0.3617,ambiguous
V278P,0.879,pathogenic
V278Q,0.3008,benign
V278R,0.2958,benign
V278S,0.303,benign
V278T,0.2295,benign
V278W,0.6989,pathogenic
V278Y,0.5023,ambiguous
H279A,0.2449,benign
H279C,0.1461,benign
H279D,0.3683,ambiguous
H279E,0.3147,benign
H279F,0.2086,benign
H279G,0.348,ambiguous
H279I,0.3669,ambiguous
H279K,0.3981,ambiguous
H279L,0.107,benign
H279M,0.44,ambiguous
H279N,0.1606,benign
H279P,0.1097,benign
H279Q,0.1893,benign
H279R,0.1459,benign
H279S,0.2399,benign
H279T,0.3325,benign
H279V,0.2725,benign
H279W,0.2631,benign
H279Y,0.0772,benign
D280A,0.3918,ambiguous
D280C,0.6523,pathogenic
D280E,0.3734,ambiguous
D280F,0.7972,pathogenic
D280G,0.6794,pathogenic
D280H,0.2029,benign
D280I,0.5955,pathogenic
D280K,0.7741,pathogenic
D280L,0.6274,pathogenic
D280M,0.8579,pathogenic
D280N,0.1749,benign
D280P,0.9343,pathogenic
D280Q,0.6159,pathogenic
D280R,0.7555,pathogenic
D280S,0.2391,benign
D280T,0.5337,ambiguous
D280V,0.4342,ambiguous
D280W,0.9537,pathogenic
D280Y,0.3543,ambiguous
P281A,0.0679,benign
P281C,0.3154,benign
P281D,0.1953,benign
P281E,0.1186,benign
P281F,0.3233,benign
P281G,0.195,benign
P281H,0.1185,benign
P281I,0.211,benign
P281K,0.1448,benign
P281L,0.0933,benign
P281M,0.2231,benign
P281N,0.2142,benign
P281Q,0.0942,benign
P281R,0.0847,benign
P281S,0.0901,benign
P281T,0.0847,benign
P281V,0.1425,benign
P281W,0.3309,benign
P281Y,0.2834,benign
Q282A,0.1117,benign
Q282C,0.3433,ambiguous
Q282D,0.1509,benign
Q282E,0.0578,benign
Q282F,0.3929,ambiguous
Q282G,0.1457,benign
Q282H,0.128,benign
Q282I,0.1744,benign
Q282K,0.0807,benign
Q282L,0.0782,benign
Q282M,0.2226,benign
Q282N,0.1653,benign
Q282P,0.163,benign
Q282R,0.0769,benign
Q282S,0.1259,benign
Q282T,0.118,benign
Q282V,0.1086,benign
Q282W,0.2593,benign
Q282Y,0.244,benign
L283A,0.2629,benign
L283C,0.3763,ambiguous
L283D,0.6667,pathogenic
L283E,0.3513,ambiguous
L283F,0.0959,benign
L283G,0.5341,ambiguous
L283H,0.1716,benign
L283I,0.0859,benign
L283K,0.3265,benign
L283M,0.1381,benign
L283N,0.4198,ambiguous
L283P,0.726,pathogenic
L283Q,0.168,benign
L283R,0.1745,benign
L283S,0.3447,ambiguous
L283T,0.222,benign
L283V,0.0922,benign
L283W,0.1273,benign
L283Y,0.2223,benign
G284A,0.8398,pathogenic
G284C,0.9301,pathogenic
G284D,0.9805,pathogenic
G284E,0.985,pathogenic
G284F,0.9884,pathogenic
G284H,0.9899,pathogenic
G284I,0.98,pathogenic
G284K,0.9943,pathogenic
G284L,0.9779,pathogenic
G284M,0.9927,pathogenic
G284N,0.9876,pathogenic
G284P,0.9917,pathogenic
G284Q,0.9864,pathogenic
G284R,0.9758,pathogenic
G284S,0.8214,pathogenic
G284T,0.9576,pathogenic
G284V,0.9608,pathogenic
G284W,0.9754,pathogenic
G284Y,0.9836,pathogenic
Y285A,0.9863,pathogenic
Y285C,0.8673,pathogenic
Y285D,0.9839,pathogenic
Y285E,0.9974,pathogenic
Y285F,0.2832,benign
Y285G,0.9707,pathogenic
Y285H,0.9729,pathogenic
Y285I,0.9647,pathogenic
Y285K,0.9975,pathogenic
Y285L,0.8916,pathogenic
Y285M,0.971,pathogenic
Y285N,0.9481,pathogenic
Y285P,0.989,pathogenic
Y285Q,0.9969,pathogenic
Y285R,0.9922,pathogenic
Y285S,0.9459,pathogenic
Y285T,0.9874,pathogenic
Y285V,0.9347,pathogenic
Y285W,0.821,pathogenic
S286A,0.4132,ambiguous
S286C,0.4488,ambiguous
S286D,0.9868,pathogenic
S286E,0.9914,pathogenic
S286F,0.9538,pathogenic
S286G,0.4403,ambiguous
S286H,0.9581,pathogenic
S286I,0.9169,pathogenic
S286K,0.9975,pathogenic
S286L,0.6958,pathogenic
S286M,0.8142,pathogenic
S286N,0.8919,pathogenic
S286P,0.9585,pathogenic
S286Q,0.9832,pathogenic
S286R,0.9933,pathogenic
S286T,0.0728,benign
S286V,0.8207,pathogenic
S286W,0.9639,pathogenic
S286Y,0.9308,pathogenic
L287A,0.9453,pathogenic
L287C,0.9673,pathogenic
L287D,0.9995,pathogenic
L287E,0.9956,pathogenic
L287F,0.8645,pathogenic
L287G,0.9948,pathogenic
L287H,0.9908,pathogenic
L287I,0.2477,benign
L287K,0.9949,pathogenic
L287M,0.558,ambiguous
L287N,0.9963,pathogenic
L287P,0.991,pathogenic
L287Q,0.9812,pathogenic
L287R,0.9857,pathogenic
L287S,0.9858,pathogenic
L287T,0.9562,pathogenic
L287V,0.3277,benign
L287W,0.983,pathogenic
L287Y,0.9903,pathogenic
P288A,0.1783,benign
P288C,0.7481,pathogenic
P288D,0.8228,pathogenic
P288E,0.65,pathogenic
P288F,0.8356,pathogenic
P288G,0.45,ambiguous
P288H,0.5136,ambiguous
P288I,0.8422,pathogenic
P288K,0.7691,pathogenic
P288L,0.3857,ambiguous
P288M,0.7847,pathogenic
P288N,0.738,pathogenic
P288Q,0.436,ambiguous
P288R,0.4533,ambiguous
P288S,0.2311,benign
P288T,0.3757,ambiguous
P288V,0.6943,pathogenic
P288W,0.8859,pathogenic
P288Y,0.8065,pathogenic
C289A,0.9942,pathogenic
C289D,0.9986,pathogenic
C289E,0.9998,pathogenic
C289F,0.9897,pathogenic
C289G,0.9789,pathogenic
C289H,0.9974,pathogenic
C289I,0.9984,pathogenic
C289K,0.9999,pathogenic
C289L,0.9939,pathogenic
C289M,0.9984,pathogenic
C289N,0.9991,pathogenic
C289P,0.9983,pathogenic
C289Q,0.9997,pathogenic
C289R,0.9976,pathogenic
C289S,0.9924,pathogenic
C289T,0.9984,pathogenic
C289V,0.9948,pathogenic
C289W,0.9953,pathogenic
C289Y,0.9941,pathogenic
V290A,0.2852,benign
V290C,0.9258,pathogenic
V290D,0.9563,pathogenic
V290E,0.9027,pathogenic
V290F,0.631,pathogenic
V290G,0.6538,pathogenic
V290H,0.9711,pathogenic
V290I,0.1674,benign
V290K,0.9526,pathogenic
V290L,0.6073,pathogenic
V290M,0.5234,ambiguous
V290N,0.9328,pathogenic
V290P,0.4243,ambiguous
V290Q,0.9156,pathogenic
V290R,0.9007,pathogenic
V290S,0.6639,pathogenic
V290T,0.5495,ambiguous
V290W,0.986,pathogenic
V290Y,0.957,pathogenic
A291C,0.6743,pathogenic
A291D,0.7827,pathogenic
A291E,0.6673,pathogenic
A291F,0.6458,pathogenic
A291G,0.2038,benign
A291H,0.8695,pathogenic
A291I,0.5141,ambiguous
A291K,0.8956,pathogenic
A291L,0.4421,ambiguous
A291M,0.5283,ambiguous
A291N,0.7587,pathogenic
A291P,0.8141,pathogenic
A291Q,0.7259,pathogenic
A291R,0.7593,pathogenic
A291S,0.1641,benign
A291T,0.238,benign
A291V,0.2003,benign
A291W,0.8999,pathogenic
A291Y,0.8144,pathogenic
G292A,0.2336,benign
G292C,0.3936,ambiguous
G292D,0.3514,ambiguous
G292E,0.3964,ambiguous
G292F,0.7821,pathogenic
G292H,0.5541,ambiguous
G292I,0.7346,pathogenic
G292K,0.6368,pathogenic
G292L,0.676,pathogenic
G292M,0.749,pathogenic
G292N,0.3779,ambiguous
G292P,0.966,pathogenic
G292Q,0.4623,ambiguous
G292R,0.4056,ambiguous
G292S,0.1519,benign
G292T,0.4074,ambiguous
G292V,0.555,ambiguous
G292W,0.7108,pathogenic
G292Y,0.6569,pathogenic
C293A,0.9949,pathogenic
C293D,0.9934,pathogenic
C293E,0.9984,pathogenic
C293F,0.9486,pathogenic
C293G,0.966,pathogenic
C293H,0.9878,pathogenic
C293I,0.9936,pathogenic
C293K,0.999,pathogenic
C293L,0.9847,pathogenic
C293M,0.9949,pathogenic
C293N,0.9955,pathogenic
C293P,0.9984,pathogenic
C293Q,0.9979,pathogenic
C293R,0.9915,pathogenic
C293S,0.9882,pathogenic
C293T,0.9967,pathogenic
C293V,0.9914,pathogenic
C293W,0.9821,pathogenic
C293Y,0.9744,pathogenic
P294A,0.0793,benign
P294C,0.3097,benign
P294D,0.1947,benign
P294E,0.116,benign
P294F,0.3462,ambiguous
P294G,0.2091,benign
P294H,0.1178,benign
P294I,0.2515,benign
P294K,0.1533,benign
P294L,0.1188,benign
P294M,0.266,benign
P294N,0.2057,benign
P294Q,0.0911,benign
P294R,0.088,benign
P294S,0.0887,benign
P294T,0.0891,benign
P294V,0.1769,benign
P294W,0.3546,ambiguous
P294Y,0.3076,benign
N295A,0.1716,benign
N295C,0.287,benign
N295D,0.0575,benign
N295E,0.2205,benign
N295F,0.503,ambiguous
N295G,0.1693,benign
N295H,0.1163,benign
N295I,0.344,ambiguous
N295K,0.2789,benign
N295L,0.2788,benign
N295M,0.408,ambiguous
N295P,0.6155,pathogenic
N295Q,0.2625,benign
N295R,0.2839,benign
N295S,0.082,benign
N295T,0.1517,benign
N295V,0.2675,benign
N295W,0.726,pathogenic
N295Y,0.1789,benign
S296A,0.1944,benign
S296C,0.3472,ambiguous
S296D,0.9646,pathogenic
S296E,0.969,pathogenic
S296F,0.8925,pathogenic
S296G,0.424,ambiguous
S296H,0.9104,pathogenic
S296I,0.9266,pathogenic
S296K,0.9954,pathogenic
S296L,0.7804,pathogenic
S296M,0.8908,pathogenic
S296N,0.8842,pathogenic
S296P,0.9636,pathogenic
S296Q,0.9542,pathogenic
S296R,0.9815,pathogenic
S296T,0.5392,ambiguous
S296V,0.8506,pathogenic
S296W,0.9296,pathogenic
S296Y,0.8429,pathogenic
L297A,0.4998,ambiguous
L297C,0.5708,pathogenic
L297D,0.9101,pathogenic
L297E,0.6813,pathogenic
L297F,0.1396,benign
L297G,0.7819,pathogenic
L297H,0.3502,ambiguous
L297I,0.2045,benign
L297K,0.547,ambiguous
L297M,0.2006,benign
L297N,0.7141,pathogenic
L297P,0.7657,pathogenic
L297Q,0.338,benign
L297R,0.3071,benign
L297S,0.5415,ambiguous
L297T,0.513,ambiguous
L297V,0.1515,benign
L297W,0.2653,benign
L297Y,0.371,ambiguous
I298A,0.9501,pathogenic
I298C,0.9538,pathogenic
I298D,0.9961,pathogenic
I298E,0.9853,pathogenic
I298F,0.6787,pathogenic
I298G,0.9885,pathogenic
I298H,0.98,pathogenic
I298K,0.9781,pathogenic
I298L,0.2066,benign
I298M,0.3772,ambiguous
I298N,0.963,pathogenic
I298P,0.9713,pathogenic
I298Q,0.97,pathogenic
I298R,0.9623,pathogenic
I298S,0.9603,pathogenic
I298T,0.9544,pathogenic
I298V,0.1383,benign
I298W,0.9779,pathogenic
I298Y,0.9473,pathogenic
K299A,0.3825,ambiguous
K299C,0.7702,pathogenic
K299D,0.6372,pathogenic
K299E,0.1406,benign
K299F,0.8847,pathogenic
K299G,0.4357,ambiguous
K299H,0.4,ambiguous
K299I,0.6034,pathogenic
K299L,0.4672,ambiguous
K299M,0.347,ambiguous
K299N,0.5272,ambiguous
K299P,0.5519,ambiguous
K299Q,0.1378,benign
K299R,0.0869,benign
K299S,0.4324,ambiguous
K299T,0.1871,benign
K299V,0.4886,ambiguous
K299W,0.802,pathogenic
K299Y,0.7541,pathogenic
E300A,0.7563,pathogenic
E300C,0.9875,pathogenic
E300D,0.4737,ambiguous
E300F,0.9919,pathogenic
E300G,0.6958,pathogenic
E300H,0.9686,pathogenic
E300I,0.9787,pathogenic
E300K,0.9002,pathogenic
E300L,0.9741,pathogenic
E300M,0.9698,pathogenic
E300N,0.8628,pathogenic
E300P,0.9805,pathogenic
E300Q,0.6935,pathogenic
E300R,0.9363,pathogenic
E300S,0.8057,pathogenic
E300T,0.9093,pathogenic
E300V,0.9109,pathogenic
E300W,0.9973,pathogenic
E300Y,0.976,pathogenic
L301A,0.3511,ambiguous
L301C,0.6368,pathogenic
L301D,0.8995,pathogenic
L301E,0.6632,pathogenic
L301F,0.4347,ambiguous
L301G,0.6641,pathogenic
L301H,0.5934,pathogenic
L301I,0.1083,benign
L301K,0.6339,pathogenic
L301M,0.1838,benign
L301N,0.5715,pathogenic
L301P,0.3089,benign
L301Q,0.3593,ambiguous
L301R,0.4599,ambiguous
L301S,0.4547,ambiguous
L301T,0.2381,benign
L301V,0.0904,benign
L301W,0.5693,pathogenic
L301Y,0.7662,pathogenic
H302A,0.974,pathogenic
H302C,0.8382,pathogenic
H302D,0.9735,pathogenic
H302E,0.9778,pathogenic
H302F,0.9128,pathogenic
H302G,0.977,pathogenic
H302I,0.9812,pathogenic
H302K,0.9769,pathogenic
H302L,0.8407,pathogenic
H302M,0.9853,pathogenic
H302N,0.8887,pathogenic
H302P,0.7497,pathogenic
H302Q,0.9286,pathogenic
H302R,0.8748,pathogenic
H302S,0.9495,pathogenic
H302T,0.9864,pathogenic
H302V,0.9785,pathogenic
H302W,0.8267,pathogenic
H302Y,0.7014,pathogenic
H303A,0.9418,pathogenic
H303C,0.7033,pathogenic
H303D,0.9621,pathogenic
H303E,0.9756,pathogenic
H303F,0.8775,pathogenic
H303G,0.9779,pathogenic
H303I,0.8103,pathogenic
H303K,0.9887,pathogenic
H303L,0.5412,ambiguous
H303M,0.9203,pathogenic
H303N,0.7925,pathogenic
H303P,0.7847,pathogenic
H303Q,0.9408,pathogenic
H303R,0.9603,pathogenic
H303S,0.9143,pathogenic
H303T,0.9281,pathogenic
H303V,0.8248,pathogenic
H303W,0.9226,pathogenic
H303Y,0.6916,pathogenic
F304A,0.9957,pathogenic
F304C,0.9776,pathogenic
F304D,0.9995,pathogenic
F304E,0.9991,pathogenic
F304G,0.9974,pathogenic
F304H,0.9908,pathogenic
F304I,0.9597,pathogenic
F304K,0.999,pathogenic
F304L,0.9872,pathogenic
F304M,0.9687,pathogenic
F304N,0.9977,pathogenic
F304P,0.9996,pathogenic
F304Q,0.9978,pathogenic
F304R,0.9965,pathogenic
F304S,0.9948,pathogenic
F304T,0.9964,pathogenic
F304V,0.9576,pathogenic
F304W,0.9493,pathogenic
F304Y,0.8305,pathogenic
R305A,0.8662,pathogenic
R305C,0.2072,benign
R305D,0.9796,pathogenic
R305E,0.8455,pathogenic
R305F,0.8217,pathogenic
R305G,0.7836,pathogenic
R305H,0.1991,benign
R305I,0.7916,pathogenic
R305K,0.376,ambiguous
R305L,0.5459,ambiguous
R305M,0.7919,pathogenic
R305N,0.9414,pathogenic
R305P,0.959,pathogenic
R305Q,0.2184,benign
R305S,0.9006,pathogenic
R305T,0.8606,pathogenic
R305V,0.8044,pathogenic
R305W,0.2752,benign
R305Y,0.6092,pathogenic
I306A,0.6185,pathogenic
I306C,0.7788,pathogenic
I306D,0.9745,pathogenic
I306E,0.945,pathogenic
I306F,0.3176,benign
I306G,0.8921,pathogenic
I306H,0.9152,pathogenic
I306K,0.9267,pathogenic
I306L,0.1142,benign
I306M,0.1854,benign
I306N,0.8053,pathogenic
I306P,0.9372,pathogenic
I306Q,0.9046,pathogenic
I306R,0.8732,pathogenic
I306S,0.7006,pathogenic
I306T,0.7069,pathogenic
I306V,0.0919,benign
I306W,0.9308,pathogenic
I306Y,0.8057,pathogenic
L307A,0.7965,pathogenic
L307C,0.9207,pathogenic
L307D,0.9977,pathogenic
L307E,0.9822,pathogenic
L307F,0.7895,pathogenic
L307G,0.9673,pathogenic
L307H,0.9766,pathogenic
L307I,0.3764,ambiguous
L307K,0.9862,pathogenic
L307M,0.3199,benign
L307N,0.9894,pathogenic
L307P,0.9612,pathogenic
L307Q,0.9284,pathogenic
L307R,0.955,pathogenic
L307S,0.9368,pathogenic
L307T,0.8164,pathogenic
L307V,0.4043,ambiguous
L307W,0.9504,pathogenic
L307Y,0.9863,pathogenic
G308A,0.5513,ambiguous
G308C,0.7625,pathogenic
G308D,0.5148,ambiguous
G308E,0.633,pathogenic
G308F,0.9762,pathogenic
G308H,0.8826,pathogenic
G308I,0.9625,pathogenic
G308K,0.8424,pathogenic
G308L,0.9214,pathogenic
G308M,0.9479,pathogenic
G308N,0.748,pathogenic
G308P,0.9275,pathogenic
G308Q,0.7839,pathogenic
G308R,0.7626,pathogenic
G308S,0.3066,benign
G308T,0.6307,pathogenic
G308V,0.8892,pathogenic
G308W,0.9047,pathogenic
G308Y,0.9496,pathogenic
E309A,0.1819,benign
E309C,0.8461,pathogenic
E309D,0.1328,benign
E309F,0.7623,pathogenic
E309G,0.1778,benign
E309H,0.4742,ambiguous
E309I,0.4369,ambiguous
E309K,0.125,benign
E309L,0.3961,ambiguous
E309M,0.457,ambiguous
E309N,0.2817,benign
E309P,0.4091,ambiguous
E309Q,0.1596,benign
E309R,0.2134,benign
E309S,0.2476,benign
E309T,0.2731,benign
E309V,0.2457,benign
E309W,0.8351,pathogenic
E309Y,0.6335,pathogenic
E310A,0.1526,benign
E310C,0.8609,pathogenic
E310D,0.1414,benign
E310F,0.7711,pathogenic
E310G,0.154,benign
E310H,0.4835,ambiguous
E310I,0.4498,ambiguous
E310K,0.1838,benign
E310L,0.4271,ambiguous
E310M,0.5027,ambiguous
E310N,0.3114,benign
E310P,0.5089,ambiguous
E310Q,0.1546,benign
E310R,0.2883,benign
E310S,0.2447,benign
E310T,0.2599,benign
E310V,0.2399,benign
E310W,0.8426,pathogenic
E310Y,0.614,pathogenic
Q311A,0.3933,ambiguous
Q311C,0.947,pathogenic
Q311D,0.7546,pathogenic
Q311E,0.1788,benign
Q311F,0.8861,pathogenic
Q311G,0.5056,ambiguous
Q311H,0.7598,pathogenic
Q311I,0.7537,pathogenic
Q311K,0.5621,ambiguous
Q311L,0.4312,ambiguous
Q311M,0.543,ambiguous
Q311N,0.3679,ambiguous
Q311P,0.4986,ambiguous
Q311R,0.5885,pathogenic
Q311S,0.4744,ambiguous
Q311T,0.5562,ambiguous
Q311V,0.6379,pathogenic
Q311W,0.9152,pathogenic
Q311Y,0.8212,pathogenic
Y312A,0.9847,pathogenic
Y312C,0.9296,pathogenic
Y312D,0.9675,pathogenic
Y312E,0.9889,pathogenic
Y312F,0.5912,pathogenic
Y312G,0.9175,pathogenic
Y312H,0.9637,pathogenic
Y312I,0.9804,pathogenic
Y312K,0.9883,pathogenic
Y312L,0.925,pathogenic
Y312M,0.9734,pathogenic
Y312N,0.9185,pathogenic
Y312P,0.9959,pathogenic
Y312Q,0.9898,pathogenic
Y312R,0.9688,pathogenic
Y312S,0.9588,pathogenic
Y312T,0.9881,pathogenic
Y312V,0.9515,pathogenic
Y312W,0.8464,pathogenic
N313A,0.1567,benign
N313C,0.2195,benign
N313D,0.1071,benign
N313E,0.2051,benign
N313F,0.4396,ambiguous
N313G,0.1789,benign
N313H,0.0864,benign
N313I,0.2167,benign
N313K,0.2153,benign
N313L,0.1743,benign
N313M,0.3061,benign
N313P,0.814,pathogenic
N313Q,0.1865,benign
N313R,0.1918,benign
N313S,0.0755,benign
N313T,0.1362,benign
N313V,0.212,benign
N313W,0.5845,pathogenic
N313Y,0.1547,benign
R314A,0.9081,pathogenic
R314C,0.5065,ambiguous
R314D,0.9714,pathogenic
R314E,0.8773,pathogenic
R314F,0.9562,pathogenic
R314G,0.8788,pathogenic
R314H,0.4125,ambiguous
R314I,0.8055,pathogenic
R314K,0.5344,ambiguous
R314L,0.6772,pathogenic
R314M,0.8984,pathogenic
R314N,0.959,pathogenic
R314P,0.99,pathogenic
R314Q,0.3328,benign
R314S,0.9371,pathogenic
R314T,0.8545,pathogenic
R314V,0.8613,pathogenic
R314W,0.6076,pathogenic
R314Y,0.8807,pathogenic
Y315A,0.9909,pathogenic
Y315C,0.9353,pathogenic
Y315D,0.996,pathogenic
Y315E,0.998,pathogenic
Y315F,0.3646,ambiguous
Y315G,0.9776,pathogenic
Y315H,0.985,pathogenic
Y315I,0.9504,pathogenic
Y315K,0.9976,pathogenic
Y315L,0.7617,pathogenic
Y315M,0.9652,pathogenic
Y315N,0.9859,pathogenic
Y315P,0.9965,pathogenic
Y315Q,0.9966,pathogenic
Y315R,0.9912,pathogenic
Y315S,0.9816,pathogenic
Y315T,0.9933,pathogenic
Y315V,0.911,pathogenic
Y315W,0.8861,pathogenic
Q316A,0.6921,pathogenic
Q316C,0.9064,pathogenic
Q316D,0.9925,pathogenic
Q316E,0.4437,ambiguous
Q316F,0.9685,pathogenic
Q316G,0.8304,pathogenic
Q316H,0.8032,pathogenic
Q316I,0.7935,pathogenic
Q316K,0.3963,ambiguous
Q316L,0.2586,benign
Q316M,0.6808,pathogenic
Q316N,0.9285,pathogenic
Q316P,0.9628,pathogenic
Q316R,0.3856,ambiguous
Q316S,0.8377,pathogenic
Q316T,0.8002,pathogenic
Q316V,0.6589,pathogenic
Q316W,0.9487,pathogenic
Q316Y,0.9551,pathogenic
Q317A,0.1951,benign
Q317C,0.4651,ambiguous
Q317D,0.4775,ambiguous
Q317E,0.1213,benign
Q317F,0.6257,pathogenic
Q317G,0.2497,benign
Q317H,0.1725,benign
Q317I,0.4104,ambiguous
Q317K,0.1089,benign
Q317L,0.1247,benign
Q317M,0.3583,ambiguous
Q317N,0.2937,benign
Q317P,0.7359,pathogenic
Q317R,0.0815,benign
Q317S,0.2668,benign
Q317T,0.2165,benign
Q317V,0.2601,benign
Q317W,0.417,ambiguous
Q317Y,0.3851,ambiguous
Y318A,0.9676,pathogenic
Y318C,0.9237,pathogenic
Y318D,0.9588,pathogenic
Y318E,0.9916,pathogenic
Y318F,0.2442,benign
Y318G,0.9503,pathogenic
Y318H,0.9398,pathogenic
Y318I,0.963,pathogenic
Y318K,0.9929,pathogenic
Y318L,0.8936,pathogenic
Y318M,0.9562,pathogenic
Y318N,0.9367,pathogenic
Y318P,0.9975,pathogenic
Y318Q,0.9896,pathogenic
Y318R,0.9776,pathogenic
Y318S,0.9434,pathogenic
Y318T,0.9808,pathogenic
Y318V,0.925,pathogenic
Y318W,0.7518,pathogenic
G319A,0.1302,benign
G319C,0.7775,pathogenic
G319D,0.9892,pathogenic
G319E,0.9836,pathogenic
G319F,0.992,pathogenic
G319H,0.9923,pathogenic
G319I,0.9684,pathogenic
G319K,0.9954,pathogenic
G319L,0.9519,pathogenic
G319M,0.9729,pathogenic
G319N,0.9855,pathogenic
G319P,0.9965,pathogenic
G319Q,0.9777,pathogenic
G319R,0.9719,pathogenic
G319S,0.2984,benign
G319T,0.8192,pathogenic
G319V,0.893,pathogenic
G319W,0.9879,pathogenic
G319Y,0.9925,pathogenic
A320C,0.8886,pathogenic
A320D,0.9797,pathogenic
A320E,0.9428,pathogenic
A320F,0.9462,pathogenic
A320G,0.5675,pathogenic
A320H,0.9822,pathogenic
A320I,0.879,pathogenic
A320K,0.977,pathogenic
A320L,0.7013,pathogenic
A320M,0.6439,pathogenic
A320N,0.9467,pathogenic
A320P,0.9824,pathogenic
A320Q,0.9244,pathogenic
A320R,0.9209,pathogenic
A320S,0.3031,benign
A320T,0.1512,benign
A320V,0.4756,ambiguous
A320W,0.9911,pathogenic
A320Y,0.9858,pathogenic
E321A,0.7543,pathogenic
E321C,0.9959,pathogenic
E321D,0.9736,pathogenic
E321F,0.9972,pathogenic
E321G,0.8374,pathogenic
E321H,0.991,pathogenic
E321I,0.9855,pathogenic
E321K,0.8554,pathogenic
E321L,0.9787,pathogenic
E321M,0.969,pathogenic
E321N,0.9875,pathogenic
E321P,0.9972,pathogenic
E321Q,0.681,pathogenic
E321R,0.8916,pathogenic
E321S,0.907,pathogenic
E321T,0.9318,pathogenic
E321V,0.9366,pathogenic
E321W,0.9981,pathogenic
E321Y,0.9958,pathogenic
E322A,0.5597,ambiguous
E322C,0.9888,pathogenic
E322D,0.6556,pathogenic
E322F,0.9817,pathogenic
E322G,0.7505,pathogenic
E322H,0.9611,pathogenic
E322I,0.9485,pathogenic
E322K,0.8908,pathogenic
E322L,0.941,pathogenic
E322M,0.937,pathogenic
E322N,0.8868,pathogenic
E322P,0.9969,pathogenic
E322Q,0.6628,pathogenic
E322R,0.9094,pathogenic
E322S,0.8041,pathogenic
E322T,0.8675,pathogenic
E322V,0.839,pathogenic
E322W,0.9943,pathogenic
E322Y,0.9567,pathogenic
C323A,0.5579,ambiguous
C323D,0.9366,pathogenic
C323E,0.9417,pathogenic
C323F,0.2101,benign
C323G,0.367,ambiguous
C323H,0.6989,pathogenic
C323I,0.783,pathogenic
C323K,0.9515,pathogenic
C323L,0.5668,pathogenic
C323M,0.7342,pathogenic
C323N,0.8246,pathogenic
C323P,0.9954,pathogenic
C323Q,0.8657,pathogenic
C323R,0.7277,pathogenic
C323S,0.5764,pathogenic
C323T,0.7578,pathogenic
C323V,0.6082,pathogenic
C323W,0.4603,ambiguous
C323Y,0.2196,benign
V324A,0.7561,pathogenic
V324C,0.9538,pathogenic
V324D,0.9939,pathogenic
V324E,0.9736,pathogenic
V324F,0.6945,pathogenic
V324G,0.8762,pathogenic
V324H,0.9891,pathogenic
V324I,0.1112,benign
V324K,0.9809,pathogenic
V324L,0.2547,benign
V324M,0.4996,ambiguous
V324N,0.9757,pathogenic
V324P,0.9902,pathogenic
V324Q,0.9615,pathogenic
V324R,0.9521,pathogenic
V324S,0.9177,pathogenic
V324T,0.7678,pathogenic
V324W,0.9896,pathogenic
V324Y,0.9748,pathogenic
L325A,0.8816,pathogenic
L325C,0.9293,pathogenic
L325D,0.9932,pathogenic
L325E,0.9354,pathogenic
L325F,0.5555,ambiguous
L325G,0.9527,pathogenic
L325H,0.8535,pathogenic
L325I,0.3258,benign
L325K,0.8627,pathogenic
L325M,0.375,ambiguous
L325N,0.9643,pathogenic
L325P,0.9823,pathogenic
L325Q,0.6803,pathogenic
L325R,0.5997,pathogenic
L325S,0.9368,pathogenic
L325T,0.8938,pathogenic
L325V,0.4359,ambiguous
L325W,0.6789,pathogenic
L325Y,0.8779,pathogenic
Q326A,0.2627,benign
Q326C,0.6625,pathogenic
Q326D,0.6997,pathogenic
Q326E,0.138,benign
Q326F,0.8159,pathogenic
Q326G,0.3011,benign
Q326H,0.3653,ambiguous
Q326I,0.6428,pathogenic
Q326K,0.1337,benign
Q326L,0.169,benign
Q326M,0.481,ambiguous
Q326N,0.5281,ambiguous
Q326P,0.8128,pathogenic
Q326R,0.0983,benign
Q326S,0.3679,ambiguous
Q326T,0.3522,ambiguous
Q326V,0.4386,ambiguous
Q326W,0.6122,pathogenic
Q326Y,0.6537,pathogenic
M327A,0.4099,ambiguous
M327C,0.8147,pathogenic
M327D,0.8121,pathogenic
M327E,0.5219,ambiguous
M327F,0.4196,ambiguous
M327G,0.6461,pathogenic
M327H,0.5807,pathogenic
M327I,0.4374,ambiguous
M327K,0.3165,benign
M327L,0.0819,benign
M327N,0.5248,ambiguous
M327P,0.953,pathogenic
M327Q,0.3081,benign
M327R,0.2815,benign
M327S,0.4662,ambiguous
M327T,0.3807,ambiguous
M327V,0.2096,benign
M327W,0.5962,pathogenic
M327Y,0.6531,pathogenic
G328A,0.5628,ambiguous
G328C,0.7904,pathogenic
G328D,0.4252,ambiguous
G328E,0.5774,pathogenic
G328F,0.9594,pathogenic
G328H,0.8151,pathogenic
G328I,0.9521,pathogenic
G328K,0.7707,pathogenic
G328L,0.9291,pathogenic
G328M,0.9357,pathogenic
G328N,0.6329,pathogenic
G328P,0.9837,pathogenic
G328Q,0.6949,pathogenic
G328R,0.6495,pathogenic
G328S,0.3791,ambiguous
G328T,0.7593,pathogenic
G328V,0.8848,pathogenic
G328W,0.889,pathogenic
G328Y,0.8974,pathogenic
G329A,0.6128,pathogenic
G329C,0.8934,pathogenic
G329D,0.969,pathogenic
G329E,0.9687,pathogenic
G329F,0.9676,pathogenic
G329H,0.9837,pathogenic
G329I,0.9625,pathogenic
G329K,0.9872,pathogenic
G329L,0.9648,pathogenic
G329M,0.9718,pathogenic
G329N,0.9784,pathogenic
G329P,0.9972,pathogenic
G329Q,0.9766,pathogenic
G329R,0.955,pathogenic
G329S,0.6589,pathogenic
G329T,0.9095,pathogenic
G329V,0.9244,pathogenic
G329W,0.9348,pathogenic
G329Y,0.9634,pathogenic
V330A,0.3117,benign
V330C,0.7613,pathogenic
V330D,0.7831,pathogenic
V330E,0.5869,pathogenic
V330F,0.1645,benign
V330G,0.4255,ambiguous
V330H,0.7903,pathogenic
V330I,0.0854,benign
V330K,0.6717,pathogenic
V330L,0.1679,benign
V330M,0.161,benign
V330N,0.6585,pathogenic
V330P,0.9665,pathogenic
V330Q,0.5656,pathogenic
V330R,0.5481,ambiguous
V330S,0.4665,ambiguous
V330T,0.3851,ambiguous
V330W,0.7964,pathogenic
V330Y,0.621,pathogenic
L331A,0.8794,pathogenic
L331C,0.9034,pathogenic
L331D,0.9931,pathogenic
L331E,0.9731,pathogenic
L331F,0.4123,ambiguous
L331G,0.9572,pathogenic
L331H,0.8809,pathogenic
L331I,0.3859,ambiguous
L331K,0.9359,pathogenic
L331M,0.3616,ambiguous
L331N,0.9695,pathogenic
L331P,0.8771,pathogenic
L331Q,0.8461,pathogenic
L331R,0.7899,pathogenic
L331S,0.9351,pathogenic
L331T,0.8849,pathogenic
L331V,0.446,ambiguous
L331W,0.7272,pathogenic
L331Y,0.8585,pathogenic
C332A,0.9935,pathogenic
C332D,0.9982,pathogenic
C332E,0.9995,pathogenic
C332F,0.9643,pathogenic
C332G,0.98,pathogenic
C332H,0.9939,pathogenic
C332I,0.995,pathogenic
C332K,0.9998,pathogenic
C332L,0.9772,pathogenic
C332M,0.9971,pathogenic
C332N,0.9987,pathogenic
C332P,0.9943,pathogenic
C332Q,0.9993,pathogenic
C332R,0.996,pathogenic
C332S,0.9916,pathogenic
C332T,0.9984,pathogenic
C332V,0.9921,pathogenic
C332W,0.9869,pathogenic
C332Y,0.9844,pathogenic
P333A,0.6619,pathogenic
P333C,0.948,pathogenic
P333D,0.9833,pathogenic
P333E,0.9501,pathogenic
P333F,0.9654,pathogenic
P333G,0.9142,pathogenic
P333H,0.8595,pathogenic
P333I,0.916,pathogenic
P333K,0.9526,pathogenic
P333L,0.6745,pathogenic
P333M,0.9474,pathogenic
P333N,0.9751,pathogenic
P333Q,0.8525,pathogenic
P333R,0.7555,pathogenic
P333S,0.7878,pathogenic
P333T,0.7684,pathogenic
P333V,0.8317,pathogenic
P333W,0.9717,pathogenic
P333Y,0.9633,pathogenic
R334A,0.1044,benign
R334C,0.082,benign
R334D,0.2905,benign
R334E,0.1663,benign
R334F,0.2111,benign
R334G,0.0762,benign
R334H,0.0738,benign
R334I,0.1545,benign
R334K,0.1035,benign
R334L,0.1005,benign
R334M,0.1353,benign
R334N,0.1945,benign
R334P,0.4932,ambiguous
R334Q,0.0658,benign
R334S,0.0878,benign
R334T,0.0908,benign
R334V,0.1542,benign
R334W,0.1199,benign
R334Y,0.1499,benign
P335A,0.0765,benign
P335C,0.5428,ambiguous
P335D,0.5165,ambiguous
P335E,0.2616,benign
P335F,0.5084,ambiguous
P335G,0.3097,benign
P335H,0.2424,benign
P335I,0.3198,benign
P335K,0.2831,benign
P335L,0.1365,benign
P335M,0.3702,ambiguous
P335N,0.4669,ambiguous
P335Q,0.164,benign
P335R,0.1301,benign
P335S,0.1608,benign
P335T,0.1468,benign
P335V,0.1968,benign
P335W,0.5574,ambiguous
P335Y,0.49,ambiguous
G336A,0.1684,benign
G336C,0.2688,benign
G336D,0.1947,benign
G336E,0.2526,benign
G336F,0.5622,ambiguous
G336H,0.3629,ambiguous
G336I,0.4804,ambiguous
G336K,0.5291,ambiguous
G336L,0.5017,ambiguous
G336M,0.6001,pathogenic
G336N,0.2746,benign
G336P,0.8654,pathogenic
G336Q,0.3508,ambiguous
G336R,0.312,benign
G336S,0.1082,benign
G336T,0.233,benign
G336V,0.3303,benign
G336W,0.4624,ambiguous
G336Y,0.4413,ambiguous
C337A,0.9903,pathogenic
C337D,0.9932,pathogenic
C337E,0.998,pathogenic
C337F,0.9652,pathogenic
C337G,0.9469,pathogenic
C337H,0.9893,pathogenic
C337I,0.9938,pathogenic
C337K,0.9986,pathogenic
C337L,0.9834,pathogenic
C337M,0.9937,pathogenic
C337N,0.9952,pathogenic
C337P,0.9961,pathogenic
C337Q,0.9973,pathogenic
C337R,0.9854,pathogenic
C337S,0.9853,pathogenic
C337T,0.9939,pathogenic
C337V,0.9893,pathogenic
C337W,0.9708,pathogenic
C337Y,0.9815,pathogenic
G338A,0.5767,pathogenic
G338C,0.7646,pathogenic
G338D,0.9082,pathogenic
G338E,0.8913,pathogenic
G338F,0.9485,pathogenic
G338H,0.9077,pathogenic
G338I,0.9441,pathogenic
G338K,0.9261,pathogenic
G338L,0.926,pathogenic
G338M,0.9488,pathogenic
G338N,0.8998,pathogenic
G338P,0.9808,pathogenic
G338Q,0.8459,pathogenic
G338R,0.7444,pathogenic
G338S,0.4125,ambiguous
G338T,0.7966,pathogenic
G338V,0.8849,pathogenic
G338W,0.8909,pathogenic
G338Y,0.9352,pathogenic
A339C,0.6409,pathogenic
A339D,0.6511,pathogenic
A339E,0.4565,ambiguous
A339F,0.4539,ambiguous
A339G,0.2824,benign
A339H,0.6563,pathogenic
A339I,0.4945,ambiguous
A339K,0.7392,pathogenic
A339L,0.3544,ambiguous
A339M,0.3039,benign
A339N,0.5148,ambiguous
A339P,0.9398,pathogenic
A339Q,0.4401,ambiguous
A339R,0.5636,ambiguous
A339S,0.1294,benign
A339T,0.1737,benign
A339V,0.225,benign
A339W,0.8572,pathogenic
A339Y,0.6818,pathogenic
G340A,0.3171,benign
G340C,0.7608,pathogenic
G340D,0.9678,pathogenic
G340E,0.9556,pathogenic
G340F,0.9412,pathogenic
G340H,0.9799,pathogenic
G340I,0.8269,pathogenic
G340K,0.9861,pathogenic
G340L,0.8834,pathogenic
G340M,0.9452,pathogenic
G340N,0.9744,pathogenic
G340P,0.9697,pathogenic
G340Q,0.9659,pathogenic
G340R,0.936,pathogenic
G340S,0.4563,ambiguous
G340T,0.781,pathogenic
G340V,0.6803,pathogenic
G340W,0.931,pathogenic
G340Y,0.9516,pathogenic
L341A,0.8583,pathogenic
L341C,0.8275,pathogenic
L341D,0.9898,pathogenic
L341E,0.9344,pathogenic
L341F,0.1958,benign
L341G,0.955,pathogenic
L341H,0.7644,pathogenic
L341I,0.1114,benign
L341K,0.8393,pathogenic
L341M,0.2423,benign
L341N,0.955,pathogenic
L341P,0.9707,pathogenic
L341Q,0.739,pathogenic
L341R,0.6658,pathogenic
L341S,0.932,pathogenic
L341T,0.868,pathogenic
L341V,0.1774,benign
L341W,0.4954,ambiguous
L341Y,0.6622,pathogenic
L342A,0.7432,pathogenic
L342C,0.7699,pathogenic
L342D,0.966,pathogenic
L342E,0.8434,pathogenic
L342F,0.1687,benign
L342G,0.9141,pathogenic
L342H,0.629,pathogenic
L342I,0.1378,benign
L342K,0.7804,pathogenic
L342M,0.2334,benign
L342N,0.903,pathogenic
L342P,0.8075,pathogenic
L342Q,0.5628,ambiguous
L342R,0.5721,pathogenic
L342S,0.8127,pathogenic
L342T,0.7384,pathogenic
L342V,0.1878,benign
L342W,0.3485,ambiguous
L342Y,0.5392,ambiguous
P343A,0.1494,benign
P343C,0.6069,pathogenic
P343D,0.8772,pathogenic
P343E,0.6517,pathogenic
P343F,0.5995,pathogenic
P343G,0.559,ambiguous
P343H,0.5697,pathogenic
P343I,0.2908,benign
P343K,0.6989,pathogenic
P343L,0.0979,benign
P343M,0.3832,ambiguous
P343N,0.83,pathogenic
P343Q,0.4808,ambiguous
P343R,0.4415,ambiguous
P343S,0.3874,ambiguous
P343T,0.2347,benign
P343V,0.1674,benign
P343W,0.7076,pathogenic
P343Y,0.6972,pathogenic
E344A,0.0724,benign
E344C,0.5522,ambiguous
E344D,0.0869,benign
E344F,0.3965,ambiguous
E344G,0.0705,benign
E344H,0.2135,benign
E344I,0.1939,benign
E344K,0.0765,benign
E344L,0.1467,benign
E344M,0.2314,benign
E344N,0.1506,benign
E344P,0.1574,benign
E344Q,0.0811,benign
E344R,0.1113,benign
E344S,0.1033,benign
E344T,0.1215,benign
E344V,0.1096,benign
E344W,0.5713,pathogenic
E344Y,0.3278,benign
P345A,0.0573,benign
P345C,0.2718,benign
P345D,0.146,benign
P345E,0.1005,benign
P345F,0.2501,benign
P345G,0.1279,benign
P345H,0.1049,benign
P345I,0.1668,benign
P345K,0.1004,benign
P345L,0.0838,benign
P345M,0.1574,benign
P345N,0.1503,benign
P345Q,0.0766,benign
P345R,0.0759,benign
P345S,0.0797,benign
P345T,0.0655,benign
P345V,0.1185,benign
P345W,0.2418,benign
P345Y,0.2271,benign
D346A,0.0693,benign
D346C,0.1595,benign
D346E,0.0708,benign
D346F,0.2211,benign
D346G,0.0465,benign
D346H,0.0936,benign
D346I,0.1405,benign
D346K,0.1206,benign
D346L,0.1248,benign
D346M,0.2538,benign
D346N,0.0722,benign
D346P,0.2367,benign
D346Q,0.0932,benign
D346R,0.0984,benign
D346S,0.062,benign
D346T,0.0962,benign
D346V,0.0931,benign
D346W,0.334,benign
D346Y,0.1037,benign
Q347A,0.1177,benign
Q347C,0.2614,benign
Q347D,0.218,benign
Q347E,0.0665,benign
Q347F,0.3831,ambiguous
Q347G,0.1126,benign
Q347H,0.1412,benign
Q347I,0.1781,benign
Q347K,0.0737,benign
Q347L,0.0784,benign
Q347M,0.19,benign
Q347N,0.2238,benign
Q347P,0.1508,benign
Q347R,0.0638,benign
Q347S,0.1398,benign
Q347T,0.1082,benign
Q347V,0.1077,benign
Q347W,0.2106,benign
Q347Y,0.2545,benign
R348A,0.4023,ambiguous
R348C,0.2667,benign
R348D,0.6414,pathogenic
R348E,0.2797,benign
R348F,0.639,pathogenic
R348G,0.2224,benign
R348H,0.1748,benign
R348I,0.2855,benign
R348K,0.0978,benign
R348L,0.2632,benign
R348M,0.2738,benign
R348N,0.5698,pathogenic
R348P,0.4352,ambiguous
R348Q,0.1002,benign
R348S,0.5011,ambiguous
R348T,0.2544,benign
R348V,0.3268,benign
R348W,0.2034,benign
R348Y,0.4718,ambiguous
K349A,0.189,benign
K349C,0.4385,ambiguous
K349D,0.5257,ambiguous
K349E,0.1014,benign
K349F,0.474,ambiguous
K349G,0.2801,benign
K349H,0.241,benign
K349I,0.2008,benign
K349L,0.1537,benign
K349M,0.108,benign
K349N,0.3303,benign
K349P,0.4255,ambiguous
K349Q,0.0965,benign
K349R,0.0656,benign
K349S,0.2901,benign
K349T,0.1318,benign
K349V,0.1736,benign
K349W,0.439,ambiguous
K349Y,0.3666,ambiguous
V350A,0.5525,ambiguous
V350C,0.9061,pathogenic
V350D,0.8814,pathogenic
V350E,0.7458,pathogenic
V350F,0.3651,ambiguous
V350G,0.5581,ambiguous
V350H,0.9252,pathogenic
V350I,0.078,benign
V350K,0.8645,pathogenic
V350L,0.2474,benign
V350M,0.3003,benign
V350N,0.8251,pathogenic
V350P,0.933,pathogenic
V350Q,0.8144,pathogenic
V350R,0.8137,pathogenic
V350S,0.7684,pathogenic
V350T,0.675,pathogenic
V350W,0.9005,pathogenic
V350Y,0.7677,pathogenic
T351A,0.0716,benign
T351C,0.2439,benign
T351D,0.2314,benign
T351E,0.1655,benign
T351F,0.1097,benign
T351G,0.1772,benign
T351H,0.1473,benign
T351I,0.0697,benign
T351K,0.1326,benign
T351L,0.0673,benign
T351M,0.082,benign
T351N,0.1004,benign
T351P,0.1163,benign
T351Q,0.1406,benign
T351R,0.0924,benign
T351S,0.0957,benign
T351V,0.077,benign
T351W,0.3177,benign
T351Y,0.1669,benign
C352A,0.9731,pathogenic
C352D,0.9948,pathogenic
C352E,0.9975,pathogenic
C352F,0.9498,pathogenic
C352G,0.9153,pathogenic
C352H,0.9904,pathogenic
C352I,0.9858,pathogenic
C352K,0.9984,pathogenic
C352L,0.9634,pathogenic
C352M,0.9878,pathogenic
C352N,0.9962,pathogenic
C352P,0.9903,pathogenic
C352Q,0.9966,pathogenic
C352R,0.977,pathogenic
C352S,0.9734,pathogenic
C352T,0.9885,pathogenic
C352V,0.9684,pathogenic
C352W,0.9688,pathogenic
C352Y,0.9783,pathogenic
E353A,0.1125,benign
E353C,0.6204,pathogenic
E353D,0.1334,benign
E353F,0.4988,ambiguous
E353G,0.1122,benign
E353H,0.2574,benign
E353I,0.242,benign
E353K,0.0909,benign
E353L,0.211,benign
E353M,0.3171,benign
E353N,0.2283,benign
E353P,0.3089,benign
E353Q,0.0998,benign
E353R,0.1304,benign
E353S,0.1557,benign
E353T,0.1614,benign
E353V,0.1452,benign
E353W,0.6688,pathogenic
E353Y,0.4178,ambiguous
G354A,0.0632,benign
G354C,0.1365,benign
G354D,0.097,benign
G354E,0.064,benign
G354F,0.2385,benign
G354H,0.1502,benign
G354I,0.1153,benign
G354K,0.1067,benign
G354L,0.1419,benign
G354M,0.1666,benign
G354N,0.1541,benign
G354P,0.1554,benign
G354Q,0.0946,benign
G354R,0.0808,benign
G354S,0.0864,benign
G354T,0.0794,benign
G354V,0.0795,benign
G354W,0.1383,benign
G354Y,0.1729,benign
G355A,0.0895,benign
G355C,0.1095,benign
G355D,0.0917,benign
G355E,0.0928,benign
G355F,0.2392,benign
G355H,0.1534,benign
G355I,0.1231,benign
G355K,0.1435,benign
G355L,0.1765,benign
G355M,0.2139,benign
G355N,0.1318,benign
G355P,0.3479,ambiguous
G355Q,0.1239,benign
G355R,0.0936,benign
G355S,0.0777,benign
G355T,0.1005,benign
G355V,0.0934,benign
G355W,0.1651,benign
G355Y,0.1737,benign
N356A,0.0876,benign
N356C,0.1153,benign
N356D,0.0676,benign
N356E,0.1153,benign
N356F,0.1968,benign
N356G,0.0981,benign
N356H,0.0684,benign
N356I,0.112,benign
N356K,0.0993,benign
N356L,0.1094,benign
N356M,0.1717,benign
N356P,0.1535,benign
N356Q,0.1144,benign
N356R,0.0919,benign
N356S,0.0568,benign
N356T,0.0822,benign
N356V,0.1092,benign
N356W,0.2804,benign
N356Y,0.0857,benign
G357A,0.097,benign
G357C,0.1189,benign
G357D,0.0989,benign
G357E,0.1276,benign
G357F,0.2631,benign
G357H,0.154,benign
G357I,0.1544,benign
G357K,0.2241,benign
G357L,0.1988,benign
G357M,0.2743,benign
G357N,0.1458,benign
G357P,0.4078,ambiguous
G357Q,0.1684,benign
G357R,0.13,benign
G357S,0.0777,benign
G357T,0.1093,benign
G357V,0.1115,benign
G357W,0.2034,benign
G357Y,0.1769,benign
L358A,0.1628,benign
L358C,0.3789,ambiguous
L358D,0.4988,ambiguous
L358E,0.2556,benign
L358F,0.1043,benign
L358G,0.2909,benign
L358H,0.1834,benign
L358I,0.0941,benign
L358K,0.2192,benign
L358M,0.1097,benign
L358N,0.312,benign
L358P,0.1815,benign
L358Q,0.1241,benign
L358R,0.1277,benign
L358S,0.1915,benign
L358T,0.1744,benign
L358V,0.0937,benign
L358W,0.1392,benign
L358Y,0.2845,benign
G359A,0.3392,benign
G359C,0.5573,ambiguous
G359D,0.7764,pathogenic
G359E,0.7689,pathogenic
G359F,0.8267,pathogenic
G359H,0.853,pathogenic
G359I,0.7403,pathogenic
G359K,0.9199,pathogenic
G359L,0.7483,pathogenic
G359M,0.8913,pathogenic
G359N,0.8188,pathogenic
G359P,0.8726,pathogenic
G359Q,0.8225,pathogenic
G359R,0.7768,pathogenic
G359S,0.2978,benign
G359T,0.6098,pathogenic
G359V,0.6063,pathogenic
G359W,0.7513,pathogenic
G359Y,0.778,pathogenic
C360A,0.9741,pathogenic
C360D,0.975,pathogenic
C360E,0.9929,pathogenic
C360F,0.9089,pathogenic
C360G,0.8663,pathogenic
C360H,0.971,pathogenic
C360I,0.9859,pathogenic
C360K,0.9952,pathogenic
C360L,0.9596,pathogenic
C360M,0.9867,pathogenic
C360N,0.9843,pathogenic
C360P,0.9829,pathogenic
C360Q,0.9912,pathogenic
C360R,0.9588,pathogenic
C360S,0.9614,pathogenic
C360T,0.9845,pathogenic
C360V,0.977,pathogenic
C360W,0.9326,pathogenic
C360Y,0.9481,pathogenic
G361A,0.2958,benign
G361C,0.3765,ambiguous
G361D,0.3147,benign
G361E,0.3665,ambiguous
G361F,0.7797,pathogenic
G361H,0.4818,ambiguous
G361I,0.6984,pathogenic
G361K,0.5867,pathogenic
G361L,0.6759,pathogenic
G361M,0.7662,pathogenic
G361N,0.408,ambiguous
G361P,0.9084,pathogenic
G361Q,0.4012,ambiguous
G361R,0.3477,ambiguous
G361S,0.151,benign
G361T,0.4075,ambiguous
G361V,0.5685,pathogenic
G361W,0.6276,pathogenic
G361Y,0.6381,pathogenic
F362A,0.4224,ambiguous
F362C,0.362,ambiguous
F362D,0.7046,pathogenic
F362E,0.6961,pathogenic
F362G,0.5922,pathogenic
F362H,0.5094,ambiguous
F362I,0.2215,benign
F362K,0.7445,pathogenic
F362L,0.4601,ambiguous
F362M,0.3568,ambiguous
F362N,0.6252,pathogenic
F362P,0.9434,pathogenic
F362Q,0.6104,pathogenic
F362R,0.5877,pathogenic
F362S,0.3942,ambiguous
F362T,0.5007,ambiguous
F362V,0.2179,benign
F362W,0.3223,benign
F362Y,0.1647,benign
A363C,0.23,benign
A363D,0.1182,benign
A363E,0.1112,benign
A363F,0.1393,benign
A363G,0.1074,benign
A363H,0.2149,benign
A363I,0.0714,benign
A363K,0.2455,benign
A363L,0.0734,benign
A363M,0.1136,benign
A363N,0.1402,benign
A363P,0.1162,benign
A363Q,0.1725,benign
A363R,0.1625,benign
A363S,0.0695,benign
A363T,0.0638,benign
A363V,0.051,benign
A363W,0.3944,ambiguous
A363Y,0.2161,benign
F364A,0.9768,pathogenic
F364C,0.97,pathogenic
F364D,0.9978,pathogenic
F364E,0.9979,pathogenic
F364G,0.9878,pathogenic
F364H,0.988,pathogenic
F364I,0.8603,pathogenic
F364K,0.9983,pathogenic
F364L,0.9896,pathogenic
F364M,0.9662,pathogenic
F364N,0.9942,pathogenic
F364P,0.9988,pathogenic
F364Q,0.9962,pathogenic
F364R,0.9913,pathogenic
F364S,0.9733,pathogenic
F364T,0.9853,pathogenic
F364V,0.835,pathogenic
F364W,0.8898,pathogenic
F364Y,0.7687,pathogenic
C365A,0.9913,pathogenic
C365D,0.9951,pathogenic
C365E,0.9985,pathogenic
C365F,0.9601,pathogenic
C365G,0.9497,pathogenic
C365H,0.9832,pathogenic
C365I,0.9951,pathogenic
C365K,0.9993,pathogenic
C365L,0.9759,pathogenic
C365M,0.9968,pathogenic
C365N,0.9967,pathogenic
C365P,0.9958,pathogenic
C365Q,0.9968,pathogenic
C365R,0.9855,pathogenic
C365S,0.9801,pathogenic
C365T,0.9959,pathogenic
C365V,0.9905,pathogenic
C365W,0.978,pathogenic
C365Y,0.9781,pathogenic
R366A,0.5041,ambiguous
R366C,0.2759,benign
R366D,0.9132,pathogenic
R366E,0.5704,pathogenic
R366F,0.7118,pathogenic
R366G,0.3264,benign
R366H,0.2206,benign
R366I,0.4807,ambiguous
R366K,0.1442,benign
R366L,0.328,benign
R366M,0.4855,ambiguous
R366N,0.8547,pathogenic
R366P,0.787,pathogenic
R366Q,0.1303,benign
R366S,0.6401,pathogenic
R366T,0.4458,ambiguous
R366V,0.5015,ambiguous
R366W,0.2568,benign
R366Y,0.581,pathogenic
E367A,0.1058,benign
E367C,0.5918,pathogenic
E367D,0.0654,benign
E367F,0.4244,ambiguous
E367G,0.1147,benign
E367H,0.2212,benign
E367I,0.2006,benign
E367K,0.1331,benign
E367L,0.2028,benign
E367M,0.3241,benign
E367N,0.1147,benign
E367P,0.5923,pathogenic
E367Q,0.105,benign
E367R,0.1618,benign
E367S,0.1282,benign
E367T,0.151,benign
E367V,0.1241,benign
E367W,0.6447,pathogenic
E367Y,0.2898,benign
C368A,0.9782,pathogenic
C368D,0.9698,pathogenic
C368E,0.9908,pathogenic
C368F,0.9526,pathogenic
C368G,0.8173,pathogenic
C368H,0.9775,pathogenic
C368I,0.9906,pathogenic
C368K,0.9953,pathogenic
C368L,0.9693,pathogenic
C368M,0.9864,pathogenic
C368N,0.9832,pathogenic
C368P,0.9924,pathogenic
C368Q,0.9928,pathogenic
C368R,0.9661,pathogenic
C368S,0.978,pathogenic
C368T,0.9861,pathogenic
C368V,0.9794,pathogenic
C368W,0.9486,pathogenic
C368Y,0.9464,pathogenic
K369A,0.7393,pathogenic
K369C,0.8521,pathogenic
K369D,0.9321,pathogenic
K369E,0.5238,ambiguous
K369F,0.9279,pathogenic
K369G,0.5099,ambiguous
K369H,0.5761,pathogenic
K369I,0.8706,pathogenic
K369L,0.5333,ambiguous
K369M,0.4923,ambiguous
K369N,0.8478,pathogenic
K369P,0.9227,pathogenic
K369Q,0.3078,benign
K369R,0.093,benign
K369S,0.8002,pathogenic
K369T,0.5673,pathogenic
K369V,0.7853,pathogenic
K369W,0.8454,pathogenic
K369Y,0.8492,pathogenic
E370A,0.1243,benign
E370C,0.8338,pathogenic
E370D,0.1467,benign
E370F,0.7029,pathogenic
E370G,0.1166,benign
E370H,0.4896,ambiguous
E370I,0.4605,ambiguous
E370K,0.1966,benign
E370L,0.3405,ambiguous
E370M,0.4168,ambiguous
E370N,0.2811,benign
E370P,0.9062,pathogenic
E370Q,0.1479,benign
E370R,0.2654,benign
E370S,0.2307,benign
E370T,0.2441,benign
E370V,0.2244,benign
E370W,0.8598,pathogenic
E370Y,0.5674,pathogenic
A371C,0.4345,ambiguous
A371D,0.1099,benign
A371E,0.0876,benign
A371F,0.2285,benign
A371G,0.0992,benign
A371H,0.281,benign
A371I,0.1515,benign
A371K,0.206,benign
A371L,0.1236,benign
A371M,0.1671,benign
A371N,0.1596,benign
A371P,0.076,benign
A371Q,0.1618,benign
A371R,0.1788,benign
A371S,0.089,benign
A371T,0.0791,benign
A371V,0.0895,benign
A371W,0.4474,ambiguous
A371Y,0.2971,benign
Y372A,0.384,ambiguous
Y372C,0.1695,benign
Y372D,0.3333,benign
Y372E,0.6638,pathogenic
Y372F,0.0796,benign
Y372G,0.4317,ambiguous
Y372H,0.227,benign
Y372I,0.5385,ambiguous
Y372K,0.7886,pathogenic
Y372L,0.5713,pathogenic
Y372M,0.717,pathogenic
Y372N,0.2997,benign
Y372P,0.5616,ambiguous
Y372Q,0.6246,pathogenic
Y372R,0.5647,pathogenic
Y372S,0.2141,benign
Y372T,0.5298,ambiguous
Y372V,0.4001,ambiguous
Y372W,0.2192,benign
H373A,0.8929,pathogenic
H373C,0.5899,pathogenic
H373D,0.87,pathogenic
H373E,0.8294,pathogenic
H373F,0.829,pathogenic
H373G,0.828,pathogenic
H373I,0.9184,pathogenic
H373K,0.7375,pathogenic
H373L,0.6386,pathogenic
H373M,0.942,pathogenic
H373N,0.7579,pathogenic
H373P,0.5849,pathogenic
H373Q,0.7127,pathogenic
H373R,0.3323,benign
H373S,0.8418,pathogenic
H373T,0.8865,pathogenic
H373V,0.8547,pathogenic
H373W,0.7137,pathogenic
H373Y,0.5715,pathogenic
E374A,0.0991,benign
E374C,0.6139,pathogenic
E374D,0.0946,benign
E374F,0.513,ambiguous
E374G,0.1111,benign
E374H,0.2307,benign
E374I,0.2628,benign
E374K,0.0845,benign
E374L,0.2322,benign
E374M,0.3307,benign
E374N,0.1818,benign
E374P,0.233,benign
E374Q,0.0987,benign
E374R,0.1189,benign
E374S,0.1399,benign
E374T,0.1433,benign
E374V,0.1512,benign
E374W,0.631,pathogenic
E374Y,0.4002,ambiguous
G375A,0.1844,benign
G375C,0.4397,ambiguous
G375D,0.1532,benign
G375E,0.1714,benign
G375F,0.6987,pathogenic
G375H,0.4909,ambiguous
G375I,0.5073,ambiguous
G375K,0.3735,ambiguous
G375L,0.5511,ambiguous
G375M,0.5708,pathogenic
G375N,0.3224,benign
G375P,0.8063,pathogenic
G375Q,0.3748,ambiguous
G375R,0.3131,benign
G375S,0.1502,benign
G375T,0.247,benign
G375V,0.3175,benign
G375W,0.4874,ambiguous
G375Y,0.5381,ambiguous
E376A,0.08,benign
E376C,0.4878,ambiguous
E376D,0.0767,benign
E376F,0.3976,ambiguous
E376G,0.0824,benign
E376H,0.2016,benign
E376I,0.1953,benign
E376K,0.0829,benign
E376L,0.1929,benign
E376M,0.2622,benign
E376N,0.1354,benign
E376P,0.162,benign
E376Q,0.0903,benign
E376R,0.1126,benign
E376S,0.1077,benign
E376T,0.1175,benign
E376V,0.1205,benign
E376W,0.5436,ambiguous
E376Y,0.3006,benign
C377A,0.9157,pathogenic
C377D,0.9517,pathogenic
C377E,0.9797,pathogenic
C377F,0.834,pathogenic
C377G,0.7251,pathogenic
C377H,0.9644,pathogenic
C377I,0.9222,pathogenic
C377K,0.9881,pathogenic
C377L,0.8881,pathogenic
C377M,0.9572,pathogenic
C377N,0.9582,pathogenic
C377P,0.9117,pathogenic
C377Q,0.9845,pathogenic
C377R,0.939,pathogenic
C377S,0.9404,pathogenic
C377T,0.9564,pathogenic
C377V,0.8943,pathogenic
C377W,0.9283,pathogenic
C377Y,0.8565,pathogenic
S378A,0.0647,benign
S378C,0.0817,benign
S378D,0.1102,benign
S378E,0.1373,benign
S378F,0.118,benign
S378G,0.0572,benign
S378H,0.1127,benign
S378I,0.0875,benign
S378K,0.1744,benign
S378L,0.0842,benign
S378M,0.1453,benign
S378N,0.0802,benign
S378P,0.0928,benign
S378Q,0.156,benign
S378R,0.1168,benign
S378T,0.0692,benign
S378V,0.0956,benign
S378W,0.1379,benign
S378Y,0.1137,benign
A379C,0.2526,benign
A379D,0.1107,benign
A379E,0.1089,benign
A379F,0.1508,benign
A379G,0.0894,benign
A379H,0.1843,benign
A379I,0.1257,benign
A379K,0.1577,benign
A379L,0.0911,benign
A379M,0.1177,benign
A379N,0.1297,benign
A379P,0.0894,benign
A379Q,0.1481,benign
A379R,0.1279,benign
A379S,0.0786,benign
A379T,0.0667,benign
A379V,0.0755,benign
A379W,0.2871,benign
A379Y,0.2113,benign
V380A,0.069,benign
V380C,0.3188,benign
V380D,0.1023,benign
V380E,0.094,benign
V380F,0.0706,benign
V380G,0.0706,benign
V380H,0.1597,benign
V380I,0.0753,benign
V380K,0.1173,benign
V380L,0.0627,benign
V380M,0.0806,benign
V380N,0.1023,benign
V380P,0.0962,benign
V380Q,0.0999,benign
V380R,0.085,benign
V380S,0.076,benign
V380T,0.0878,benign
V380W,0.2371,benign
V380Y,0.1938,benign
F381A,0.0855,benign
F381C,0.0993,benign
F381D,0.1901,benign
F381E,0.2285,benign
F381G,0.1603,benign
F381H,0.2046,benign
F381I,0.0819,benign
F381K,0.2676,benign
F381L,0.316,benign
F381M,0.1979,benign
F381N,0.1788,benign
F381P,0.204,benign
F381Q,0.2191,benign
F381R,0.1727,benign
F381S,0.077,benign
F381T,0.0951,benign
F381V,0.0741,benign
F381W,0.1612,benign
F381Y,0.0991,benign
E382A,0.0764,benign
E382C,0.4913,ambiguous
E382D,0.1056,benign
E382F,0.4036,ambiguous
E382G,0.0778,benign
E382H,0.1902,benign
E382I,0.2295,benign
E382K,0.0925,benign
E382L,0.1663,benign
E382M,0.2604,benign
E382N,0.1862,benign
E382P,0.1477,benign
E382Q,0.0849,benign
E382R,0.107,benign
E382S,0.1098,benign
E382T,0.1141,benign
E382V,0.1286,benign
E382W,0.5105,ambiguous
E382Y,0.3117,benign
A383C,0.3389,benign
A383D,0.108,benign
A383E,0.1132,benign
A383F,0.1757,benign
A383G,0.084,benign
A383H,0.2445,benign
A383I,0.1481,benign
A383K,0.2073,benign
A383L,0.1168,benign
A383M,0.151,benign
A383N,0.1361,benign
A383P,0.0912,benign
A383Q,0.18,benign
A383R,0.1749,benign
A383S,0.082,benign
A383T,0.0705,benign
A383V,0.0838,benign
A383W,0.3991,ambiguous
A383Y,0.235,benign
S384A,0.0582,benign
S384C,0.094,benign
S384D,0.191,benign
S384E,0.1995,benign
S384F,0.1182,benign
S384G,0.0698,benign
S384H,0.1999,benign
S384I,0.1227,benign
S384K,0.2944,benign
S384L,0.0776,benign
S384M,0.1603,benign
S384N,0.1274,benign
S384P,0.071,benign
S384Q,0.2366,benign
S384R,0.2134,benign
S384T,0.0726,benign
S384V,0.1088,benign
S384W,0.1344,benign
S384Y,0.1183,benign
G385A,0.084,benign
G385C,0.1412,benign
G385D,0.111,benign
G385E,0.1089,benign
G385F,0.3062,benign
G385H,0.2125,benign
G385I,0.1587,benign
G385K,0.2075,benign
G385L,0.212,benign
G385M,0.2746,benign
G385N,0.1864,benign
G385P,0.2991,benign
G385Q,0.1677,benign
G385R,0.1266,benign
G385S,0.0851,benign
G385T,0.1085,benign
G385V,0.1026,benign
G385W,0.2012,benign
G385Y,0.2377,benign
T386A,0.0565,benign
T386C,0.2594,benign
T386D,0.1485,benign
T386E,0.1174,benign
T386F,0.1367,benign
T386G,0.1017,benign
T386H,0.1382,benign
T386I,0.1003,benign
T386K,0.098,benign
T386L,0.0792,benign
T386M,0.0715,benign
T386N,0.0885,benign
T386P,0.0736,benign
T386Q,0.1116,benign
T386R,0.0776,benign
T386S,0.0833,benign
T386V,0.0852,benign
T386W,0.2732,benign
T386Y,0.1656,benign
T387A,0.0551,benign
T387C,0.2786,benign
T387D,0.1433,benign
T387E,0.1175,benign
T387F,0.1511,benign
T387G,0.1027,benign
T387H,0.1555,benign
T387I,0.0885,benign
T387K,0.1138,benign
T387L,0.0836,benign
T387M,0.0738,benign
T387N,0.0924,benign
T387P,0.0735,benign
T387Q,0.1244,benign
T387R,0.0885,benign
T387S,0.0843,benign
T387V,0.0721,benign
T387W,0.3333,benign
T387Y,0.1898,benign
T388A,0.0563,benign
T388C,0.2684,benign
T388D,0.1698,benign
T388E,0.1381,benign
T388F,0.1518,benign
T388G,0.1081,benign
T388H,0.1476,benign
T388I,0.1114,benign
T388K,0.1208,benign
T388L,0.0819,benign
T388M,0.0866,benign
T388N,0.0952,benign
T388P,0.0672,benign
T388Q,0.123,benign
T388R,0.0911,benign
T388S,0.0757,benign
T388V,0.0929,benign
T388W,0.3176,benign
T388Y,0.1865,benign
Q389A,0.1437,benign
Q389C,0.6709,pathogenic
Q389D,0.308,benign
Q389E,0.0798,benign
Q389F,0.6913,pathogenic
Q389G,0.1625,benign
Q389H,0.2847,benign
Q389I,0.4356,ambiguous
Q389K,0.1203,benign
Q389L,0.1602,benign
Q389M,0.3564,ambiguous
Q389N,0.3234,benign
Q389P,0.0925,benign
Q389R,0.1038,benign
Q389S,0.2026,benign
Q389T,0.1766,benign
Q389V,0.2226,benign
Q389W,0.4889,ambiguous
Q389Y,0.5166,ambiguous
A390C,0.3451,ambiguous
A390D,0.1315,benign
A390E,0.1454,benign
A390F,0.2188,benign
A390G,0.0815,benign
A390H,0.2859,benign
A390I,0.1721,benign
A390K,0.2972,benign
A390L,0.137,benign
A390M,0.1878,benign
A390N,0.1574,benign
A390P,0.0988,benign
A390Q,0.2151,benign
A390R,0.2237,benign
A390S,0.0869,benign
A390T,0.0774,benign
A390V,0.0893,benign
A390W,0.4605,ambiguous
A390Y,0.3006,benign
Y391A,0.6284,pathogenic
Y391C,0.1968,benign
Y391D,0.6026,pathogenic
Y391E,0.8371,pathogenic
Y391F,0.0852,benign
Y391G,0.5466,ambiguous
Y391H,0.4856,ambiguous
Y391I,0.6109,pathogenic
Y391K,0.8644,pathogenic
Y391L,0.5422,ambiguous
Y391M,0.7257,pathogenic
Y391N,0.5023,ambiguous
Y391P,0.7544,pathogenic
Y391Q,0.7841,pathogenic
Y391R,0.7203,pathogenic
Y391S,0.3794,ambiguous
Y391T,0.6484,pathogenic
Y391V,0.4496,ambiguous
Y391W,0.3254,benign
R392A,0.1216,benign
R392C,0.1157,benign
R392D,0.2913,benign
R392E,0.1367,benign
R392F,0.2658,benign
R392G,0.092,benign
R392H,0.0901,benign
R392I,0.115,benign
R392K,0.0848,benign
R392L,0.104,benign
R392M,0.138,benign
R392N,0.2796,benign
R392P,0.2187,benign
R392Q,0.0766,benign
R392S,0.165,benign
R392T,0.0867,benign
R392V,0.1258,benign
R392W,0.1166,benign
R392Y,0.2307,benign
V393A,0.3326,benign
V393C,0.904,pathogenic
V393D,0.7069,pathogenic
V393E,0.5803,pathogenic
V393F,0.362,ambiguous
V393G,0.3906,ambiguous
V393H,0.8771,pathogenic
V393I,0.0965,benign
V393K,0.7172,pathogenic
V393L,0.4026,ambiguous
V393M,0.3196,benign
V393N,0.6985,pathogenic
V393P,0.6718,pathogenic
V393Q,0.6784,pathogenic
V393R,0.6371,pathogenic
V393S,0.5423,ambiguous
V393T,0.3678,ambiguous
V393W,0.8892,pathogenic
V393Y,0.836,pathogenic
D394A,0.288,benign
D394C,0.6773,pathogenic
D394E,0.3437,ambiguous
D394F,0.7748,pathogenic
D394G,0.2446,benign
D394H,0.4016,ambiguous
D394I,0.6478,pathogenic
D394K,0.6133,pathogenic
D394L,0.5754,pathogenic
D394M,0.7949,pathogenic
D394N,0.1259,benign
D394P,0.721,pathogenic
D394Q,0.5312,ambiguous
D394R,0.5426,ambiguous
D394S,0.1525,benign
D394T,0.4081,ambiguous
D394V,0.4129,ambiguous
D394W,0.8921,pathogenic
D394Y,0.3844,ambiguous
E395A,0.1033,benign
E395C,0.7166,pathogenic
E395D,0.1518,benign
E395F,0.5952,pathogenic
E395G,0.1,benign
E395H,0.3056,benign
E395I,0.2838,benign
E395K,0.0764,benign
E395L,0.2618,benign
E395M,0.3331,benign
E395N,0.2449,benign
E395P,0.2552,benign
E395Q,0.0985,benign
E395R,0.1213,benign
E395S,0.1674,benign
E395T,0.1673,benign
E395V,0.1666,benign
E395W,0.6942,pathogenic
E395Y,0.4679,ambiguous
R396A,0.0884,benign
R396C,0.1618,benign
R396D,0.1658,benign
R396E,0.0876,benign
R396F,0.2158,benign
R396G,0.0745,benign
R396H,0.0916,benign
R396I,0.1005,benign
R396K,0.0558,benign
R396L,0.0882,benign
R396M,0.0864,benign
R396N,0.1504,benign
R396P,0.2284,benign
R396Q,0.0697,benign
R396S,0.1216,benign
R396T,0.0725,benign
R396V,0.1128,benign
R396W,0.1164,benign
R396Y,0.1891,benign
A397C,0.6303,pathogenic
A397D,0.3302,benign
A397E,0.252,benign
A397F,0.3963,ambiguous
A397G,0.2144,benign
A397H,0.4873,ambiguous
A397I,0.3223,benign
A397K,0.3994,ambiguous
A397L,0.2133,benign
A397M,0.2715,benign
A397N,0.3002,benign
A397P,0.6243,pathogenic
A397Q,0.3263,benign
A397R,0.2978,benign
A397S,0.1305,benign
A397T,0.1146,benign
A397V,0.1468,benign
A397W,0.7438,pathogenic
A397Y,0.5332,ambiguous
A398C,0.7369,pathogenic
A398D,0.6869,pathogenic
A398E,0.3922,ambiguous
A398F,0.5929,pathogenic
A398G,0.2849,benign
A398H,0.7776,pathogenic
A398I,0.4602,ambiguous
A398K,0.624,pathogenic
A398L,0.3363,benign
A398M,0.3766,ambiguous
A398N,0.6359,pathogenic
A398P,0.8124,pathogenic
A398Q,0.495,ambiguous
A398R,0.468,ambiguous
A398S,0.1645,benign
A398T,0.1649,benign
A398V,0.1975,benign
A398W,0.8447,pathogenic
A398Y,0.7552,pathogenic
E399A,0.1119,benign
E399C,0.7019,pathogenic
E399D,0.1832,benign
E399F,0.5843,pathogenic
E399G,0.1137,benign
E399H,0.3182,benign
E399I,0.2881,benign
E399K,0.0924,benign
E399L,0.227,benign
E399M,0.3266,benign
E399N,0.2621,benign
E399P,0.724,pathogenic
E399Q,0.0918,benign
E399R,0.126,benign
E399S,0.1804,benign
E399T,0.2044,benign
E399V,0.1669,benign
E399W,0.7124,pathogenic
E399Y,0.4698,ambiguous
Q400A,0.1337,benign
Q400C,0.3772,ambiguous
Q400D,0.2308,benign
Q400E,0.0735,benign
Q400F,0.4373,ambiguous
Q400G,0.1538,benign
Q400H,0.1381,benign
Q400I,0.264,benign
Q400K,0.0708,benign
Q400L,0.0943,benign
Q400M,0.2478,benign
Q400N,0.1993,benign
Q400P,0.2341,benign
Q400R,0.0646,benign
Q400S,0.2012,benign
Q400T,0.152,benign
Q400V,0.1762,benign
Q400W,0.2398,benign
Q400Y,0.2656,benign
A401C,0.8811,pathogenic
A401D,0.9355,pathogenic
A401E,0.9088,pathogenic
A401F,0.9239,pathogenic
A401G,0.2117,benign
A401H,0.9502,pathogenic
A401I,0.9559,pathogenic
A401K,0.9762,pathogenic
A401L,0.8467,pathogenic
A401M,0.8829,pathogenic
A401N,0.8847,pathogenic
A401P,0.9677,pathogenic
A401Q,0.8959,pathogenic
A401R,0.9302,pathogenic
A401S,0.1453,benign
A401T,0.6632,pathogenic
A401V,0.7885,pathogenic
A401W,0.9802,pathogenic
A401Y,0.9427,pathogenic
R402A,0.4203,ambiguous
R402C,0.1251,benign
R402D,0.7972,pathogenic
R402E,0.43,ambiguous
R402F,0.6176,pathogenic
R402G,0.3039,benign
R402H,0.1571,benign
R402I,0.3657,ambiguous
R402K,0.179,benign
R402L,0.2609,benign
R402M,0.4179,ambiguous
R402N,0.71,pathogenic
R402P,0.8662,pathogenic
R402Q,0.1002,benign
R402S,0.5025,ambiguous
R402T,0.3661,ambiguous
R402V,0.3845,ambiguous
R402W,0.2438,benign
R402Y,0.4595,ambiguous
W403A,0.915,pathogenic
W403C,0.9775,pathogenic
W403D,0.9752,pathogenic
W403E,0.9637,pathogenic
W403F,0.7679,pathogenic
W403G,0.742,pathogenic
W403H,0.9701,pathogenic
W403I,0.9506,pathogenic
W403K,0.9855,pathogenic
W403L,0.8556,pathogenic
W403M,0.9483,pathogenic
W403N,0.9794,pathogenic
W403P,0.9861,pathogenic
W403Q,0.975,pathogenic
W403R,0.9727,pathogenic
W403S,0.8643,pathogenic
W403T,0.9378,pathogenic
W403V,0.9261,pathogenic
W403Y,0.8809,pathogenic
E404A,0.6176,pathogenic
E404C,0.9795,pathogenic
E404D,0.2773,benign
E404F,0.9765,pathogenic
E404G,0.5842,pathogenic
E404H,0.9047,pathogenic
E404I,0.9201,pathogenic
E404K,0.736,pathogenic
E404L,0.9023,pathogenic
E404M,0.9153,pathogenic
E404N,0.7628,pathogenic
E404P,0.9665,pathogenic
E404Q,0.5778,pathogenic
E404R,0.8061,pathogenic
E404S,0.7389,pathogenic
E404T,0.7974,pathogenic
E404V,0.7613,pathogenic
E404W,0.9832,pathogenic
E404Y,0.9397,pathogenic
A405C,0.4905,ambiguous
A405D,0.1038,benign
A405E,0.0514,benign
A405F,0.2384,benign
A405G,0.1196,benign
A405H,0.2324,benign
A405I,0.1582,benign
A405K,0.1354,benign
A405L,0.1161,benign
A405M,0.1383,benign
A405N,0.1544,benign
A405P,0.3887,ambiguous
A405Q,0.1086,benign
A405R,0.1414,benign
A405S,0.101,benign
A405T,0.0795,benign
A405V,0.0835,benign
A405W,0.4445,ambiguous
A405Y,0.2753,benign
A406C,0.5642,pathogenic
A406D,0.231,benign
A406E,0.206,benign
A406F,0.4023,ambiguous
A406G,0.2132,benign
A406H,0.5216,ambiguous
A406I,0.339,benign
A406K,0.453,ambiguous
A406L,0.254,benign
A406M,0.3105,benign
A406N,0.3205,benign
A406P,0.6637,pathogenic
A406Q,0.3271,benign
A406R,0.386,ambiguous
A406S,0.1003,benign
A406T,0.113,benign
A406V,0.1606,benign
A406W,0.7532,pathogenic
A406Y,0.544,ambiguous
S407A,0.2394,benign
S407C,0.5129,ambiguous
S407D,0.9007,pathogenic
S407E,0.9196,pathogenic
S407F,0.892,pathogenic
S407G,0.308,benign
S407H,0.9388,pathogenic
S407I,0.8606,pathogenic
S407K,0.988,pathogenic
S407L,0.5688,pathogenic
S407M,0.7308,pathogenic
S407N,0.7231,pathogenic
S407P,0.9254,pathogenic
S407Q,0.929,pathogenic
S407R,0.9766,pathogenic
S407T,0.1632,benign
S407V,0.7436,pathogenic
S407W,0.8883,pathogenic
S407Y,0.8762,pathogenic
K408A,0.2238,benign
K408C,0.6728,pathogenic
K408D,0.5619,ambiguous
K408E,0.1005,benign
K408F,0.7271,pathogenic
K408G,0.3385,benign
K408H,0.3548,ambiguous
K408I,0.3127,benign
K408L,0.2304,benign
K408M,0.1716,benign
K408N,0.429,ambiguous
K408P,0.8248,pathogenic
K408Q,0.1016,benign
K408R,0.0676,benign
K408S,0.3539,ambiguous
K408T,0.1567,benign
K408V,0.2499,benign
K408W,0.5894,pathogenic
K408Y,0.5936,pathogenic
E409A,0.1126,benign
E409C,0.797,pathogenic
E409D,0.111,benign
E409F,0.6701,pathogenic
E409G,0.1502,benign
E409H,0.3924,ambiguous
E409I,0.3312,benign
E409K,0.1413,benign
E409L,0.2974,benign
E409M,0.3643,ambiguous
E409N,0.2188,benign
E409P,0.8607,pathogenic
E409Q,0.1298,benign
E409R,0.2012,benign
E409S,0.2183,benign
E409T,0.2287,benign
E409V,0.1786,benign
E409W,0.7803,pathogenic
E409Y,0.4718,ambiguous
T410A,0.1418,benign
T410C,0.7573,pathogenic
T410D,0.6825,pathogenic
T410E,0.4699,ambiguous
T410F,0.4571,ambiguous
T410G,0.598,pathogenic
T410H,0.5335,ambiguous
T410I,0.2104,benign
T410K,0.3916,ambiguous
T410L,0.1581,benign
T410M,0.0939,benign
T410N,0.2864,benign
T410P,0.7999,pathogenic
T410Q,0.4145,ambiguous
T410R,0.314,benign
T410S,0.353,ambiguous
T410V,0.1949,benign
T410W,0.7776,pathogenic
T410Y,0.5356,ambiguous
I411A,0.9125,pathogenic
I411C,0.9838,pathogenic
I411D,0.9937,pathogenic
I411E,0.9618,pathogenic
I411F,0.737,pathogenic
I411G,0.982,pathogenic
I411H,0.9816,pathogenic
I411K,0.9413,pathogenic
I411L,0.3376,benign
I411M,0.3007,benign
I411N,0.9483,pathogenic
I411P,0.9856,pathogenic
I411Q,0.9309,pathogenic
I411R,0.8692,pathogenic
I411S,0.9338,pathogenic
I411T,0.9305,pathogenic
I411V,0.22,benign
I411W,0.9578,pathogenic
I411Y,0.9502,pathogenic
K412A,0.2054,benign
K412C,0.5148,ambiguous
K412D,0.4977,ambiguous
K412E,0.0973,benign
K412F,0.6288,pathogenic
K412G,0.2705,benign
K412H,0.2664,benign
K412I,0.2929,benign
K412L,0.198,benign
K412M,0.158,benign
K412N,0.3589,ambiguous
K412P,0.8413,pathogenic
K412Q,0.0728,benign
K412R,0.064,benign
K412S,0.2821,benign
K412T,0.1495,benign
K412V,0.2639,benign
K412W,0.4885,ambiguous
K412Y,0.5052,ambiguous
K413A,0.1892,benign
K413C,0.5725,pathogenic
K413D,0.3704,ambiguous
K413E,0.0931,benign
K413F,0.6306,pathogenic
K413G,0.2962,benign
K413H,0.2331,benign
K413I,0.232,benign
K413L,0.2018,benign
K413M,0.1292,benign
K413N,0.1971,benign
K413P,0.8707,pathogenic
K413Q,0.0845,benign
K413R,0.0723,benign
K413S,0.2486,benign
K413T,0.1108,benign
K413V,0.2249,benign
K413W,0.5872,pathogenic
K413Y,0.4422,ambiguous
T414A,0.3134,benign
T414C,0.8437,pathogenic
T414D,0.8347,pathogenic
T414E,0.7112,pathogenic
T414F,0.6486,pathogenic
T414G,0.6746,pathogenic
T414H,0.6827,pathogenic
T414I,0.3866,ambiguous
T414K,0.6381,pathogenic
T414L,0.2621,benign
T414M,0.1382,benign
T414N,0.4126,ambiguous
T414P,0.8972,pathogenic
T414Q,0.6263,pathogenic
T414R,0.5838,pathogenic
T414S,0.3479,ambiguous
T414V,0.4112,ambiguous
T414W,0.87,pathogenic
T414Y,0.6789,pathogenic
T415A,0.2648,benign
T415C,0.7358,pathogenic
T415D,0.978,pathogenic
T415E,0.9424,pathogenic
T415F,0.9579,pathogenic
T415G,0.7022,pathogenic
T415H,0.9369,pathogenic
T415I,0.8825,pathogenic
T415K,0.9275,pathogenic
T415L,0.692,pathogenic
T415M,0.4436,ambiguous
T415N,0.8447,pathogenic
T415P,0.9108,pathogenic
T415Q,0.8534,pathogenic
T415R,0.8516,pathogenic
T415S,0.2738,benign
T415V,0.6268,pathogenic
T415W,0.98,pathogenic
T415Y,0.9627,pathogenic
K416A,0.7246,pathogenic
K416C,0.797,pathogenic
K416D,0.9712,pathogenic
K416E,0.6443,pathogenic
K416F,0.8684,pathogenic
K416G,0.8379,pathogenic
K416H,0.4498,ambiguous
K416I,0.6021,pathogenic
K416L,0.5411,ambiguous
K416M,0.3961,ambiguous
K416N,0.8574,pathogenic
K416P,0.9848,pathogenic
K416Q,0.2546,benign
K416R,0.0854,benign
K416S,0.8083,pathogenic
K416T,0.5516,ambiguous
K416V,0.5192,ambiguous
K416W,0.8436,pathogenic
K416Y,0.7642,pathogenic
P417A,0.1155,benign
P417C,0.6067,pathogenic
P417D,0.7185,pathogenic
P417E,0.4595,ambiguous
P417F,0.6212,pathogenic
P417G,0.546,ambiguous
P417H,0.3151,benign
P417I,0.4227,ambiguous
P417K,0.4107,ambiguous
P417L,0.1537,benign
P417M,0.4846,ambiguous
P417N,0.6106,pathogenic
P417Q,0.2586,benign
P417R,0.1709,benign
P417S,0.2706,benign
P417T,0.2135,benign
P417V,0.294,benign
P417W,0.6866,pathogenic
P417Y,0.5279,ambiguous
C418A,0.9933,pathogenic
C418D,0.9985,pathogenic
C418E,0.9996,pathogenic
C418F,0.9723,pathogenic
C418G,0.9779,pathogenic
C418H,0.9932,pathogenic
C418I,0.9962,pathogenic
C418K,0.9997,pathogenic
C418L,0.9861,pathogenic
C418M,0.9975,pathogenic
C418N,0.9986,pathogenic
C418P,0.9959,pathogenic
C418Q,0.9993,pathogenic
C418R,0.994,pathogenic
C418S,0.9886,pathogenic
C418T,0.9983,pathogenic
C418V,0.9924,pathogenic
C418W,0.9886,pathogenic
C418Y,0.9869,pathogenic
P419A,0.6182,pathogenic
P419C,0.9294,pathogenic
P419D,0.9684,pathogenic
P419E,0.8887,pathogenic
P419F,0.9302,pathogenic
P419G,0.8874,pathogenic
P419H,0.7287,pathogenic
P419I,0.8106,pathogenic
P419K,0.8617,pathogenic
P419L,0.5384,ambiguous
P419M,0.883,pathogenic
P419N,0.9476,pathogenic
P419Q,0.7288,pathogenic
P419R,0.6001,pathogenic
P419S,0.7215,pathogenic
P419T,0.6505,pathogenic
P419V,0.7255,pathogenic
P419W,0.9427,pathogenic
P419Y,0.9172,pathogenic
R420A,0.1797,benign
R420C,0.1152,benign
R420D,0.3454,ambiguous
R420E,0.2386,benign
R420F,0.3196,benign
R420G,0.1046,benign
R420H,0.084,benign
R420I,0.2077,benign
R420K,0.1084,benign
R420L,0.1305,benign
R420M,0.2348,benign
R420N,0.2636,benign
R420P,0.4976,ambiguous
R420Q,0.0812,benign
R420S,0.194,benign
R420T,0.1556,benign
R420V,0.2247,benign
R420W,0.1426,benign
R420Y,0.201,benign
C421A,0.9955,pathogenic
C421D,0.9947,pathogenic
C421E,0.9989,pathogenic
C421F,0.9701,pathogenic
C421G,0.9513,pathogenic
C421H,0.988,pathogenic
C421I,0.9956,pathogenic
C421K,0.9989,pathogenic
C421L,0.984,pathogenic
C421M,0.9956,pathogenic
C421N,0.9953,pathogenic
C421P,0.9963,pathogenic
C421Q,0.9981,pathogenic
C421R,0.9909,pathogenic
C421S,0.9918,pathogenic
C421T,0.9969,pathogenic
C421V,0.993,pathogenic
C421W,0.9749,pathogenic
C421Y,0.9786,pathogenic
H422A,0.1464,benign
H422C,0.1164,benign
H422D,0.1148,benign
H422E,0.1973,benign
H422F,0.2791,benign
H422G,0.1043,benign
H422I,0.3379,benign
H422K,0.1368,benign
H422L,0.1081,benign
H422M,0.3544,ambiguous
H422N,0.0673,benign
H422P,0.2354,benign
H422Q,0.109,benign
H422R,0.0675,benign
H422S,0.1138,benign
H422T,0.1807,benign
H422V,0.249,benign
H422W,0.3127,benign
H422Y,0.1124,benign
V423A,0.4726,ambiguous
V423C,0.8452,pathogenic
V423D,0.8859,pathogenic
V423E,0.7773,pathogenic
V423F,0.4172,ambiguous
V423G,0.6189,pathogenic
V423H,0.8685,pathogenic
V423I,0.0934,benign
V423K,0.7874,pathogenic
V423L,0.4571,ambiguous
V423M,0.3717,ambiguous
V423N,0.7286,pathogenic
V423P,0.9531,pathogenic
V423Q,0.6751,pathogenic
V423R,0.631,pathogenic
V423S,0.5063,ambiguous
V423T,0.4105,ambiguous
V423W,0.9424,pathogenic
V423Y,0.8419,pathogenic
P424A,0.1454,benign
P424C,0.8095,pathogenic
P424D,0.8814,pathogenic
P424E,0.7331,pathogenic
P424F,0.8457,pathogenic
P424G,0.7285,pathogenic
P424H,0.5678,pathogenic
P424I,0.7911,pathogenic
P424K,0.7836,pathogenic
P424L,0.271,benign
P424M,0.6959,pathogenic
P424N,0.7693,pathogenic
P424Q,0.4738,ambiguous
P424R,0.427,ambiguous
P424S,0.356,ambiguous
P424T,0.4027,ambiguous
P424V,0.5918,pathogenic
P424W,0.8678,pathogenic
P424Y,0.8254,pathogenic
V425A,0.6816,pathogenic
V425C,0.9735,pathogenic
V425D,0.987,pathogenic
V425E,0.9367,pathogenic
V425F,0.8028,pathogenic
V425G,0.8657,pathogenic
V425H,0.9893,pathogenic
V425I,0.1335,benign
V425K,0.9704,pathogenic
V425L,0.7116,pathogenic
V425M,0.5607,ambiguous
V425N,0.9631,pathogenic
V425P,0.9883,pathogenic
V425Q,0.9403,pathogenic
V425R,0.9378,pathogenic
V425S,0.8585,pathogenic
V425T,0.4129,ambiguous
V425W,0.9911,pathogenic
V425Y,0.9833,pathogenic
E426A,0.8777,pathogenic
E426C,0.9934,pathogenic
E426D,0.9818,pathogenic
E426F,0.9968,pathogenic
E426G,0.8993,pathogenic
E426H,0.9922,pathogenic
E426I,0.983,pathogenic
E426K,0.9265,pathogenic
E426L,0.9815,pathogenic
E426M,0.9732,pathogenic
E426N,0.9895,pathogenic
E426P,0.994,pathogenic
E426Q,0.5972,pathogenic
E426R,0.933,pathogenic
E426S,0.9458,pathogenic
E426T,0.9666,pathogenic
E426V,0.9534,pathogenic
E426W,0.9987,pathogenic
E426Y,0.9963,pathogenic
K427A,0.9645,pathogenic
K427C,0.98,pathogenic
K427D,0.9902,pathogenic
K427E,0.9064,pathogenic
K427F,0.9898,pathogenic
K427G,0.9612,pathogenic
K427H,0.8961,pathogenic
K427I,0.9482,pathogenic
K427L,0.9124,pathogenic
K427M,0.8608,pathogenic
K427N,0.9725,pathogenic
K427P,0.9884,pathogenic
K427Q,0.7364,pathogenic
K427R,0.1268,benign
K427S,0.9837,pathogenic
K427T,0.9444,pathogenic
K427V,0.937,pathogenic
K427W,0.974,pathogenic
K427Y,0.9559,pathogenic
N428A,0.5099,ambiguous
N428C,0.6657,pathogenic
N428D,0.1508,benign
N428E,0.7179,pathogenic
N428F,0.8138,pathogenic
N428G,0.5487,ambiguous
N428H,0.2419,benign
N428I,0.702,pathogenic
N428K,0.7983,pathogenic
N428L,0.6219,pathogenic
N428M,0.6762,pathogenic
N428P,0.909,pathogenic
N428Q,0.7143,pathogenic
N428R,0.7981,pathogenic
N428S,0.1607,benign
N428T,0.3797,ambiguous
N428V,0.6701,pathogenic
N428W,0.8982,pathogenic
N428Y,0.372,ambiguous
G429A,0.4988,ambiguous
G429C,0.7336,pathogenic
G429D,0.6209,pathogenic
G429E,0.6595,pathogenic
G429F,0.9315,pathogenic
G429H,0.8531,pathogenic
G429I,0.9217,pathogenic
G429K,0.8689,pathogenic
G429L,0.8869,pathogenic
G429M,0.906,pathogenic
G429N,0.729,pathogenic
G429P,0.991,pathogenic
G429Q,0.7354,pathogenic
G429R,0.7022,pathogenic
G429S,0.3219,benign
G429T,0.7413,pathogenic
G429V,0.8446,pathogenic
G429W,0.8393,pathogenic
G429Y,0.8865,pathogenic
G430A,0.8003,pathogenic
G430C,0.9016,pathogenic
G430D,0.9342,pathogenic
G430E,0.957,pathogenic
G430F,0.9583,pathogenic
G430H,0.9743,pathogenic
G430I,0.9249,pathogenic
G430K,0.977,pathogenic
G430L,0.9574,pathogenic
G430M,0.9754,pathogenic
G430N,0.9523,pathogenic
G430P,0.9861,pathogenic
G430Q,0.9655,pathogenic
G430R,0.9295,pathogenic
G430S,0.6623,pathogenic
G430T,0.8907,pathogenic
G430V,0.9028,pathogenic
G430W,0.9241,pathogenic
G430Y,0.9542,pathogenic
C431A,0.9884,pathogenic
C431D,0.9915,pathogenic
C431E,0.9979,pathogenic
C431F,0.9429,pathogenic
C431G,0.9543,pathogenic
C431H,0.9893,pathogenic
C431I,0.9917,pathogenic
C431K,0.9985,pathogenic
C431L,0.9701,pathogenic
C431M,0.9907,pathogenic
C431N,0.9932,pathogenic
C431P,0.995,pathogenic
C431Q,0.9962,pathogenic
C431R,0.9836,pathogenic
C431S,0.9834,pathogenic
C431T,0.9947,pathogenic
C431V,0.9852,pathogenic
C431W,0.968,pathogenic
C431Y,0.9729,pathogenic
M432A,0.764,pathogenic
M432C,0.9187,pathogenic
M432D,0.9591,pathogenic
M432E,0.855,pathogenic
M432F,0.7467,pathogenic
M432G,0.8793,pathogenic
M432H,0.8108,pathogenic
M432I,0.9521,pathogenic
M432K,0.7647,pathogenic
M432L,0.545,ambiguous
M432N,0.5258,ambiguous
M432P,0.9582,pathogenic
M432Q,0.4678,ambiguous
M432R,0.6464,pathogenic
M432S,0.4446,ambiguous
M432T,0.5939,pathogenic
M432V,0.459,ambiguous
M432W,0.916,pathogenic
M432Y,0.9011,pathogenic
H433A,0.9852,pathogenic
H433C,0.9348,pathogenic
H433D,0.9852,pathogenic
H433E,0.9872,pathogenic
H433F,0.9547,pathogenic
H433G,0.9867,pathogenic
H433I,0.994,pathogenic
H433K,0.9641,pathogenic
H433L,0.9325,pathogenic
H433M,0.9903,pathogenic
H433N,0.933,pathogenic
H433P,0.9185,pathogenic
H433Q,0.9663,pathogenic
H433R,0.8852,pathogenic
H433S,0.9827,pathogenic
H433T,0.9957,pathogenic
H433V,0.9909,pathogenic
H433W,0.9301,pathogenic
H433Y,0.8411,pathogenic
M434A,0.9761,pathogenic
M434C,0.9893,pathogenic
M434D,0.9992,pathogenic
M434E,0.9822,pathogenic
M434F,0.9233,pathogenic
M434G,0.9929,pathogenic
M434H,0.9929,pathogenic
M434I,0.8521,pathogenic
M434K,0.9314,pathogenic
M434L,0.6565,pathogenic
M434N,0.9932,pathogenic
M434P,0.9973,pathogenic
M434Q,0.8603,pathogenic
M434R,0.9286,pathogenic
M434S,0.9808,pathogenic
M434T,0.9689,pathogenic
M434V,0.4698,ambiguous
M434W,0.9892,pathogenic
M434Y,0.9898,pathogenic
K435A,0.3052,benign
K435C,0.6472,pathogenic
K435D,0.7425,pathogenic
K435E,0.2238,benign
K435F,0.7422,pathogenic
K435G,0.5856,pathogenic
K435H,0.3018,benign
K435I,0.226,benign
K435L,0.3056,benign
K435M,0.2065,benign
K435N,0.4631,ambiguous
K435P,0.7789,pathogenic
K435Q,0.121,benign
K435R,0.0925,benign
K435S,0.4266,ambiguous
K435T,0.1277,benign
K435V,0.2065,benign
K435W,0.7615,pathogenic
K435Y,0.6205,pathogenic
C436A,0.994,pathogenic
C436D,0.9969,pathogenic
C436E,0.9992,pathogenic
C436F,0.9681,pathogenic
C436G,0.9642,pathogenic
C436H,0.9937,pathogenic
C436I,0.9918,pathogenic
C436K,0.9995,pathogenic
C436L,0.9817,pathogenic
C436M,0.9949,pathogenic
C436N,0.9974,pathogenic
C436P,0.9947,pathogenic
C436Q,0.9992,pathogenic
C436R,0.9965,pathogenic
C436S,0.9931,pathogenic
C436T,0.9977,pathogenic
C436V,0.9881,pathogenic
C436W,0.9854,pathogenic
C436Y,0.9736,pathogenic
P437A,0.2398,benign
P437C,0.7612,pathogenic
P437D,0.8822,pathogenic
P437E,0.7285,pathogenic
P437F,0.7852,pathogenic
P437G,0.6371,pathogenic
P437H,0.4687,ambiguous
P437I,0.6272,pathogenic
P437K,0.7837,pathogenic
P437L,0.2691,benign
P437M,0.6508,pathogenic
P437N,0.7569,pathogenic
P437Q,0.4437,ambiguous
P437R,0.4614,ambiguous
P437S,0.2855,benign
P437T,0.2345,benign
P437V,0.4516,ambiguous
P437W,0.8721,pathogenic
P437Y,0.8096,pathogenic
Q438A,0.3058,benign
Q438C,0.7292,pathogenic
Q438D,0.6777,pathogenic
Q438E,0.153,benign
Q438F,0.6981,pathogenic
Q438G,0.3921,ambiguous
Q438H,0.3306,benign
Q438I,0.4591,ambiguous
Q438K,0.1465,benign
Q438L,0.1499,benign
Q438M,0.4422,ambiguous
Q438N,0.493,ambiguous
Q438P,0.2871,benign
Q438R,0.1113,benign
Q438S,0.3633,ambiguous
Q438T,0.3514,ambiguous
Q438V,0.2911,benign
Q438W,0.6008,pathogenic
Q438Y,0.553,ambiguous
P439A,0.0821,benign
P439C,0.5768,pathogenic
P439D,0.4362,ambiguous
P439E,0.2704,benign
P439F,0.4982,ambiguous
P439G,0.2762,benign
P439H,0.1999,benign
P439I,0.3838,ambiguous
P439K,0.2954,benign
P439L,0.1458,benign
P439M,0.3613,ambiguous
P439N,0.3338,benign
P439Q,0.1468,benign
P439R,0.1621,benign
P439S,0.1175,benign
P439T,0.1243,benign
P439V,0.2414,benign
P439W,0.5814,pathogenic
P439Y,0.4431,ambiguous
Q440A,0.1718,benign
Q440C,0.6138,pathogenic
Q440D,0.332,benign
Q440E,0.1046,benign
Q440F,0.6151,pathogenic
Q440G,0.1703,benign
Q440H,0.2179,benign
Q440I,0.4127,ambiguous
Q440K,0.1189,benign
Q440L,0.1472,benign
Q440M,0.4089,ambiguous
Q440N,0.2513,benign
Q440P,0.1224,benign
Q440R,0.0904,benign
Q440S,0.1797,benign
Q440T,0.2055,benign
Q440V,0.2672,benign
Q440W,0.43,ambiguous
Q440Y,0.4275,ambiguous
C441A,0.988,pathogenic
C441D,0.9891,pathogenic
C441E,0.9964,pathogenic
C441F,0.9535,pathogenic
C441G,0.9024,pathogenic
C441H,0.9832,pathogenic
C441I,0.9911,pathogenic
C441K,0.9975,pathogenic
C441L,0.9695,pathogenic
C441M,0.9906,pathogenic
C441N,0.9906,pathogenic
C441P,0.9925,pathogenic
C441Q,0.9961,pathogenic
C441R,0.9848,pathogenic
C441S,0.9852,pathogenic
C441T,0.9935,pathogenic
C441V,0.9825,pathogenic
C441W,0.9701,pathogenic
C441Y,0.9548,pathogenic
R442A,0.1552,benign
R442C,0.121,benign
R442D,0.283,benign
R442E,0.1474,benign
R442F,0.3279,benign
R442G,0.0743,benign
R442H,0.0829,benign
R442I,0.2237,benign
R442K,0.0817,benign
R442L,0.1213,benign
R442M,0.1928,benign
R442N,0.2245,benign
R442P,0.234,benign
R442Q,0.0594,benign
R442S,0.1635,benign
R442T,0.1265,benign
R442V,0.221,benign
R442W,0.1257,benign
R442Y,0.234,benign
L443A,0.2607,benign
L443C,0.4492,ambiguous
L443D,0.6747,pathogenic
L443E,0.2899,benign
L443F,0.0848,benign
L443G,0.4685,ambiguous
L443H,0.1914,benign
L443I,0.1916,benign
L443K,0.2528,benign
L443M,0.1035,benign
L443N,0.4705,ambiguous
L443P,0.7841,pathogenic
L443Q,0.1218,benign
L443R,0.1511,benign
L443S,0.2936,benign
L443T,0.2335,benign
L443V,0.144,benign
L443W,0.1305,benign
L443Y,0.2152,benign
E444A,0.3452,ambiguous
E444C,0.9394,pathogenic
E444D,0.3069,benign
E444F,0.9334,pathogenic
E444G,0.5179,ambiguous
E444H,0.6413,pathogenic
E444I,0.8746,pathogenic
E444K,0.6112,pathogenic
E444L,0.8144,pathogenic
E444M,0.8323,pathogenic
E444N,0.4808,ambiguous
E444P,0.8776,pathogenic
E444Q,0.1771,benign
E444R,0.6412,pathogenic
E444S,0.359,ambiguous
E444T,0.6269,pathogenic
E444V,0.6787,pathogenic
E444W,0.9687,pathogenic
E444Y,0.878,pathogenic
W445A,0.9848,pathogenic
W445C,0.9967,pathogenic
W445D,0.9954,pathogenic
W445E,0.9957,pathogenic
W445F,0.6575,pathogenic
W445G,0.9211,pathogenic
W445H,0.9904,pathogenic
W445I,0.9697,pathogenic
W445K,0.9983,pathogenic
W445L,0.9602,pathogenic
W445M,0.9863,pathogenic
W445N,0.9948,pathogenic
W445P,0.9978,pathogenic
W445Q,0.9979,pathogenic
W445R,0.9962,pathogenic
W445S,0.9742,pathogenic
W445T,0.9825,pathogenic
W445V,0.9664,pathogenic
W445Y,0.8808,pathogenic
C446A,0.9932,pathogenic
C446D,0.9958,pathogenic
C446E,0.999,pathogenic
C446F,0.9801,pathogenic
C446G,0.9589,pathogenic
C446H,0.9935,pathogenic
C446I,0.9956,pathogenic
C446K,0.9994,pathogenic
C446L,0.9869,pathogenic
C446M,0.9965,pathogenic
C446N,0.9969,pathogenic
C446P,0.9983,pathogenic
C446Q,0.9986,pathogenic
C446R,0.9925,pathogenic
C446S,0.9926,pathogenic
C446T,0.9976,pathogenic
C446V,0.9921,pathogenic
C446W,0.9893,pathogenic
C446Y,0.9806,pathogenic
W447A,0.9829,pathogenic
W447C,0.9935,pathogenic
W447D,0.9967,pathogenic
W447E,0.9953,pathogenic
W447F,0.6848,pathogenic
W447G,0.9376,pathogenic
W447H,0.9819,pathogenic
W447I,0.9859,pathogenic
W447K,0.997,pathogenic
W447L,0.9551,pathogenic
W447M,0.991,pathogenic
W447N,0.9956,pathogenic
W447P,0.996,pathogenic
W447Q,0.9956,pathogenic
W447R,0.99,pathogenic
W447S,0.9599,pathogenic
W447T,0.9879,pathogenic
W447V,0.9785,pathogenic
W447Y,0.8835,pathogenic
N448A,0.193,benign
N448C,0.255,benign
N448D,0.2463,benign
N448E,0.319,benign
N448F,0.3771,ambiguous
N448G,0.3413,ambiguous
N448H,0.0819,benign
N448I,0.1126,benign
N448K,0.2165,benign
N448L,0.1617,benign
N448M,0.2241,benign
N448P,0.7844,pathogenic
N448Q,0.2307,benign
N448R,0.2453,benign
N448S,0.1126,benign
N448T,0.1096,benign
N448V,0.1326,benign
N448W,0.5889,pathogenic
N448Y,0.1188,benign
C449A,0.9826,pathogenic
C449D,0.984,pathogenic
C449E,0.9964,pathogenic
C449F,0.9699,pathogenic
C449G,0.9034,pathogenic
C449H,0.9783,pathogenic
C449I,0.9921,pathogenic
C449K,0.9975,pathogenic
C449L,0.9759,pathogenic
C449M,0.9924,pathogenic
C449N,0.9911,pathogenic
C449P,0.9951,pathogenic
C449Q,0.9956,pathogenic
C449R,0.9732,pathogenic
C449S,0.9745,pathogenic
C449T,0.9866,pathogenic
C449V,0.9841,pathogenic
C449W,0.9745,pathogenic
C449Y,0.9778,pathogenic
G450A,0.1045,benign
G450C,0.1429,benign
G450D,0.2225,benign
G450E,0.2147,benign
G450F,0.4925,ambiguous
G450H,0.2632,benign
G450I,0.2802,benign
G450K,0.3731,ambiguous
G450L,0.3263,benign
G450M,0.4277,ambiguous
G450N,0.2206,benign
G450P,0.7729,pathogenic
G450Q,0.2363,benign
G450R,0.1881,benign
G450S,0.0701,benign
G450T,0.1401,benign
G450V,0.2088,benign
G450W,0.4015,ambiguous
G450Y,0.3663,ambiguous
C451A,0.1832,benign
C451D,0.236,benign
C451E,0.255,benign
C451F,0.0915,benign
C451G,0.0907,benign
C451H,0.1522,benign
C451I,0.1818,benign
C451K,0.2351,benign
C451L,0.1416,benign
C451M,0.267,benign
C451N,0.2009,benign
C451P,0.7341,pathogenic
C451Q,0.1509,benign
C451R,0.0897,benign
C451S,0.1366,benign
C451T,0.1892,benign
C451V,0.165,benign
C451W,0.1451,benign
C451Y,0.1091,benign
E452A,0.1444,benign
E452C,0.8037,pathogenic
E452D,0.2101,benign
E452F,0.7393,pathogenic
E452G,0.212,benign
E452H,0.4383,ambiguous
E452I,0.374,ambiguous
E452K,0.134,benign
E452L,0.3478,ambiguous
E452M,0.4605,ambiguous
E452N,0.3806,ambiguous
E452P,0.2695,benign
E452Q,0.1145,benign
E452R,0.184,benign
E452S,0.2311,benign
E452T,0.232,benign
E452V,0.215,benign
E452W,0.8744,pathogenic
E452Y,0.6509,pathogenic
W453A,0.9892,pathogenic
W453C,0.9984,pathogenic
W453D,0.995,pathogenic
W453E,0.9933,pathogenic
W453F,0.8651,pathogenic
W453G,0.9367,pathogenic
W453H,0.9943,pathogenic
W453I,0.9911,pathogenic
W453K,0.9976,pathogenic
W453L,0.9834,pathogenic
W453M,0.9924,pathogenic
W453N,0.9959,pathogenic
W453P,0.9956,pathogenic
W453Q,0.9978,pathogenic
W453R,0.9961,pathogenic
W453S,0.9842,pathogenic
W453T,0.992,pathogenic
W453V,0.9892,pathogenic
W453Y,0.9417,pathogenic
N454A,0.6957,pathogenic
N454C,0.668,pathogenic
N454D,0.184,benign
N454E,0.7162,pathogenic
N454F,0.9427,pathogenic
N454G,0.4473,ambiguous
N454H,0.3951,ambiguous
N454I,0.7903,pathogenic
N454K,0.7301,pathogenic
N454L,0.7833,pathogenic
N454M,0.7238,pathogenic
N454P,0.9268,pathogenic
N454Q,0.7383,pathogenic
N454R,0.7941,pathogenic
N454S,0.1306,benign
N454T,0.1883,benign
N454V,0.7895,pathogenic
N454W,0.962,pathogenic
N454Y,0.6705,pathogenic
R455A,0.5014,ambiguous
R455C,0.3797,ambiguous
R455D,0.7408,pathogenic
R455E,0.4217,ambiguous
R455F,0.8122,pathogenic
R455G,0.3505,ambiguous
R455H,0.2158,benign
R455I,0.5568,ambiguous
R455K,0.2514,benign
R455L,0.4195,ambiguous
R455M,0.5281,ambiguous
R455N,0.7293,pathogenic
R455P,0.4282,ambiguous
R455Q,0.1444,benign
R455S,0.596,pathogenic
R455T,0.3008,benign
R455V,0.5455,ambiguous
R455W,0.3182,benign
R455Y,0.6543,pathogenic
V456A,0.0598,benign
V456C,0.4024,ambiguous
V456D,0.0664,benign
V456E,0.0864,benign
V456F,0.0978,benign
V456G,0.0817,benign
V456H,0.1996,benign
V456I,0.08,benign
V456K,0.1439,benign
V456L,0.1058,benign
V456M,0.1061,benign
V456N,0.0738,benign
V456P,0.1867,benign
V456Q,0.1209,benign
V456R,0.1124,benign
V456S,0.0633,benign
V456T,0.0613,benign
V456W,0.4362,ambiguous
V456Y,0.2359,benign
C457A,0.9888,pathogenic
C457D,0.9965,pathogenic
C457E,0.9984,pathogenic
C457F,0.9732,pathogenic
C457G,0.9568,pathogenic
C457H,0.9914,pathogenic
C457I,0.9945,pathogenic
C457K,0.999,pathogenic
C457L,0.9765,pathogenic
C457M,0.9939,pathogenic
C457N,0.9971,pathogenic
C457P,0.9961,pathogenic
C457Q,0.9976,pathogenic
C457R,0.989,pathogenic
C457S,0.9893,pathogenic
C457T,0.9941,pathogenic
C457V,0.9877,pathogenic
C457W,0.9861,pathogenic
C457Y,0.9866,pathogenic
M458A,0.7174,pathogenic
M458C,0.9557,pathogenic
M458D,0.9932,pathogenic
M458E,0.7321,pathogenic
M458F,0.8303,pathogenic
M458G,0.941,pathogenic
M458H,0.9411,pathogenic
M458I,0.9129,pathogenic
M458K,0.5058,ambiguous
M458L,0.4889,ambiguous
M458N,0.9637,pathogenic
M458P,0.9769,pathogenic
M458Q,0.27,benign
M458R,0.3529,ambiguous
M458S,0.8416,pathogenic
M458T,0.7281,pathogenic
M458V,0.4204,ambiguous
M458W,0.9545,pathogenic
M458Y,0.9628,pathogenic
G459A,0.1646,benign
G459C,0.6816,pathogenic
G459D,0.6659,pathogenic
G459E,0.5398,ambiguous
G459F,0.9438,pathogenic
G459H,0.883,pathogenic
G459I,0.8723,pathogenic
G459K,0.8497,pathogenic
G459L,0.8612,pathogenic
G459M,0.8532,pathogenic
G459N,0.7511,pathogenic
G459P,0.9826,pathogenic
G459Q,0.714,pathogenic
G459R,0.6886,pathogenic
G459S,0.2167,benign
G459T,0.5254,ambiguous
G459V,0.6988,pathogenic
G459W,0.8288,pathogenic
G459Y,0.883,pathogenic
D460A,0.1517,benign
D460C,0.6514,pathogenic
D460E,0.2389,benign
D460F,0.6089,pathogenic
D460G,0.241,benign
D460H,0.2931,benign
D460I,0.4908,ambiguous
D460K,0.4422,ambiguous
D460L,0.4367,ambiguous
D460M,0.6626,pathogenic
D460N,0.0837,benign
D460P,0.9011,pathogenic
D460Q,0.3542,ambiguous
D460R,0.3762,ambiguous
D460S,0.1184,benign
D460T,0.2856,benign
D460V,0.3084,benign
D460W,0.8845,pathogenic
D460Y,0.2473,benign
H461A,0.9921,pathogenic
H461C,0.8249,pathogenic
H461D,0.9739,pathogenic
H461E,0.9869,pathogenic
H461F,0.9673,pathogenic
H461G,0.9859,pathogenic
H461I,0.9949,pathogenic
H461K,0.9741,pathogenic
H461L,0.9512,pathogenic
H461M,0.9948,pathogenic
H461N,0.9301,pathogenic
H461P,0.9435,pathogenic
H461Q,0.9831,pathogenic
H461R,0.8995,pathogenic
H461S,0.9799,pathogenic
H461T,0.9932,pathogenic
H461V,0.9929,pathogenic
H461W,0.9533,pathogenic
H461Y,0.8993,pathogenic
W462A,0.962,pathogenic
W462C,0.9868,pathogenic
W462D,0.9936,pathogenic
W462E,0.9945,pathogenic
W462F,0.7367,pathogenic
W462G,0.8996,pathogenic
W462H,0.9836,pathogenic
W462I,0.9625,pathogenic
W462K,0.9972,pathogenic
W462L,0.9299,pathogenic
W462M,0.9864,pathogenic
W462N,0.9945,pathogenic
W462P,0.9886,pathogenic
W462Q,0.9953,pathogenic
W462R,0.9889,pathogenic
W462S,0.928,pathogenic
W462T,0.9716,pathogenic
W462V,0.9576,pathogenic
W462Y,0.8995,pathogenic
F463A,0.9841,pathogenic
F463C,0.9874,pathogenic
F463D,0.9889,pathogenic
F463E,0.9877,pathogenic
F463G,0.9819,pathogenic
F463H,0.9744,pathogenic
F463I,0.972,pathogenic
F463K,0.9903,pathogenic
F463L,0.9948,pathogenic
F463M,0.9703,pathogenic
F463N,0.9792,pathogenic
F463P,0.9987,pathogenic
F463Q,0.9864,pathogenic
F463R,0.9733,pathogenic
F463S,0.9816,pathogenic
F463T,0.9882,pathogenic
F463V,0.9692,pathogenic
F463W,0.8556,pathogenic
F463Y,0.7664,pathogenic
D464A,0.3154,benign
D464C,0.8047,pathogenic
D464E,0.2227,benign
D464F,0.8239,pathogenic
D464G,0.2372,benign
D464H,0.4125,ambiguous
D464I,0.7601,pathogenic
D464K,0.6309,pathogenic
D464L,0.6944,pathogenic
D464M,0.8715,pathogenic
D464N,0.1758,benign
D464P,0.7236,pathogenic
D464Q,0.4894,ambiguous
D464R,0.5686,pathogenic
D464S,0.1967,benign
D464T,0.4532,ambiguous
D464V,0.5392,ambiguous
D464W,0.9165,pathogenic
D464Y,0.4555,ambiguous
V465A,0.2261,benign
V465C,0.5926,pathogenic
V465D,0.4539,ambiguous
V465E,0.3816,ambiguous
V465F,0.1908,benign
V465G,0.2833,benign
V465H,0.6981,pathogenic
V465I,0.1003,benign
V465K,0.4871,ambiguous
V465L,0.1611,benign
V465M,0.1523,benign
V465N,0.4294,ambiguous
V465P,0.5156,ambiguous
V465Q,0.4254,ambiguous
V465R,0.4255,ambiguous
V465S,0.3324,benign
V465T,0.2436,benign
V465W,0.804,pathogenic
V465Y,0.5472,ambiguous
