protein_variant,am_pathogenicity,am_class
M1A,0.4705,ambiguous
M1C,0.4234,ambiguous
M1D,0.8179,pathogenic
M1E,0.5754,pathogenic
M1F,0.275,benign
M1G,0.612,pathogenic
M1H,0.5935,pathogenic
M1I,0.3365,benign
M1K,0.3552,ambiguous
M1L,0.1574,benign
M1N,0.5827,pathogenic
M1P,0.6535,pathogenic
M1Q,0.3129,benign
M1R,0.327,benign
M1S,0.4909,ambiguous
M1T,0.3898,ambiguous
M1V,0.1074,benign
M1W,0.5032,ambiguous
M1Y,0.5225,ambiguous
T2A,0.0645,benign
T2C,0.2056,benign
T2D,0.122,benign
T2E,0.1292,benign
T2F,0.1104,benign
T2G,0.123,benign
T2H,0.1259,benign
T2I,0.094,benign
T2K,0.1103,benign
T2L,0.0879,benign
T2M,0.0952,benign
T2N,0.0627,benign
T2P,0.0662,benign
T2Q,0.1354,benign
T2R,0.095,benign
T2S,0.0712,benign
T2V,0.1049,benign
T2W,0.3088,benign
T2Y,0.13,benign
S3A,0.0687,benign
S3C,0.082,benign
S3D,0.1319,benign
S3E,0.1998,benign
S3F,0.1005,benign
S3G,0.078,benign
S3H,0.1646,benign
S3I,0.1143,benign
S3K,0.2702,benign
S3L,0.0983,benign
S3M,0.1881,benign
S3N,0.0928,benign
S3P,0.0711,benign
S3Q,0.2507,benign
S3R,0.2143,benign
S3T,0.0682,benign
S3V,0.1187,benign
S3W,0.1934,benign
S3Y,0.0993,benign
C4A,0.1041,benign
C4D,0.0912,benign
C4E,0.1649,benign
C4F,0.0702,benign
C4G,0.0609,benign
C4H,0.1045,benign
C4I,0.1496,benign
C4K,0.1663,benign
C4L,0.1391,benign
C4M,0.2883,benign
C4N,0.0925,benign
C4P,0.1178,benign
C4Q,0.1404,benign
C4R,0.0798,benign
C4S,0.0691,benign
C4T,0.1131,benign
C4V,0.1424,benign
C4W,0.1504,benign
C4Y,0.075,benign
H5A,0.0863,benign
H5C,0.0846,benign
H5D,0.0588,benign
H5E,0.0948,benign
H5F,0.1315,benign
H5G,0.0946,benign
H5I,0.1066,benign
H5K,0.1042,benign
H5L,0.0751,benign
H5M,0.2183,benign
H5N,0.0553,benign
H5P,0.0554,benign
H5Q,0.0861,benign
H5R,0.0657,benign
H5S,0.0724,benign
H5T,0.0842,benign
H5V,0.0939,benign
H5W,0.2072,benign
H5Y,0.0681,benign
I6A,0.0684,benign
I6C,0.2084,benign
I6D,0.1234,benign
I6E,0.1196,benign
I6F,0.0671,benign
I6G,0.1478,benign
I6H,0.1202,benign
I6K,0.0941,benign
I6L,0.0701,benign
I6M,0.0699,benign
I6N,0.0745,benign
I6P,0.1147,benign
I6Q,0.1182,benign
I6R,0.0707,benign
I6S,0.0735,benign
I6T,0.0584,benign
I6V,0.0579,benign
I6W,0.2845,benign
I6Y,0.1505,benign
A7C,0.1836,benign
A7D,0.0875,benign
A7E,0.0934,benign
A7F,0.1361,benign
A7G,0.0827,benign
A7H,0.1632,benign
A7I,0.105,benign
A7K,0.1207,benign
A7L,0.0913,benign
A7M,0.1201,benign
A7N,0.1059,benign
A7P,0.0705,benign
A7Q,0.1412,benign
A7R,0.1097,benign
A7S,0.0713,benign
A7T,0.0642,benign
A7V,0.0793,benign
A7W,0.2609,benign
A7Y,0.1603,benign
E8A,0.0935,benign
E8C,0.4244,ambiguous
E8D,0.0982,benign
E8F,0.3638,ambiguous
E8G,0.0727,benign
E8H,0.1993,benign
E8I,0.2025,benign
E8K,0.0677,benign
E8L,0.1931,benign
E8M,0.2505,benign
E8N,0.1406,benign
E8P,0.1997,benign
E8Q,0.0937,benign
E8R,0.0972,benign
E8S,0.1142,benign
E8T,0.1175,benign
E8V,0.1295,benign
E8W,0.4821,ambiguous
E8Y,0.2679,benign
E9A,0.079,benign
E9C,0.3244,benign
E9D,0.0715,benign
E9F,0.3013,benign
E9G,0.0624,benign
E9H,0.1486,benign
E9I,0.1455,benign
E9K,0.0612,benign
E9L,0.1617,benign
E9M,0.2081,benign
E9N,0.084,benign
E9P,0.1466,benign
E9Q,0.0772,benign
E9R,0.087,benign
E9S,0.0866,benign
E9T,0.0917,benign
E9V,0.1071,benign
E9W,0.4322,ambiguous
E9Y,0.1814,benign
H10A,0.0655,benign
H10C,0.0832,benign
H10D,0.0932,benign
H10E,0.0984,benign
H10F,0.1475,benign
H10G,0.097,benign
H10I,0.1078,benign
H10K,0.0749,benign
H10L,0.0758,benign
H10M,0.1795,benign
H10N,0.0654,benign
H10P,0.0342,benign
H10Q,0.0772,benign
H10R,0.0515,benign
H10S,0.0732,benign
H10T,0.0668,benign
H10V,0.0948,benign
H10W,0.2043,benign
H10Y,0.0755,benign
I11A,0.3502,ambiguous
I11C,0.459,ambiguous
I11D,0.7561,pathogenic
I11E,0.6848,pathogenic
I11F,0.1274,benign
I11G,0.6078,pathogenic
I11H,0.4671,ambiguous
I11K,0.4058,ambiguous
I11L,0.0905,benign
I11M,0.1472,benign
I11N,0.3713,ambiguous
I11P,0.3927,ambiguous
I11Q,0.4868,ambiguous
I11R,0.2998,benign
I11S,0.3471,ambiguous
I11T,0.3114,benign
I11V,0.0769,benign
I11W,0.6649,pathogenic
I11Y,0.4194,ambiguous
Q12A,0.1487,benign
Q12C,0.2797,benign
Q12D,0.2088,benign
Q12E,0.066,benign
Q12F,0.4762,ambiguous
Q12G,0.1113,benign
Q12H,0.1253,benign
Q12I,0.2892,benign
Q12K,0.0472,benign
Q12L,0.1468,benign
Q12M,0.2469,benign
Q12N,0.1518,benign
Q12P,0.1342,benign
Q12R,0.0571,benign
Q12S,0.1305,benign
Q12T,0.1126,benign
Q12V,0.2094,benign
Q12W,0.2724,benign
Q12Y,0.2814,benign
K13A,0.3992,ambiguous
K13C,0.5388,ambiguous
K13D,0.5382,ambiguous
K13E,0.1968,benign
K13F,0.791,pathogenic
K13G,0.4246,ambiguous
K13H,0.2305,benign
K13I,0.5039,ambiguous
K13L,0.4717,ambiguous
K13M,0.3092,benign
K13N,0.2841,benign
K13P,0.8709,pathogenic
K13Q,0.1454,benign
K13R,0.0663,benign
K13S,0.3612,ambiguous
K13T,0.1832,benign
K13V,0.4497,ambiguous
K13W,0.7211,pathogenic
K13Y,0.5609,ambiguous
V14A,0.3084,benign
V14C,0.8031,pathogenic
V14D,0.9509,pathogenic
V14E,0.9159,pathogenic
V14F,0.3911,ambiguous
V14G,0.6087,pathogenic
V14H,0.9618,pathogenic
V14I,0.0761,benign
V14K,0.9237,pathogenic
V14L,0.2535,benign
V14M,0.2551,benign
V14N,0.8771,pathogenic
V14P,0.9055,pathogenic
V14Q,0.9134,pathogenic
V14R,0.8875,pathogenic
V14S,0.6851,pathogenic
V14T,0.4064,ambiguous
V14W,0.9456,pathogenic
V14Y,0.8449,pathogenic
A15C,0.6766,pathogenic
A15D,0.9787,pathogenic
A15E,0.9775,pathogenic
A15F,0.8955,pathogenic
A15G,0.2169,benign
A15H,0.9834,pathogenic
A15I,0.683,pathogenic
A15K,0.9895,pathogenic
A15L,0.6322,pathogenic
A15M,0.7705,pathogenic
A15N,0.9496,pathogenic
A15P,0.9685,pathogenic
A15Q,0.9613,pathogenic
A15R,0.9685,pathogenic
A15S,0.2838,benign
A15T,0.4292,ambiguous
A15V,0.3849,ambiguous
A15W,0.9897,pathogenic
A15Y,0.9616,pathogenic
I16A,0.8997,pathogenic
I16C,0.9136,pathogenic
I16D,0.9974,pathogenic
I16E,0.9959,pathogenic
I16F,0.5573,ambiguous
I16G,0.9858,pathogenic
I16H,0.9914,pathogenic
I16K,0.9917,pathogenic
I16L,0.1678,benign
I16M,0.3903,ambiguous
I16N,0.9753,pathogenic
I16P,0.9863,pathogenic
I16Q,0.9924,pathogenic
I16R,0.9851,pathogenic
I16S,0.9565,pathogenic
I16T,0.9319,pathogenic
I16V,0.0765,benign
I16W,0.9868,pathogenic
I16Y,0.9532,pathogenic
F17A,0.8593,pathogenic
F17C,0.5629,ambiguous
F17D,0.9934,pathogenic
F17E,0.9955,pathogenic
F17G,0.9454,pathogenic
F17H,0.9614,pathogenic
F17I,0.6515,pathogenic
F17K,0.9966,pathogenic
F17L,0.9008,pathogenic
F17M,0.7772,pathogenic
F17N,0.9752,pathogenic
F17P,0.9975,pathogenic
F17Q,0.9894,pathogenic
F17R,0.9882,pathogenic
F17S,0.8142,pathogenic
F17T,0.7707,pathogenic
F17V,0.5891,pathogenic
F17W,0.8339,pathogenic
F17Y,0.6887,pathogenic
G18A,0.491,ambiguous
G18C,0.8669,pathogenic
G18D,0.9905,pathogenic
G18E,0.9902,pathogenic
G18F,0.9909,pathogenic
G18H,0.994,pathogenic
G18I,0.9832,pathogenic
G18K,0.995,pathogenic
G18L,0.9814,pathogenic
G18M,0.9926,pathogenic
G18N,0.9938,pathogenic
G18P,0.9961,pathogenic
G18Q,0.9875,pathogenic
G18R,0.9708,pathogenic
G18S,0.6655,pathogenic
G18T,0.9491,pathogenic
G18V,0.9603,pathogenic
G18W,0.9829,pathogenic
G18Y,0.9915,pathogenic
G19A,0.7152,pathogenic
G19C,0.9001,pathogenic
G19D,0.9832,pathogenic
G19E,0.9844,pathogenic
G19F,0.9929,pathogenic
G19H,0.9954,pathogenic
G19I,0.9882,pathogenic
G19K,0.9933,pathogenic
G19L,0.9884,pathogenic
G19M,0.9912,pathogenic
G19N,0.9881,pathogenic
G19P,0.9986,pathogenic
G19Q,0.9886,pathogenic
G19R,0.9725,pathogenic
G19S,0.7523,pathogenic
G19T,0.9704,pathogenic
G19V,0.973,pathogenic
G19W,0.9876,pathogenic
G19Y,0.9898,pathogenic
T20A,0.7445,pathogenic
T20C,0.8706,pathogenic
T20D,0.9748,pathogenic
T20E,0.9707,pathogenic
T20F,0.9721,pathogenic
T20G,0.9109,pathogenic
T20H,0.9356,pathogenic
T20I,0.737,pathogenic
T20K,0.9518,pathogenic
T20L,0.8079,pathogenic
T20M,0.6066,pathogenic
T20N,0.7554,pathogenic
T20P,0.8673,pathogenic
T20Q,0.9426,pathogenic
T20R,0.9465,pathogenic
T20S,0.5558,ambiguous
T20V,0.6524,pathogenic
T20W,0.9924,pathogenic
T20Y,0.9758,pathogenic
H21A,0.9959,pathogenic
H21C,0.9176,pathogenic
H21D,0.9888,pathogenic
H21E,0.9923,pathogenic
H21F,0.9877,pathogenic
H21G,0.9951,pathogenic
H21I,0.9979,pathogenic
H21K,0.9852,pathogenic
H21L,0.9726,pathogenic
H21M,0.9966,pathogenic
H21N,0.9725,pathogenic
H21P,0.9647,pathogenic
H21Q,0.988,pathogenic
H21R,0.9571,pathogenic
H21S,0.9885,pathogenic
H21T,0.9975,pathogenic
H21V,0.9975,pathogenic
H21W,0.9429,pathogenic
H21Y,0.9671,pathogenic
G22A,0.9505,pathogenic
G22C,0.9838,pathogenic
G22D,0.9935,pathogenic
G22E,0.9937,pathogenic
G22F,0.9988,pathogenic
G22H,0.9988,pathogenic
G22I,0.9979,pathogenic
G22K,0.9971,pathogenic
G22L,0.9978,pathogenic
G22M,0.9992,pathogenic
G22N,0.9976,pathogenic
G22P,0.9989,pathogenic
G22Q,0.9964,pathogenic
G22R,0.987,pathogenic
G22S,0.937,pathogenic
G22T,0.9934,pathogenic
G22V,0.9942,pathogenic
G22W,0.9959,pathogenic
G22Y,0.9981,pathogenic
N23A,0.9741,pathogenic
N23C,0.9243,pathogenic
N23D,0.5034,ambiguous
N23E,0.9837,pathogenic
N23F,0.9966,pathogenic
N23G,0.9306,pathogenic
N23H,0.9353,pathogenic
N23I,0.9807,pathogenic
N23K,0.9912,pathogenic
N23L,0.9761,pathogenic
N23M,0.9774,pathogenic
N23P,0.994,pathogenic
N23Q,0.9881,pathogenic
N23R,0.9889,pathogenic
N23S,0.5166,ambiguous
N23T,0.8979,pathogenic
N23V,0.9773,pathogenic
N23W,0.998,pathogenic
N23Y,0.9464,pathogenic
E24A,0.9901,pathogenic
E24C,0.9971,pathogenic
E24D,0.9866,pathogenic
E24F,0.9997,pathogenic
E24G,0.9808,pathogenic
E24H,0.9955,pathogenic
E24I,0.9984,pathogenic
E24K,0.9651,pathogenic
E24L,0.9985,pathogenic
E24M,0.9983,pathogenic
E24N,0.9954,pathogenic
E24P,0.999,pathogenic
E24Q,0.9712,pathogenic
E24R,0.9823,pathogenic
E24S,0.991,pathogenic
E24T,0.9967,pathogenic
E24V,0.9961,pathogenic
E24W,0.9998,pathogenic
E24Y,0.9985,pathogenic
L25A,0.5955,pathogenic
L25C,0.6887,pathogenic
L25D,0.9473,pathogenic
L25E,0.782,pathogenic
L25F,0.2398,benign
L25G,0.7796,pathogenic
L25H,0.5114,ambiguous
L25I,0.2828,benign
L25K,0.4233,ambiguous
L25M,0.0984,benign
L25N,0.7482,pathogenic
L25P,0.7949,pathogenic
L25Q,0.3431,ambiguous
L25R,0.3011,benign
L25S,0.6874,pathogenic
L25T,0.5934,pathogenic
L25V,0.2887,benign
L25W,0.3663,ambiguous
L25Y,0.4632,ambiguous
T26A,0.1897,benign
T26C,0.5785,pathogenic
T26D,0.9123,pathogenic
T26E,0.9294,pathogenic
T26F,0.9542,pathogenic
T26G,0.4,ambiguous
T26H,0.8901,pathogenic
T26I,0.8751,pathogenic
T26K,0.9531,pathogenic
T26L,0.6033,pathogenic
T26M,0.4513,ambiguous
T26N,0.5387,ambiguous
T26P,0.5356,ambiguous
T26Q,0.8952,pathogenic
T26R,0.9331,pathogenic
T26S,0.1079,benign
T26V,0.734,pathogenic
T26W,0.9877,pathogenic
T26Y,0.9473,pathogenic
G27A,0.5895,pathogenic
G27C,0.9203,pathogenic
G27D,0.9795,pathogenic
G27E,0.9793,pathogenic
G27F,0.9963,pathogenic
G27H,0.995,pathogenic
G27I,0.9861,pathogenic
G27K,0.993,pathogenic
G27L,0.9887,pathogenic
G27M,0.9922,pathogenic
G27N,0.9845,pathogenic
G27P,0.9864,pathogenic
G27Q,0.9882,pathogenic
G27R,0.9708,pathogenic
G27S,0.5703,pathogenic
G27T,0.921,pathogenic
G27V,0.9537,pathogenic
G27W,0.99,pathogenic
G27Y,0.9945,pathogenic
V28A,0.4832,ambiguous
V28C,0.8247,pathogenic
V28D,0.8653,pathogenic
V28E,0.8184,pathogenic
V28F,0.4701,ambiguous
V28G,0.5414,ambiguous
V28H,0.9179,pathogenic
V28I,0.0748,benign
V28K,0.8344,pathogenic
V28L,0.4627,ambiguous
V28M,0.3943,ambiguous
V28N,0.6755,pathogenic
V28P,0.8008,pathogenic
V28Q,0.837,pathogenic
V28R,0.7761,pathogenic
V28S,0.5923,pathogenic
V28T,0.5585,ambiguous
V28W,0.9522,pathogenic
V28Y,0.7908,pathogenic
F29A,0.4126,ambiguous
F29C,0.1911,benign
F29D,0.8175,pathogenic
F29E,0.787,pathogenic
F29G,0.7271,pathogenic
F29H,0.4527,ambiguous
F29I,0.1468,benign
F29K,0.8177,pathogenic
F29L,0.6597,pathogenic
F29M,0.3645,ambiguous
F29N,0.6025,pathogenic
F29P,0.9794,pathogenic
F29Q,0.7004,pathogenic
F29R,0.6931,pathogenic
F29S,0.3351,benign
F29T,0.379,ambiguous
F29V,0.1559,benign
F29W,0.4059,ambiguous
F29Y,0.1208,benign
L30A,0.6495,pathogenic
L30C,0.8109,pathogenic
L30D,0.9962,pathogenic
L30E,0.9739,pathogenic
L30F,0.7402,pathogenic
L30G,0.9466,pathogenic
L30H,0.95,pathogenic
L30I,0.2393,benign
L30K,0.9814,pathogenic
L30M,0.3279,benign
L30N,0.9706,pathogenic
L30P,0.9792,pathogenic
L30Q,0.8969,pathogenic
L30R,0.9481,pathogenic
L30S,0.8581,pathogenic
L30T,0.6401,pathogenic
L30V,0.2347,benign
L30W,0.9289,pathogenic
L30Y,0.964,pathogenic
V31A,0.2828,benign
V31C,0.809,pathogenic
V31D,0.9603,pathogenic
V31E,0.9083,pathogenic
V31F,0.7574,pathogenic
V31G,0.4749,ambiguous
V31H,0.9663,pathogenic
V31I,0.1289,benign
V31K,0.9557,pathogenic
V31L,0.5441,ambiguous
V31M,0.5345,ambiguous
V31N,0.8306,pathogenic
V31P,0.9595,pathogenic
V31Q,0.8906,pathogenic
V31R,0.9217,pathogenic
V31S,0.4703,ambiguous
V31T,0.4092,ambiguous
V31W,0.9885,pathogenic
V31Y,0.9519,pathogenic
K32A,0.2956,benign
K32C,0.5216,ambiguous
K32D,0.3662,ambiguous
K32E,0.105,benign
K32F,0.7324,pathogenic
K32G,0.2822,benign
K32H,0.2049,benign
K32I,0.4284,ambiguous
K32L,0.3339,benign
K32M,0.2352,benign
K32N,0.1807,benign
K32P,0.8377,pathogenic
K32Q,0.0905,benign
K32R,0.075,benign
K32S,0.2461,benign
K32T,0.1415,benign
K32V,0.4293,ambiguous
K32W,0.5997,pathogenic
K32Y,0.4615,ambiguous
H33A,0.3011,benign
H33C,0.1455,benign
H33D,0.2718,benign
H33E,0.2483,benign
H33F,0.2697,benign
H33G,0.3239,benign
H33I,0.3237,benign
H33K,0.2079,benign
H33L,0.1396,benign
H33M,0.4021,ambiguous
H33N,0.1322,benign
H33P,0.7183,pathogenic
H33Q,0.1609,benign
H33R,0.1014,benign
H33S,0.2332,benign
H33T,0.278,benign
H33V,0.3028,benign
H33W,0.2842,benign
H33Y,0.075,benign
W34A,0.9304,pathogenic
W34C,0.9084,pathogenic
W34D,0.994,pathogenic
W34E,0.9915,pathogenic
W34F,0.3221,benign
W34G,0.798,pathogenic
W34H,0.9637,pathogenic
W34I,0.8733,pathogenic
W34K,0.9957,pathogenic
W34L,0.5608,ambiguous
W34M,0.8743,pathogenic
W34N,0.9904,pathogenic
W34P,0.9971,pathogenic
W34Q,0.9887,pathogenic
W34R,0.986,pathogenic
W34S,0.9017,pathogenic
W34T,0.9583,pathogenic
W34V,0.8787,pathogenic
W34Y,0.632,pathogenic
L35A,0.1437,benign
L35C,0.3004,benign
L35D,0.4969,ambiguous
L35E,0.1377,benign
L35F,0.1663,benign
L35G,0.2949,benign
L35H,0.1616,benign
L35I,0.0924,benign
L35K,0.1102,benign
L35M,0.0781,benign
L35N,0.2499,benign
L35P,0.7512,pathogenic
L35Q,0.0663,benign
L35R,0.1004,benign
L35S,0.1587,benign
L35T,0.1236,benign
L35V,0.0963,benign
L35W,0.1716,benign
L35Y,0.2968,benign
E36A,0.0976,benign
E36C,0.459,ambiguous
E36D,0.1212,benign
E36F,0.53,ambiguous
E36G,0.0811,benign
E36H,0.1814,benign
E36I,0.2325,benign
E36K,0.0675,benign
E36L,0.1852,benign
E36M,0.2496,benign
E36N,0.1418,benign
E36P,0.5117,ambiguous
E36Q,0.0667,benign
E36R,0.0901,benign
E36S,0.1202,benign
E36T,0.1297,benign
E36V,0.1519,benign
E36W,0.5155,ambiguous
E36Y,0.3266,benign
N37A,0.2022,benign
N37C,0.1879,benign
N37D,0.0695,benign
N37E,0.213,benign
N37F,0.3987,ambiguous
N37G,0.253,benign
N37H,0.0975,benign
N37I,0.2244,benign
N37K,0.1791,benign
N37L,0.2722,benign
N37M,0.2763,benign
N37P,0.7199,pathogenic
N37Q,0.225,benign
N37R,0.2165,benign
N37S,0.1037,benign
N37T,0.1378,benign
N37V,0.2114,benign
N37W,0.5469,ambiguous
N37Y,0.1179,benign
G38A,0.0915,benign
G38C,0.1345,benign
G38D,0.1169,benign
G38E,0.1133,benign
G38F,0.3739,ambiguous
G38H,0.1729,benign
G38I,0.1717,benign
G38K,0.127,benign
G38L,0.2483,benign
G38M,0.3014,benign
G38N,0.1722,benign
G38P,0.2338,benign
G38Q,0.1495,benign
G38R,0.0991,benign
G38S,0.0845,benign
G38T,0.1052,benign
G38V,0.1302,benign
G38W,0.2689,benign
G38Y,0.2244,benign
A39C,0.2242,benign
A39D,0.0878,benign
A39E,0.0968,benign
A39F,0.1612,benign
A39G,0.1,benign
A39H,0.1774,benign
A39I,0.1168,benign
A39K,0.1182,benign
A39L,0.0954,benign
A39M,0.115,benign
A39N,0.1,benign
A39P,0.1221,benign
A39Q,0.1442,benign
A39R,0.1199,benign
A39S,0.0757,benign
A39T,0.0652,benign
A39V,0.0851,benign
A39W,0.3352,benign
A39Y,0.1976,benign
E40A,0.3808,ambiguous
E40C,0.9215,pathogenic
E40D,0.2751,benign
E40F,0.9161,pathogenic
E40G,0.4267,ambiguous
E40H,0.7897,pathogenic
E40I,0.6972,pathogenic
E40K,0.4382,ambiguous
E40L,0.6937,pathogenic
E40M,0.7504,pathogenic
E40N,0.643,pathogenic
E40P,0.8631,pathogenic
E40Q,0.3248,benign
E40R,0.5941,pathogenic
E40S,0.51,ambiguous
E40T,0.5923,pathogenic
E40V,0.5109,ambiguous
E40W,0.9648,pathogenic
E40Y,0.8481,pathogenic
I41A,0.6369,pathogenic
I41C,0.799,pathogenic
I41D,0.9519,pathogenic
I41E,0.9236,pathogenic
I41F,0.2751,benign
I41G,0.8504,pathogenic
I41H,0.9001,pathogenic
I41K,0.8656,pathogenic
I41L,0.1284,benign
I41M,0.1531,benign
I41N,0.6681,pathogenic
I41P,0.8988,pathogenic
I41Q,0.8823,pathogenic
I41R,0.8286,pathogenic
I41S,0.6717,pathogenic
I41T,0.5213,ambiguous
I41V,0.098,benign
I41W,0.8875,pathogenic
I41Y,0.7359,pathogenic
Q42A,0.1667,benign
Q42C,0.2837,benign
Q42D,0.2345,benign
Q42E,0.0726,benign
Q42F,0.4441,ambiguous
Q42G,0.1426,benign
Q42H,0.128,benign
Q42I,0.2671,benign
Q42K,0.0727,benign
Q42L,0.1111,benign
Q42M,0.2766,benign
Q42N,0.1969,benign
Q42P,0.2022,benign
Q42R,0.0733,benign
Q42S,0.1671,benign
Q42T,0.1438,benign
Q42V,0.1912,benign
Q42W,0.232,benign
Q42Y,0.2434,benign
R43A,0.7765,pathogenic
R43C,0.229,benign
R43D,0.8896,pathogenic
R43E,0.6088,pathogenic
R43F,0.7176,pathogenic
R43G,0.5423,ambiguous
R43H,0.1997,benign
R43I,0.5765,pathogenic
R43K,0.241,benign
R43L,0.539,ambiguous
R43M,0.5632,ambiguous
R43N,0.8395,pathogenic
R43P,0.9083,pathogenic
R43Q,0.1944,benign
R43S,0.8354,pathogenic
R43T,0.6672,pathogenic
R43V,0.6512,pathogenic
R43W,0.2233,benign
R43Y,0.4343,ambiguous
T44A,0.0603,benign
T44C,0.1956,benign
T44D,0.1237,benign
T44E,0.0988,benign
T44F,0.1406,benign
T44G,0.1284,benign
T44H,0.1071,benign
T44I,0.0882,benign
T44K,0.0683,benign
T44L,0.0726,benign
T44M,0.0774,benign
T44N,0.0685,benign
T44P,0.0589,benign
T44Q,0.1006,benign
T44R,0.0673,benign
T44S,0.0774,benign
T44V,0.0839,benign
T44W,0.2755,benign
T44Y,0.1366,benign
G45A,0.132,benign
G45C,0.1729,benign
G45D,0.1408,benign
G45E,0.1739,benign
G45F,0.4498,ambiguous
G45H,0.2399,benign
G45I,0.2951,benign
G45K,0.2559,benign
G45L,0.3799,ambiguous
G45M,0.4137,ambiguous
G45N,0.1793,benign
G45P,0.6925,pathogenic
G45Q,0.2338,benign
G45R,0.1846,benign
G45S,0.0954,benign
G45T,0.1454,benign
G45V,0.2199,benign
G45W,0.3484,ambiguous
G45Y,0.293,benign
L46A,0.3724,ambiguous
L46C,0.4432,ambiguous
L46D,0.9101,pathogenic
L46E,0.7365,pathogenic
L46F,0.1345,benign
L46G,0.6873,pathogenic
L46H,0.5374,ambiguous
L46I,0.0793,benign
L46K,0.6127,pathogenic
L46M,0.1077,benign
L46N,0.7166,pathogenic
L46P,0.7314,pathogenic
L46Q,0.4735,ambiguous
L46R,0.5063,ambiguous
L46S,0.5545,ambiguous
L46T,0.3395,benign
L46V,0.0889,benign
L46W,0.2716,benign
L46Y,0.448,ambiguous
E47A,0.1083,benign
E47C,0.4836,ambiguous
E47D,0.1095,benign
E47F,0.4524,ambiguous
E47G,0.1514,benign
E47H,0.1966,benign
E47I,0.1687,benign
E47K,0.0908,benign
E47L,0.176,benign
E47M,0.2519,benign
E47N,0.1554,benign
E47P,0.524,ambiguous
E47Q,0.0916,benign
E47R,0.1325,benign
E47S,0.1408,benign
E47T,0.1264,benign
E47V,0.1126,benign
E47W,0.621,pathogenic
E47Y,0.3135,benign
V48A,0.2502,benign
V48C,0.6896,pathogenic
V48D,0.8128,pathogenic
V48E,0.7688,pathogenic
V48F,0.2937,benign
V48G,0.3565,ambiguous
V48H,0.8903,pathogenic
V48I,0.0781,benign
V48K,0.827,pathogenic
V48L,0.2585,benign
V48M,0.2144,benign
V48N,0.5851,pathogenic
V48P,0.7231,pathogenic
V48Q,0.7966,pathogenic
V48R,0.7963,pathogenic
V48S,0.3832,ambiguous
V48T,0.2315,benign
V48W,0.8868,pathogenic
V48Y,0.7277,pathogenic
K49A,0.2599,benign
K49C,0.4005,ambiguous
K49D,0.4601,ambiguous
K49E,0.119,benign
K49F,0.4626,ambiguous
K49G,0.4459,ambiguous
K49H,0.1808,benign
K49I,0.1489,benign
K49L,0.1923,benign
K49M,0.1324,benign
K49N,0.2604,benign
K49P,0.8483,pathogenic
K49Q,0.0949,benign
K49R,0.0774,benign
K49S,0.2637,benign
K49T,0.097,benign
K49V,0.1606,benign
K49W,0.5572,ambiguous
K49Y,0.3564,ambiguous
P50A,0.1272,benign
P50C,0.5158,ambiguous
P50D,0.9554,pathogenic
P50E,0.9111,pathogenic
P50F,0.8626,pathogenic
P50G,0.5246,ambiguous
P50H,0.7275,pathogenic
P50I,0.6051,pathogenic
P50K,0.9224,pathogenic
P50L,0.3217,benign
P50M,0.7008,pathogenic
P50N,0.8373,pathogenic
P50Q,0.7883,pathogenic
P50R,0.8209,pathogenic
P50S,0.3197,benign
P50T,0.2132,benign
P50V,0.3844,ambiguous
P50W,0.9206,pathogenic
P50Y,0.8102,pathogenic
F51A,0.6684,pathogenic
F51C,0.2123,benign
F51D,0.9218,pathogenic
F51E,0.9058,pathogenic
F51G,0.8812,pathogenic
F51H,0.5763,pathogenic
F51I,0.1812,benign
F51K,0.9031,pathogenic
F51L,0.689,pathogenic
F51M,0.4697,ambiguous
F51N,0.8157,pathogenic
F51P,0.9927,pathogenic
F51Q,0.8346,pathogenic
F51R,0.8029,pathogenic
F51S,0.603,pathogenic
F51T,0.6693,pathogenic
F51V,0.1585,benign
F51W,0.4669,ambiguous
F51Y,0.1492,benign
I52A,0.6536,pathogenic
I52C,0.7121,pathogenic
I52D,0.8833,pathogenic
I52E,0.7566,pathogenic
I52F,0.1773,benign
I52G,0.8858,pathogenic
I52H,0.648,pathogenic
I52K,0.6342,pathogenic
I52L,0.0623,benign
I52M,0.1121,benign
I52N,0.5847,pathogenic
I52P,0.7346,pathogenic
I52Q,0.6551,pathogenic
I52R,0.5378,ambiguous
I52S,0.6297,pathogenic
I52T,0.4977,ambiguous
I52V,0.0927,benign
I52W,0.7241,pathogenic
I52Y,0.5545,ambiguous
T53A,0.0588,benign
T53C,0.2856,benign
T53D,0.9228,pathogenic
T53E,0.9132,pathogenic
T53F,0.8854,pathogenic
T53G,0.2001,benign
T53H,0.8807,pathogenic
T53I,0.651,pathogenic
T53K,0.9186,pathogenic
T53L,0.3878,ambiguous
T53M,0.2768,benign
T53N,0.5391,ambiguous
T53P,0.4265,ambiguous
T53Q,0.84,pathogenic
T53R,0.8715,pathogenic
T53S,0.1225,benign
T53V,0.3711,ambiguous
T53W,0.9832,pathogenic
T53Y,0.9193,pathogenic
N54A,0.9643,pathogenic
N54C,0.8308,pathogenic
N54D,0.9639,pathogenic
N54E,0.9915,pathogenic
N54F,0.9924,pathogenic
N54G,0.9798,pathogenic
N54H,0.8044,pathogenic
N54I,0.934,pathogenic
N54K,0.9916,pathogenic
N54L,0.9222,pathogenic
N54M,0.9657,pathogenic
N54P,0.9787,pathogenic
N54Q,0.9852,pathogenic
N54R,0.9889,pathogenic
N54S,0.5013,ambiguous
N54T,0.916,pathogenic
N54V,0.9301,pathogenic
N54W,0.9978,pathogenic
N54Y,0.9185,pathogenic
P55A,0.2523,benign
P55C,0.6946,pathogenic
P55D,0.6971,pathogenic
P55E,0.3344,benign
P55F,0.747,pathogenic
P55G,0.6947,pathogenic
P55H,0.391,ambiguous
P55I,0.3652,ambiguous
P55K,0.3868,ambiguous
P55L,0.1991,benign
P55M,0.4859,ambiguous
P55N,0.66,pathogenic
P55Q,0.2998,benign
P55R,0.2942,benign
P55S,0.3563,ambiguous
P55T,0.186,benign
P55V,0.2949,benign
P55W,0.7814,pathogenic
P55Y,0.6872,pathogenic
R56A,0.1185,benign
R56C,0.1435,benign
R56D,0.2929,benign
R56E,0.1192,benign
R56F,0.3131,benign
R56G,0.1107,benign
R56H,0.1264,benign
R56I,0.1115,benign
R56K,0.068,benign
R56L,0.1026,benign
R56M,0.108,benign
R56N,0.2645,benign
R56P,0.3616,ambiguous
R56Q,0.0851,benign
R56S,0.1975,benign
R56T,0.105,benign
R56V,0.1361,benign
R56W,0.1507,benign
R56Y,0.2375,benign
A57C,0.963,pathogenic
A57D,0.9892,pathogenic
A57E,0.9831,pathogenic
A57F,0.9936,pathogenic
A57G,0.4393,ambiguous
A57H,0.9955,pathogenic
A57I,0.9912,pathogenic
A57K,0.9971,pathogenic
A57L,0.9547,pathogenic
A57M,0.9772,pathogenic
A57N,0.9851,pathogenic
A57P,0.9759,pathogenic
A57Q,0.9857,pathogenic
A57R,0.9869,pathogenic
A57S,0.4056,ambiguous
A57T,0.9245,pathogenic
A57V,0.944,pathogenic
A57W,0.9987,pathogenic
A57Y,0.9936,pathogenic
V58A,0.2961,benign
V58C,0.8199,pathogenic
V58D,0.8579,pathogenic
V58E,0.5743,pathogenic
V58F,0.3564,ambiguous
V58G,0.4469,ambiguous
V58H,0.8704,pathogenic
V58I,0.0896,benign
V58K,0.7292,pathogenic
V58L,0.3762,ambiguous
V58M,0.1936,benign
V58N,0.6103,pathogenic
V58P,0.9746,pathogenic
V58Q,0.5703,pathogenic
V58R,0.6642,pathogenic
V58S,0.3785,ambiguous
V58T,0.2621,benign
V58W,0.9292,pathogenic
V58Y,0.7942,pathogenic
K59A,0.1264,benign
K59C,0.4553,ambiguous
K59D,0.1983,benign
K59E,0.0493,benign
K59F,0.571,pathogenic
K59G,0.1691,benign
K59H,0.2228,benign
K59I,0.2301,benign
K59L,0.1751,benign
K59M,0.1314,benign
K59N,0.1593,benign
K59P,0.7071,pathogenic
K59Q,0.0691,benign
K59R,0.0779,benign
K59S,0.1455,benign
K59T,0.1008,benign
K59V,0.1909,benign
K59W,0.5772,pathogenic
K59Y,0.405,ambiguous
K60A,0.1385,benign
K60C,0.3716,ambiguous
K60D,0.2698,benign
K60E,0.0773,benign
K60F,0.4721,ambiguous
K60G,0.253,benign
K60H,0.1701,benign
K60I,0.1528,benign
K60L,0.1448,benign
K60M,0.1009,benign
K60N,0.1301,benign
K60P,0.8162,pathogenic
K60Q,0.0757,benign
K60R,0.0748,benign
K60S,0.1721,benign
K60T,0.1002,benign
K60V,0.1527,benign
K60W,0.6085,pathogenic
K60Y,0.3122,benign
C61A,0.5643,pathogenic
C61D,0.8391,pathogenic
C61E,0.8896,pathogenic
C61F,0.5307,ambiguous
C61G,0.1451,benign
C61H,0.6851,pathogenic
C61I,0.7491,pathogenic
C61K,0.7998,pathogenic
C61L,0.7193,pathogenic
C61M,0.8082,pathogenic
C61N,0.441,ambiguous
C61P,0.9726,pathogenic
C61Q,0.6841,pathogenic
C61R,0.412,ambiguous
C61S,0.4096,ambiguous
C61T,0.674,pathogenic
C61V,0.5749,pathogenic
C61W,0.8191,pathogenic
C61Y,0.556,ambiguous
T62A,0.0708,benign
T62C,0.1686,benign
T62D,0.4454,ambiguous
T62E,0.2394,benign
T62F,0.2604,benign
T62G,0.2214,benign
T62H,0.2202,benign
T62I,0.1063,benign
T62K,0.136,benign
T62L,0.0876,benign
T62M,0.0892,benign
T62N,0.1381,benign
T62P,0.6121,pathogenic
T62Q,0.1529,benign
T62R,0.0995,benign
T62S,0.107,benign
T62V,0.0875,benign
T62W,0.6062,pathogenic
T62Y,0.2985,benign
R63A,0.9934,pathogenic
R63C,0.9202,pathogenic
R63D,0.9968,pathogenic
R63E,0.9825,pathogenic
R63F,0.9979,pathogenic
R63G,0.9812,pathogenic
R63H,0.9181,pathogenic
R63I,0.9919,pathogenic
R63K,0.9374,pathogenic
R63L,0.9826,pathogenic
R63M,0.9976,pathogenic
R63N,0.9966,pathogenic
R63P,0.9823,pathogenic
R63Q,0.9409,pathogenic
R63S,0.9922,pathogenic
R63T,0.9953,pathogenic
R63V,0.993,pathogenic
R63W,0.919,pathogenic
R63Y,0.9865,pathogenic
Y64A,0.9887,pathogenic
Y64C,0.844,pathogenic
Y64D,0.9565,pathogenic
Y64E,0.9948,pathogenic
Y64F,0.3047,benign
Y64G,0.9293,pathogenic
Y64H,0.9294,pathogenic
Y64I,0.987,pathogenic
Y64K,0.9943,pathogenic
Y64L,0.971,pathogenic
Y64M,0.984,pathogenic
Y64N,0.8872,pathogenic
Y64P,0.9969,pathogenic
Y64Q,0.9936,pathogenic
Y64R,0.9835,pathogenic
Y64S,0.9416,pathogenic
Y64T,0.9897,pathogenic
Y64V,0.9688,pathogenic
Y64W,0.8795,pathogenic
I65A,0.2682,benign
I65C,0.6404,pathogenic
I65D,0.7406,pathogenic
I65E,0.5085,ambiguous
I65F,0.2483,benign
I65G,0.6363,pathogenic
I65H,0.63,pathogenic
I65K,0.3941,ambiguous
I65L,0.1094,benign
I65M,0.0966,benign
I65N,0.3953,ambiguous
I65P,0.863,pathogenic
I65Q,0.4719,ambiguous
I65R,0.3032,benign
I65S,0.2995,benign
I65T,0.0957,benign
I65V,0.0594,benign
I65W,0.7935,pathogenic
I65Y,0.658,pathogenic
D66A,0.5084,ambiguous
D66C,0.8173,pathogenic
D66E,0.3812,ambiguous
D66F,0.9113,pathogenic
D66G,0.2863,benign
D66H,0.5306,ambiguous
D66I,0.9093,pathogenic
D66K,0.8328,pathogenic
D66L,0.8647,pathogenic
D66M,0.948,pathogenic
D66N,0.209,benign
D66P,0.9776,pathogenic
D66Q,0.725,pathogenic
D66R,0.8127,pathogenic
D66S,0.2633,benign
D66T,0.6341,pathogenic
D66V,0.7921,pathogenic
D66W,0.9811,pathogenic
D66Y,0.5869,pathogenic
C67A,0.2557,benign
C67D,0.3735,ambiguous
C67E,0.3856,ambiguous
C67F,0.1438,benign
C67G,0.1192,benign
C67H,0.1731,benign
C67I,0.2846,benign
C67K,0.26,benign
C67L,0.3298,benign
C67M,0.4309,ambiguous
C67N,0.2476,benign
C67P,0.9487,pathogenic
C67Q,0.2057,benign
C67R,0.0975,benign
C67S,0.1517,benign
C67T,0.1736,benign
C67V,0.239,benign
C67W,0.3271,benign
C67Y,0.1651,benign
D68A,0.9839,pathogenic
D68C,0.99,pathogenic
D68E,0.9839,pathogenic
D68F,0.995,pathogenic
D68G,0.9823,pathogenic
D68H,0.9657,pathogenic
D68I,0.9951,pathogenic
D68K,0.9914,pathogenic
D68L,0.9922,pathogenic
D68M,0.9989,pathogenic
D68N,0.9017,pathogenic
D68P,0.9912,pathogenic
D68Q,0.9917,pathogenic
D68R,0.9858,pathogenic
D68S,0.9497,pathogenic
D68T,0.9932,pathogenic
D68V,0.9847,pathogenic
D68W,0.9987,pathogenic
D68Y,0.9361,pathogenic
L69A,0.9256,pathogenic
L69C,0.9319,pathogenic
L69D,0.9978,pathogenic
L69E,0.9877,pathogenic
L69F,0.7345,pathogenic
L69G,0.9839,pathogenic
L69H,0.9821,pathogenic
L69I,0.2446,benign
L69K,0.9821,pathogenic
L69M,0.2551,benign
L69N,0.9878,pathogenic
L69P,0.9655,pathogenic
L69Q,0.9518,pathogenic
L69R,0.9737,pathogenic
L69S,0.9717,pathogenic
L69T,0.912,pathogenic
L69V,0.3878,ambiguous
L69W,0.9572,pathogenic
L69Y,0.9789,pathogenic
N70A,0.9903,pathogenic
N70C,0.9406,pathogenic
N70D,0.9795,pathogenic
N70E,0.9916,pathogenic
N70F,0.9956,pathogenic
N70G,0.9764,pathogenic
N70H,0.9466,pathogenic
N70I,0.968,pathogenic
N70K,0.989,pathogenic
N70L,0.9268,pathogenic
N70M,0.9764,pathogenic
N70P,0.967,pathogenic
N70Q,0.9881,pathogenic
N70R,0.9868,pathogenic
N70S,0.8209,pathogenic
N70T,0.9667,pathogenic
N70V,0.9692,pathogenic
N70W,0.9967,pathogenic
N70Y,0.9633,pathogenic
R71A,0.9934,pathogenic
R71C,0.8504,pathogenic
R71D,0.9912,pathogenic
R71E,0.9614,pathogenic
R71F,0.9906,pathogenic
R71G,0.9691,pathogenic
R71H,0.7629,pathogenic
R71I,0.9836,pathogenic
R71K,0.8892,pathogenic
R71L,0.9615,pathogenic
R71M,0.9913,pathogenic
R71N,0.9878,pathogenic
R71P,0.9965,pathogenic
R71Q,0.824,pathogenic
R71S,0.9912,pathogenic
R71T,0.9905,pathogenic
R71V,0.987,pathogenic
R71W,0.8526,pathogenic
R71Y,0.9633,pathogenic
I72A,0.1384,benign
I72C,0.4023,ambiguous
I72D,0.6347,pathogenic
I72E,0.481,ambiguous
I72F,0.2895,benign
I72G,0.4478,ambiguous
I72H,0.5601,ambiguous
I72K,0.4789,ambiguous
I72L,0.1506,benign
I72M,0.1124,benign
I72N,0.2132,benign
I72P,0.8858,pathogenic
I72Q,0.3733,ambiguous
I72R,0.3675,ambiguous
I72S,0.1569,benign
I72T,0.1161,benign
I72V,0.0526,benign
I72W,0.8849,pathogenic
I72Y,0.6018,pathogenic
F73A,0.9743,pathogenic
F73C,0.8818,pathogenic
F73D,0.9955,pathogenic
F73E,0.9969,pathogenic
F73G,0.9841,pathogenic
F73H,0.9686,pathogenic
F73I,0.9284,pathogenic
F73K,0.9957,pathogenic
F73L,0.9914,pathogenic
F73M,0.9684,pathogenic
F73N,0.9901,pathogenic
F73P,0.9954,pathogenic
F73Q,0.993,pathogenic
F73R,0.9832,pathogenic
F73S,0.9574,pathogenic
F73T,0.9744,pathogenic
F73V,0.9077,pathogenic
F73W,0.8344,pathogenic
F73Y,0.7248,pathogenic
D74A,0.1681,benign
D74C,0.3694,ambiguous
D74E,0.228,benign
D74F,0.5465,ambiguous
D74G,0.1482,benign
D74H,0.1893,benign
D74I,0.3326,benign
D74K,0.391,ambiguous
D74L,0.3118,benign
D74M,0.6156,pathogenic
D74N,0.0965,benign
D74P,0.7204,pathogenic
D74Q,0.3324,benign
D74R,0.3491,ambiguous
D74S,0.0941,benign
D74T,0.181,benign
D74V,0.2084,benign
D74W,0.8373,pathogenic
D74Y,0.196,benign
L75A,0.0577,benign
L75C,0.1493,benign
L75D,0.1467,benign
L75E,0.1024,benign
L75F,0.0781,benign
L75G,0.1235,benign
L75H,0.0757,benign
L75I,0.0681,benign
L75K,0.0735,benign
L75M,0.0781,benign
L75N,0.097,benign
L75P,0.0483,benign
L75Q,0.0737,benign
L75R,0.0657,benign
L75S,0.0607,benign
L75T,0.0591,benign
L75V,0.0628,benign
L75W,0.0921,benign
L75Y,0.1161,benign
E76A,0.1093,benign
E76C,0.4771,ambiguous
E76D,0.0858,benign
E76F,0.5268,ambiguous
E76G,0.0875,benign
E76H,0.208,benign
E76I,0.2413,benign
E76K,0.0759,benign
E76L,0.2544,benign
E76M,0.3356,benign
E76N,0.133,benign
E76P,0.2484,benign
E76Q,0.0881,benign
E76R,0.1178,benign
E76S,0.1207,benign
E76T,0.1436,benign
E76V,0.1527,benign
E76W,0.5701,pathogenic
E76Y,0.3244,benign
N77A,0.2404,benign
N77C,0.1723,benign
N77D,0.2012,benign
N77E,0.3833,ambiguous
N77F,0.3382,benign
N77G,0.3108,benign
N77H,0.0869,benign
N77I,0.1285,benign
N77K,0.2133,benign
N77L,0.2071,benign
N77M,0.2534,benign
N77P,0.7428,pathogenic
N77Q,0.3019,benign
N77R,0.2671,benign
N77S,0.1138,benign
N77T,0.1267,benign
N77V,0.1583,benign
N77W,0.5934,pathogenic
N77Y,0.0823,benign
L78A,0.546,ambiguous
L78C,0.7566,pathogenic
L78D,0.9481,pathogenic
L78E,0.8023,pathogenic
L78F,0.4031,ambiguous
L78G,0.8351,pathogenic
L78H,0.6622,pathogenic
L78I,0.1361,benign
L78K,0.6851,pathogenic
L78M,0.2296,benign
L78N,0.8058,pathogenic
L78P,0.8319,pathogenic
L78Q,0.5807,pathogenic
L78R,0.515,ambiguous
L78S,0.7195,pathogenic
L78T,0.3746,ambiguous
L78V,0.1819,benign
L78W,0.6212,pathogenic
L78Y,0.7472,pathogenic
G79A,0.1074,benign
G79C,0.1224,benign
G79D,0.106,benign
G79E,0.0953,benign
G79F,0.3985,ambiguous
G79H,0.1702,benign
G79I,0.2298,benign
G79K,0.1468,benign
G79L,0.2673,benign
G79M,0.3653,ambiguous
G79N,0.1436,benign
G79P,0.6327,pathogenic
G79Q,0.1315,benign
G79R,0.106,benign
G79S,0.08,benign
G79T,0.119,benign
G79V,0.1643,benign
G79W,0.2696,benign
G79Y,0.2146,benign
K80A,0.2202,benign
K80C,0.4083,ambiguous
K80D,0.2964,benign
K80E,0.0836,benign
K80F,0.5023,ambiguous
K80G,0.1954,benign
K80H,0.255,benign
K80I,0.2226,benign
K80L,0.1835,benign
K80M,0.1485,benign
K80N,0.2097,benign
K80P,0.529,ambiguous
K80Q,0.0995,benign
K80R,0.0731,benign
K80S,0.215,benign
K80T,0.1397,benign
K80V,0.2073,benign
K80W,0.5164,ambiguous
K80Y,0.3772,ambiguous
K81A,0.1031,benign
K81C,0.2702,benign
K81D,0.1121,benign
K81E,0.06,benign
K81F,0.2956,benign
K81G,0.1202,benign
K81H,0.144,benign
K81I,0.1184,benign
K81L,0.1171,benign
K81M,0.1047,benign
K81N,0.0855,benign
K81P,0.1228,benign
K81Q,0.0787,benign
K81R,0.0739,benign
K81S,0.1053,benign
K81T,0.0697,benign
K81V,0.1031,benign
K81W,0.4033,ambiguous
K81Y,0.2133,benign
M82A,0.1049,benign
M82C,0.3015,benign
M82D,0.1816,benign
M82E,0.1082,benign
M82F,0.1343,benign
M82G,0.1729,benign
M82H,0.1628,benign
M82I,0.0826,benign
M82K,0.0708,benign
M82L,0.0722,benign
M82N,0.1001,benign
M82P,0.1015,benign
M82Q,0.0988,benign
M82R,0.0731,benign
M82S,0.1039,benign
M82T,0.0739,benign
M82V,0.0579,benign
M82W,0.2608,benign
M82Y,0.1788,benign
S83A,0.0715,benign
S83C,0.0923,benign
S83D,0.1168,benign
S83E,0.1691,benign
S83F,0.149,benign
S83G,0.0729,benign
S83H,0.1656,benign
S83I,0.1187,benign
S83K,0.2313,benign
S83L,0.0805,benign
S83M,0.1536,benign
S83N,0.0834,benign
S83P,0.0944,benign
S83Q,0.2303,benign
S83R,0.1969,benign
S83T,0.068,benign
S83V,0.1167,benign
S83W,0.1886,benign
S83Y,0.1166,benign
E84A,0.0973,benign
E84C,0.4731,ambiguous
E84D,0.0771,benign
E84F,0.4289,ambiguous
E84G,0.0819,benign
E84H,0.2066,benign
E84I,0.1943,benign
E84K,0.069,benign
E84L,0.195,benign
E84M,0.2448,benign
E84N,0.1243,benign
E84P,0.1895,benign
E84Q,0.1058,benign
E84R,0.1098,benign
E84S,0.1052,benign
E84T,0.1158,benign
E84V,0.1293,benign
E84W,0.5065,ambiguous
E84Y,0.2877,benign
D85A,0.1003,benign
D85C,0.2309,benign
D85E,0.1091,benign
D85F,0.2585,benign
D85G,0.0854,benign
D85H,0.117,benign
D85I,0.1392,benign
D85K,0.1533,benign
D85L,0.1742,benign
D85M,0.2955,benign
D85N,0.0693,benign
D85P,0.3222,benign
D85Q,0.1646,benign
D85R,0.1717,benign
D85S,0.0845,benign
D85T,0.1132,benign
D85V,0.0993,benign
D85W,0.5693,pathogenic
D85Y,0.0918,benign
L86A,0.156,benign
L86C,0.3178,benign
L86D,0.3393,benign
L86E,0.2102,benign
L86F,0.0985,benign
L86G,0.3413,ambiguous
L86H,0.1497,benign
L86I,0.0708,benign
L86K,0.2035,benign
L86M,0.0946,benign
L86N,0.2225,benign
L86P,0.371,ambiguous
L86Q,0.1345,benign
L86R,0.162,benign
L86S,0.1257,benign
L86T,0.1185,benign
L86V,0.083,benign
L86W,0.165,benign
L86Y,0.1937,benign
P87A,0.1752,benign
P87C,0.5533,ambiguous
P87D,0.5995,pathogenic
P87E,0.4659,ambiguous
P87F,0.6469,pathogenic
P87G,0.4874,ambiguous
P87H,0.3221,benign
P87I,0.5172,ambiguous
P87K,0.488,ambiguous
P87L,0.1774,benign
P87M,0.529,ambiguous
P87N,0.4911,ambiguous
P87Q,0.3115,benign
P87R,0.3203,benign
P87S,0.2203,benign
P87T,0.2125,benign
P87V,0.3911,ambiguous
P87W,0.758,pathogenic
P87Y,0.5913,pathogenic
Y88A,0.638,pathogenic
Y88C,0.1729,benign
Y88D,0.4514,ambiguous
Y88E,0.7207,pathogenic
Y88F,0.1631,benign
Y88G,0.5914,pathogenic
Y88H,0.3597,ambiguous
Y88I,0.6191,pathogenic
Y88K,0.8278,pathogenic
Y88L,0.5102,ambiguous
Y88M,0.7486,pathogenic
Y88N,0.3448,ambiguous
Y88P,0.83,pathogenic
Y88Q,0.7105,pathogenic
Y88R,0.6258,pathogenic
Y88S,0.3614,ambiguous
Y88T,0.6366,pathogenic
Y88V,0.4319,ambiguous
Y88W,0.43,ambiguous
E89A,0.9462,pathogenic
E89C,0.994,pathogenic
E89D,0.9487,pathogenic
E89F,0.9993,pathogenic
E89G,0.9462,pathogenic
E89H,0.9938,pathogenic
E89I,0.9931,pathogenic
E89K,0.9358,pathogenic
E89L,0.9939,pathogenic
E89M,0.995,pathogenic
E89N,0.9915,pathogenic
E89P,0.9938,pathogenic
E89Q,0.9374,pathogenic
E89R,0.9621,pathogenic
E89S,0.973,pathogenic
E89T,0.9838,pathogenic
E89V,0.9765,pathogenic
E89W,0.9996,pathogenic
E89Y,0.9976,pathogenic
V90A,0.2926,benign
V90C,0.7732,pathogenic
V90D,0.6133,pathogenic
V90E,0.4087,ambiguous
V90F,0.2325,benign
V90G,0.3309,benign
V90H,0.7339,pathogenic
V90I,0.0821,benign
V90K,0.4806,ambiguous
V90L,0.2663,benign
V90M,0.1727,benign
V90N,0.4671,ambiguous
V90P,0.9244,pathogenic
V90Q,0.4597,ambiguous
V90R,0.477,ambiguous
V90S,0.3936,ambiguous
V90T,0.3161,benign
V90W,0.8071,pathogenic
V90Y,0.5585,ambiguous
R91A,0.1661,benign
R91C,0.1157,benign
R91D,0.5037,ambiguous
R91E,0.1603,benign
R91F,0.3027,benign
R91G,0.1302,benign
R91H,0.1126,benign
R91I,0.1001,benign
R91K,0.0637,benign
R91L,0.1087,benign
R91M,0.1105,benign
R91N,0.3258,benign
R91P,0.7667,pathogenic
R91Q,0.0715,benign
R91S,0.2328,benign
R91T,0.1065,benign
R91V,0.1465,benign
R91W,0.1326,benign
R91Y,0.238,benign
R92A,0.7266,pathogenic
R92C,0.2743,benign
R92D,0.977,pathogenic
R92E,0.6843,pathogenic
R92F,0.8951,pathogenic
R92G,0.7914,pathogenic
R92H,0.3807,ambiguous
R92I,0.3474,ambiguous
R92K,0.1958,benign
R92L,0.3008,benign
R92M,0.4941,ambiguous
R92N,0.9116,pathogenic
R92P,0.9868,pathogenic
R92Q,0.1797,benign
R92S,0.8953,pathogenic
R92T,0.5781,pathogenic
R92V,0.4307,ambiguous
R92W,0.5141,ambiguous
R92Y,0.8029,pathogenic
A93C,0.8619,pathogenic
A93D,0.9904,pathogenic
A93E,0.9778,pathogenic
A93F,0.974,pathogenic
A93G,0.2885,benign
A93H,0.9865,pathogenic
A93I,0.9666,pathogenic
A93K,0.9894,pathogenic
A93L,0.8983,pathogenic
A93M,0.9153,pathogenic
A93N,0.9728,pathogenic
A93P,0.9908,pathogenic
A93Q,0.9498,pathogenic
A93R,0.9672,pathogenic
A93S,0.2362,benign
A93T,0.7807,pathogenic
A93V,0.8382,pathogenic
A93W,0.9957,pathogenic
A93Y,0.9826,pathogenic
Q94A,0.3792,ambiguous
Q94C,0.6746,pathogenic
Q94D,0.8496,pathogenic
Q94E,0.1385,benign
Q94F,0.8216,pathogenic
Q94G,0.4443,ambiguous
Q94H,0.4595,ambiguous
Q94I,0.4813,ambiguous
Q94K,0.0988,benign
Q94L,0.2136,benign
Q94M,0.4557,ambiguous
Q94N,0.627,pathogenic
Q94P,0.8678,pathogenic
Q94R,0.1012,benign
Q94S,0.5851,pathogenic
Q94T,0.4465,ambiguous
Q94V,0.3589,ambiguous
Q94W,0.6221,pathogenic
Q94Y,0.66,pathogenic
E95A,0.2706,benign
E95C,0.9002,pathogenic
E95D,0.3016,benign
E95F,0.8012,pathogenic
E95G,0.372,ambiguous
E95H,0.5975,pathogenic
E95I,0.5122,ambiguous
E95K,0.2332,benign
E95L,0.5693,pathogenic
E95M,0.5244,ambiguous
E95N,0.5215,ambiguous
E95P,0.9899,pathogenic
E95Q,0.1795,benign
E95R,0.4024,ambiguous
E95S,0.4316,ambiguous
E95T,0.4444,ambiguous
E95V,0.3361,benign
E95W,0.925,pathogenic
E95Y,0.639,pathogenic
I96A,0.9096,pathogenic
I96C,0.9445,pathogenic
I96D,0.9905,pathogenic
I96E,0.9769,pathogenic
I96F,0.584,pathogenic
I96G,0.9785,pathogenic
I96H,0.9794,pathogenic
I96K,0.9501,pathogenic
I96L,0.1766,benign
I96M,0.1611,benign
I96N,0.8961,pathogenic
I96P,0.9947,pathogenic
I96Q,0.9681,pathogenic
I96R,0.9459,pathogenic
I96S,0.945,pathogenic
I96T,0.8965,pathogenic
I96V,0.2082,benign
I96W,0.9649,pathogenic
I96Y,0.9091,pathogenic
N97A,0.4692,ambiguous
N97C,0.3328,benign
N97D,0.1896,benign
N97E,0.6646,pathogenic
N97F,0.705,pathogenic
N97G,0.5465,ambiguous
N97H,0.1494,benign
N97I,0.475,ambiguous
N97K,0.6602,pathogenic
N97L,0.5152,ambiguous
N97M,0.6213,pathogenic
N97P,0.9487,pathogenic
N97Q,0.5382,ambiguous
N97R,0.6204,pathogenic
N97S,0.1082,benign
N97T,0.3699,ambiguous
N97V,0.5026,ambiguous
N97W,0.8408,pathogenic
N97Y,0.2367,benign
H98A,0.1116,benign
H98C,0.0786,benign
H98D,0.0881,benign
H98E,0.1284,benign
H98F,0.1779,benign
H98G,0.1325,benign
H98I,0.1382,benign
H98K,0.1165,benign
H98L,0.0762,benign
H98M,0.2328,benign
H98N,0.0676,benign
H98P,0.5069,ambiguous
H98Q,0.0866,benign
H98R,0.0649,benign
H98S,0.0984,benign
H98T,0.1121,benign
H98V,0.1267,benign
H98W,0.2274,benign
H98Y,0.0729,benign
L99A,0.1674,benign
L99C,0.2321,benign
L99D,0.351,ambiguous
L99E,0.1863,benign
L99F,0.101,benign
L99G,0.4348,ambiguous
L99H,0.1112,benign
L99I,0.0675,benign
L99K,0.1575,benign
L99M,0.0904,benign
L99N,0.2416,benign
L99P,0.7869,pathogenic
L99Q,0.0993,benign
L99R,0.1074,benign
L99S,0.1768,benign
L99T,0.1218,benign
L99V,0.0793,benign
L99W,0.1428,benign
L99Y,0.1771,benign
F100A,0.8886,pathogenic
F100C,0.6428,pathogenic
F100D,0.9924,pathogenic
F100E,0.9922,pathogenic
F100G,0.9631,pathogenic
F100H,0.8866,pathogenic
F100I,0.5855,pathogenic
F100K,0.9907,pathogenic
F100L,0.8784,pathogenic
F100M,0.8351,pathogenic
F100N,0.9753,pathogenic
F100P,0.9923,pathogenic
F100Q,0.9829,pathogenic
F100R,0.967,pathogenic
F100S,0.8797,pathogenic
F100T,0.9078,pathogenic
F100V,0.572,pathogenic
F100W,0.6258,pathogenic
F100Y,0.3544,ambiguous
G101A,0.5398,ambiguous
G101C,0.691,pathogenic
G101D,0.9564,pathogenic
G101E,0.9341,pathogenic
G101F,0.9077,pathogenic
G101H,0.9261,pathogenic
G101I,0.7987,pathogenic
G101K,0.929,pathogenic
G101L,0.8694,pathogenic
G101M,0.94,pathogenic
G101N,0.9536,pathogenic
G101P,0.9738,pathogenic
G101Q,0.9023,pathogenic
G101R,0.8398,pathogenic
G101S,0.4883,ambiguous
G101T,0.789,pathogenic
G101V,0.7407,pathogenic
G101W,0.8899,pathogenic
G101Y,0.9052,pathogenic
P102A,0.2151,benign
P102C,0.5326,ambiguous
P102D,0.6249,pathogenic
P102E,0.4133,ambiguous
P102F,0.6606,pathogenic
P102G,0.4633,ambiguous
P102H,0.3042,benign
P102I,0.531,ambiguous
P102K,0.3084,benign
P102L,0.2536,benign
P102M,0.4909,ambiguous
P102N,0.5374,ambiguous
P102Q,0.2472,benign
P102R,0.2201,benign
P102S,0.2779,benign
P102T,0.2377,benign
P102V,0.416,ambiguous
P102W,0.7201,pathogenic
P102Y,0.6127,pathogenic
K103A,0.6869,pathogenic
K103C,0.9015,pathogenic
K103D,0.8985,pathogenic
K103E,0.4405,ambiguous
K103F,0.9469,pathogenic
K103G,0.7388,pathogenic
K103H,0.6995,pathogenic
K103I,0.7115,pathogenic
K103L,0.6912,pathogenic
K103M,0.5659,pathogenic
K103N,0.8422,pathogenic
K103P,0.8574,pathogenic
K103Q,0.3806,ambiguous
K103R,0.1128,benign
K103S,0.8026,pathogenic
K103T,0.6116,pathogenic
K103V,0.6598,pathogenic
K103W,0.9236,pathogenic
K103Y,0.8843,pathogenic
D104A,0.0806,benign
D104C,0.145,benign
D104E,0.1005,benign
D104F,0.1931,benign
D104G,0.0485,benign
D104H,0.0854,benign
D104I,0.1467,benign
D104K,0.1303,benign
D104L,0.1413,benign
D104M,0.2775,benign
D104N,0.0575,benign
D104P,0.352,ambiguous
D104Q,0.1297,benign
D104R,0.1309,benign
D104S,0.0686,benign
D104T,0.0989,benign
D104V,0.1054,benign
D104W,0.4451,ambiguous
D104Y,0.0742,benign
S105A,0.0941,benign
S105C,0.0854,benign
S105D,0.1434,benign
S105E,0.2419,benign
S105F,0.2569,benign
S105G,0.0685,benign
S105H,0.1807,benign
S105I,0.1748,benign
S105K,0.2339,benign
S105L,0.1185,benign
S105M,0.1857,benign
S105N,0.0888,benign
S105P,0.4394,ambiguous
S105Q,0.2468,benign
S105R,0.1827,benign
S105T,0.0754,benign
S105V,0.1803,benign
S105W,0.2774,benign
S105Y,0.1792,benign
E106A,0.0828,benign
E106C,0.3748,ambiguous
E106D,0.0789,benign
E106F,0.3696,ambiguous
E106G,0.0734,benign
E106H,0.166,benign
E106I,0.1638,benign
E106K,0.054,benign
E106L,0.1687,benign
E106M,0.2102,benign
E106N,0.1085,benign
E106P,0.1567,benign
E106Q,0.0849,benign
E106R,0.0845,benign
E106S,0.0966,benign
E106T,0.1013,benign
E106V,0.1147,benign
E106W,0.4606,ambiguous
E106Y,0.2546,benign
D107A,0.0742,benign
D107C,0.1864,benign
D107E,0.095,benign
D107F,0.2254,benign
D107G,0.0703,benign
D107H,0.1021,benign
D107I,0.1292,benign
D107K,0.1138,benign
D107L,0.1568,benign
D107M,0.2695,benign
D107N,0.0656,benign
D107P,0.3246,benign
D107Q,0.1266,benign
D107R,0.1295,benign
D107S,0.0741,benign
D107T,0.0989,benign
D107V,0.0895,benign
D107W,0.5211,ambiguous
D107Y,0.0841,benign
S108A,0.0543,benign
S108C,0.0744,benign
S108D,0.4602,ambiguous
S108E,0.5543,ambiguous
S108F,0.2916,benign
S108G,0.0883,benign
S108H,0.3673,ambiguous
S108I,0.2518,benign
S108K,0.6084,pathogenic
S108L,0.1557,benign
S108M,0.3219,benign
S108N,0.2163,benign
S108P,0.2432,benign
S108Q,0.5058,ambiguous
S108R,0.4466,ambiguous
S108T,0.1051,benign
S108V,0.1957,benign
S108W,0.4131,ambiguous
S108Y,0.2053,benign
Y109A,0.4864,ambiguous
Y109C,0.076,benign
Y109D,0.5818,pathogenic
Y109E,0.7987,pathogenic
Y109F,0.0795,benign
Y109G,0.5207,ambiguous
Y109H,0.255,benign
Y109I,0.4248,ambiguous
Y109K,0.7602,pathogenic
Y109L,0.5066,ambiguous
Y109M,0.5593,ambiguous
Y109N,0.3206,benign
Y109P,0.6404,pathogenic
Y109Q,0.6576,pathogenic
Y109R,0.5957,pathogenic
Y109S,0.2407,benign
Y109T,0.4335,ambiguous
Y109V,0.2872,benign
Y109W,0.3133,benign
D110A,0.4453,ambiguous
D110C,0.8159,pathogenic
D110E,0.5346,ambiguous
D110F,0.9322,pathogenic
D110G,0.3215,benign
D110H,0.4298,ambiguous
D110I,0.8905,pathogenic
D110K,0.7614,pathogenic
D110L,0.871,pathogenic
D110M,0.9336,pathogenic
D110N,0.1684,benign
D110P,0.8712,pathogenic
D110Q,0.6136,pathogenic
D110R,0.7574,pathogenic
D110S,0.2151,benign
D110T,0.5924,pathogenic
D110V,0.7546,pathogenic
D110W,0.9787,pathogenic
D110Y,0.6239,pathogenic
I111A,0.5336,ambiguous
I111C,0.6126,pathogenic
I111D,0.9733,pathogenic
I111E,0.9623,pathogenic
I111F,0.1647,benign
I111G,0.8682,pathogenic
I111H,0.9146,pathogenic
I111K,0.9373,pathogenic
I111L,0.0898,benign
I111M,0.0995,benign
I111N,0.8168,pathogenic
I111P,0.9705,pathogenic
I111Q,0.9321,pathogenic
I111R,0.9016,pathogenic
I111S,0.73,pathogenic
I111T,0.5766,pathogenic
I111V,0.0659,benign
I111W,0.89,pathogenic
I111Y,0.7243,pathogenic
I112A,0.6487,pathogenic
I112C,0.8098,pathogenic
I112D,0.9876,pathogenic
I112E,0.9872,pathogenic
I112F,0.6881,pathogenic
I112G,0.9309,pathogenic
I112H,0.9749,pathogenic
I112K,0.9775,pathogenic
I112L,0.2069,benign
I112M,0.2922,benign
I112N,0.8616,pathogenic
I112P,0.977,pathogenic
I112Q,0.9692,pathogenic
I112R,0.958,pathogenic
I112S,0.7406,pathogenic
I112T,0.694,pathogenic
I112V,0.1055,benign
I112W,0.9904,pathogenic
I112Y,0.9563,pathogenic
F113A,0.9119,pathogenic
F113C,0.5537,ambiguous
F113D,0.995,pathogenic
F113E,0.9953,pathogenic
F113G,0.9766,pathogenic
F113H,0.9771,pathogenic
F113I,0.1724,benign
F113K,0.9956,pathogenic
F113L,0.6028,pathogenic
F113M,0.5199,ambiguous
F113N,0.9879,pathogenic
F113P,0.9931,pathogenic
F113Q,0.9924,pathogenic
F113R,0.9895,pathogenic
F113S,0.946,pathogenic
F113T,0.9212,pathogenic
F113V,0.2736,benign
F113W,0.7175,pathogenic
F113Y,0.568,pathogenic
D114A,0.9889,pathogenic
D114C,0.9916,pathogenic
D114E,0.976,pathogenic
D114F,0.9969,pathogenic
D114G,0.9855,pathogenic
D114H,0.9791,pathogenic
D114I,0.995,pathogenic
D114K,0.9956,pathogenic
D114L,0.9906,pathogenic
D114M,0.9991,pathogenic
D114N,0.9631,pathogenic
D114P,0.9967,pathogenic
D114Q,0.9945,pathogenic
D114R,0.992,pathogenic
D114S,0.9621,pathogenic
D114T,0.9931,pathogenic
D114V,0.9841,pathogenic
D114W,0.9987,pathogenic
D114Y,0.9638,pathogenic
L115A,0.896,pathogenic
L115C,0.8281,pathogenic
L115D,0.9978,pathogenic
L115E,0.9905,pathogenic
L115F,0.5362,ambiguous
L115G,0.9794,pathogenic
L115H,0.9728,pathogenic
L115I,0.2309,benign
L115K,0.9891,pathogenic
L115M,0.2201,benign
L115N,0.9813,pathogenic
L115P,0.9865,pathogenic
L115Q,0.9576,pathogenic
L115R,0.979,pathogenic
L115S,0.9643,pathogenic
L115T,0.899,pathogenic
L115V,0.3225,benign
L115W,0.9501,pathogenic
L115Y,0.9593,pathogenic
H116A,0.9981,pathogenic
H116C,0.9125,pathogenic
H116D,0.9942,pathogenic
H116E,0.9938,pathogenic
H116F,0.9942,pathogenic
H116G,0.9964,pathogenic
H116I,0.9988,pathogenic
H116K,0.9885,pathogenic
H116L,0.9789,pathogenic
H116M,0.9987,pathogenic
H116N,0.9793,pathogenic
H116P,0.9815,pathogenic
H116Q,0.9844,pathogenic
H116R,0.956,pathogenic
H116S,0.9939,pathogenic
H116T,0.9991,pathogenic
H116V,0.9987,pathogenic
H116W,0.9654,pathogenic
H116Y,0.9706,pathogenic
N117A,0.9072,pathogenic
N117C,0.7297,pathogenic
N117D,0.8432,pathogenic
N117E,0.9913,pathogenic
N117F,0.9948,pathogenic
N117G,0.8572,pathogenic
N117H,0.831,pathogenic
N117I,0.9608,pathogenic
N117K,0.9934,pathogenic
N117L,0.9335,pathogenic
N117M,0.9595,pathogenic
N117P,0.9872,pathogenic
N117Q,0.9813,pathogenic
N117R,0.9911,pathogenic
N117S,0.1676,benign
N117T,0.5332,ambiguous
N117V,0.9367,pathogenic
N117W,0.9986,pathogenic
N117Y,0.9539,pathogenic
T118A,0.7326,pathogenic
T118C,0.9119,pathogenic
T118D,0.9822,pathogenic
T118E,0.9804,pathogenic
T118F,0.9914,pathogenic
T118G,0.9191,pathogenic
T118H,0.9529,pathogenic
T118I,0.9833,pathogenic
T118K,0.9445,pathogenic
T118L,0.9364,pathogenic
T118M,0.79,pathogenic
T118N,0.9245,pathogenic
T118P,0.9288,pathogenic
T118Q,0.9562,pathogenic
T118R,0.9347,pathogenic
T118S,0.5376,ambiguous
T118V,0.9358,pathogenic
T118W,0.9982,pathogenic
T118Y,0.9893,pathogenic
T119A,0.6442,pathogenic
T119C,0.9417,pathogenic
T119D,0.98,pathogenic
T119E,0.97,pathogenic
T119F,0.9799,pathogenic
T119G,0.8691,pathogenic
T119H,0.9499,pathogenic
T119I,0.9362,pathogenic
T119K,0.9635,pathogenic
T119L,0.8402,pathogenic
T119M,0.7045,pathogenic
T119N,0.845,pathogenic
T119P,0.8249,pathogenic
T119Q,0.9431,pathogenic
T119R,0.9364,pathogenic
T119S,0.5225,ambiguous
T119V,0.8353,pathogenic
T119W,0.9958,pathogenic
T119Y,0.9848,pathogenic
S120A,0.0733,benign
S120C,0.2787,benign
S120D,0.9915,pathogenic
S120E,0.9908,pathogenic
S120F,0.9883,pathogenic
S120G,0.3455,ambiguous
S120H,0.9874,pathogenic
S120I,0.9782,pathogenic
S120K,0.9977,pathogenic
S120L,0.8242,pathogenic
S120M,0.937,pathogenic
S120N,0.9492,pathogenic
S120P,0.9767,pathogenic
S120Q,0.9824,pathogenic
S120R,0.9916,pathogenic
S120T,0.4009,ambiguous
S120V,0.9017,pathogenic
S120W,0.9952,pathogenic
S120Y,0.9878,pathogenic
N121A,0.3588,ambiguous
N121C,0.2401,benign
N121D,0.2528,benign
N121E,0.5975,pathogenic
N121F,0.7416,pathogenic
N121G,0.4562,ambiguous
N121H,0.1296,benign
N121I,0.6641,pathogenic
N121K,0.4678,ambiguous
N121L,0.5289,ambiguous
N121M,0.6324,pathogenic
N121P,0.8522,pathogenic
N121Q,0.4639,ambiguous
N121R,0.361,ambiguous
N121S,0.1068,benign
N121T,0.4135,ambiguous
N121V,0.5515,ambiguous
N121W,0.8907,pathogenic
N121Y,0.3087,benign
M122A,0.8191,pathogenic
M122C,0.8664,pathogenic
M122D,0.9894,pathogenic
M122E,0.9323,pathogenic
M122F,0.8962,pathogenic
M122G,0.942,pathogenic
M122H,0.9572,pathogenic
M122I,0.901,pathogenic
M122K,0.8837,pathogenic
M122L,0.6441,pathogenic
M122N,0.9002,pathogenic
M122P,0.9902,pathogenic
M122Q,0.7761,pathogenic
M122R,0.8995,pathogenic
M122S,0.7533,pathogenic
M122T,0.4069,ambiguous
M122V,0.3178,benign
M122W,0.9888,pathogenic
M122Y,0.9834,pathogenic
G123A,0.4808,ambiguous
G123C,0.6139,pathogenic
G123D,0.6678,pathogenic
G123E,0.7164,pathogenic
G123F,0.9348,pathogenic
G123H,0.8101,pathogenic
G123I,0.9086,pathogenic
G123K,0.7691,pathogenic
G123L,0.8837,pathogenic
G123M,0.9087,pathogenic
G123N,0.7261,pathogenic
G123P,0.9844,pathogenic
G123Q,0.7061,pathogenic
G123R,0.6642,pathogenic
G123S,0.3915,ambiguous
G123T,0.7586,pathogenic
G123V,0.8287,pathogenic
G123W,0.8972,pathogenic
G123Y,0.8644,pathogenic
C124A,0.2823,benign
C124D,0.7491,pathogenic
C124E,0.8864,pathogenic
C124F,0.3456,ambiguous
C124G,0.1071,benign
C124H,0.6351,pathogenic
C124I,0.5693,pathogenic
C124K,0.868,pathogenic
C124L,0.5134,ambiguous
C124M,0.6948,pathogenic
C124N,0.3821,ambiguous
C124P,0.6604,pathogenic
C124Q,0.7496,pathogenic
C124R,0.6411,pathogenic
C124S,0.1901,benign
C124T,0.3845,ambiguous
C124V,0.4756,ambiguous
C124W,0.6867,pathogenic
C124Y,0.4028,ambiguous
T125A,0.1836,benign
T125C,0.2457,benign
T125D,0.9558,pathogenic
T125E,0.9647,pathogenic
T125F,0.9255,pathogenic
T125G,0.5424,ambiguous
T125H,0.8411,pathogenic
T125I,0.8329,pathogenic
T125K,0.9594,pathogenic
T125L,0.6072,pathogenic
T125M,0.3966,ambiguous
T125N,0.555,ambiguous
T125P,0.8367,pathogenic
T125Q,0.8899,pathogenic
T125R,0.9258,pathogenic
T125S,0.1668,benign
T125V,0.5592,ambiguous
T125W,0.9916,pathogenic
T125Y,0.943,pathogenic
L126A,0.7927,pathogenic
L126C,0.7897,pathogenic
L126D,0.9971,pathogenic
L126E,0.9876,pathogenic
L126F,0.2569,benign
L126G,0.9616,pathogenic
L126H,0.9484,pathogenic
L126I,0.1085,benign
L126K,0.9797,pathogenic
L126M,0.188,benign
L126N,0.978,pathogenic
L126P,0.9617,pathogenic
L126Q,0.9402,pathogenic
L126R,0.9574,pathogenic
L126S,0.9492,pathogenic
L126T,0.8838,pathogenic
L126V,0.1326,benign
L126W,0.7983,pathogenic
L126Y,0.8356,pathogenic
I127A,0.9771,pathogenic
I127C,0.9808,pathogenic
I127D,0.996,pathogenic
I127E,0.9904,pathogenic
I127F,0.6973,pathogenic
I127G,0.9915,pathogenic
I127H,0.9762,pathogenic
I127K,0.9725,pathogenic
I127L,0.3518,ambiguous
I127M,0.5008,ambiguous
I127N,0.9503,pathogenic
I127P,0.9843,pathogenic
I127Q,0.9686,pathogenic
I127R,0.9566,pathogenic
I127S,0.9673,pathogenic
I127T,0.9758,pathogenic
I127V,0.6068,pathogenic
I127W,0.9826,pathogenic
I127Y,0.9428,pathogenic
L128A,0.5813,pathogenic
L128C,0.7406,pathogenic
L128D,0.992,pathogenic
L128E,0.955,pathogenic
L128F,0.3919,ambiguous
L128G,0.8915,pathogenic
L128H,0.8913,pathogenic
L128I,0.172,benign
L128K,0.9381,pathogenic
L128M,0.1765,benign
L128N,0.9508,pathogenic
L128P,0.9473,pathogenic
L128Q,0.8152,pathogenic
L128R,0.8875,pathogenic
L128S,0.814,pathogenic
L128T,0.5917,pathogenic
L128V,0.1701,benign
L128W,0.8071,pathogenic
L128Y,0.8854,pathogenic
E129A,0.5088,ambiguous
E129C,0.9494,pathogenic
E129D,0.6025,pathogenic
E129F,0.9745,pathogenic
E129G,0.4192,ambiguous
E129H,0.8704,pathogenic
E129I,0.9112,pathogenic
E129K,0.6159,pathogenic
E129L,0.8631,pathogenic
E129M,0.8886,pathogenic
E129N,0.7574,pathogenic
E129P,0.8591,pathogenic
E129Q,0.3952,ambiguous
E129R,0.7405,pathogenic
E129S,0.5954,pathogenic
E129T,0.6856,pathogenic
E129V,0.7677,pathogenic
E129W,0.9859,pathogenic
E129Y,0.9428,pathogenic
D130A,0.3228,benign
D130C,0.5918,pathogenic
D130E,0.3256,benign
D130F,0.7635,pathogenic
D130G,0.2295,benign
D130H,0.3231,benign
D130I,0.6051,pathogenic
D130K,0.5271,ambiguous
D130L,0.6595,pathogenic
D130M,0.7632,pathogenic
D130N,0.0895,benign
D130P,0.8957,pathogenic
D130Q,0.5037,ambiguous
D130R,0.5709,pathogenic
D130S,0.1367,benign
D130T,0.2259,benign
D130V,0.4127,ambiguous
D130W,0.9292,pathogenic
D130Y,0.3051,benign
S131A,0.1103,benign
S131C,0.1735,benign
S131D,0.5241,ambiguous
S131E,0.6019,pathogenic
S131F,0.4114,ambiguous
S131G,0.1233,benign
S131H,0.5052,ambiguous
S131I,0.3263,benign
S131K,0.7507,pathogenic
S131L,0.1925,benign
S131M,0.3562,ambiguous
S131N,0.2799,benign
S131P,0.2068,benign
S131Q,0.6326,pathogenic
S131R,0.6958,pathogenic
S131T,0.1056,benign
S131V,0.3059,benign
S131W,0.504,ambiguous
S131Y,0.3373,benign
R132A,0.1538,benign
R132C,0.1575,benign
R132D,0.2488,benign
R132E,0.1213,benign
R132F,0.3726,ambiguous
R132G,0.0898,benign
R132H,0.1024,benign
R132I,0.222,benign
R132K,0.0615,benign
R132L,0.1825,benign
R132M,0.1616,benign
R132N,0.1855,benign
R132P,0.5603,ambiguous
R132Q,0.0731,benign
R132S,0.1427,benign
R132T,0.0875,benign
R132V,0.2362,benign
R132W,0.1616,benign
R132Y,0.2496,benign
N133A,0.4775,ambiguous
N133C,0.2514,benign
N133D,0.0839,benign
N133E,0.4128,ambiguous
N133F,0.8162,pathogenic
N133G,0.4693,ambiguous
N133H,0.1649,benign
N133I,0.4362,ambiguous
N133K,0.4879,ambiguous
N133L,0.5385,ambiguous
N133M,0.5357,ambiguous
N133P,0.8482,pathogenic
N133Q,0.4555,ambiguous
N133R,0.5798,pathogenic
N133S,0.1091,benign
N133T,0.2305,benign
N133V,0.4475,ambiguous
N133W,0.8408,pathogenic
N133Y,0.2953,benign
N134A,0.1411,benign
N134C,0.1659,benign
N134D,0.0475,benign
N134E,0.158,benign
N134F,0.354,ambiguous
N134G,0.2037,benign
N134H,0.0805,benign
N134I,0.1255,benign
N134K,0.2142,benign
N134L,0.166,benign
N134M,0.3133,benign
N134P,0.191,benign
N134Q,0.2247,benign
N134R,0.234,benign
N134S,0.0814,benign
N134T,0.1046,benign
N134V,0.1243,benign
N134W,0.5689,pathogenic
N134Y,0.0936,benign
F135A,0.6764,pathogenic
F135C,0.426,ambiguous
F135D,0.8823,pathogenic
F135E,0.9209,pathogenic
F135G,0.8477,pathogenic
F135H,0.7552,pathogenic
F135I,0.1096,benign
F135K,0.897,pathogenic
F135L,0.4343,ambiguous
F135M,0.3995,ambiguous
F135N,0.8153,pathogenic
F135P,0.9018,pathogenic
F135Q,0.892,pathogenic
F135R,0.8397,pathogenic
F135S,0.718,pathogenic
F135T,0.6263,pathogenic
F135V,0.1363,benign
F135W,0.4969,ambiguous
F135Y,0.224,benign
L136A,0.289,benign
L136C,0.4975,ambiguous
L136D,0.8192,pathogenic
L136E,0.6303,pathogenic
L136F,0.3101,benign
L136G,0.6053,pathogenic
L136H,0.3649,ambiguous
L136I,0.0954,benign
L136K,0.6531,pathogenic
L136M,0.1481,benign
L136N,0.3511,ambiguous
L136P,0.5095,ambiguous
L136Q,0.328,benign
L136R,0.5396,ambiguous
L136S,0.3065,benign
L136T,0.1915,benign
L136V,0.1034,benign
L136W,0.5408,ambiguous
L136Y,0.5643,pathogenic
I137A,0.7446,pathogenic
I137C,0.817,pathogenic
I137D,0.9678,pathogenic
I137E,0.9213,pathogenic
I137F,0.2741,benign
I137G,0.9083,pathogenic
I137H,0.813,pathogenic
I137K,0.757,pathogenic
I137L,0.0876,benign
I137M,0.139,benign
I137N,0.6876,pathogenic
I137P,0.9319,pathogenic
I137Q,0.7802,pathogenic
I137R,0.7004,pathogenic
I137S,0.7312,pathogenic
I137T,0.5884,pathogenic
I137V,0.1382,benign
I137W,0.8664,pathogenic
I137Y,0.7028,pathogenic
Q138A,0.6453,pathogenic
Q138C,0.8993,pathogenic
Q138D,0.9448,pathogenic
Q138E,0.2149,benign
Q138F,0.9713,pathogenic
Q138G,0.7055,pathogenic
Q138H,0.4854,ambiguous
Q138I,0.9146,pathogenic
Q138K,0.5063,ambiguous
Q138L,0.6145,pathogenic
Q138M,0.7637,pathogenic
Q138N,0.6716,pathogenic
Q138P,0.7799,pathogenic
Q138R,0.5051,ambiguous
Q138S,0.6672,pathogenic
Q138T,0.7803,pathogenic
Q138V,0.823,pathogenic
Q138W,0.9572,pathogenic
Q138Y,0.9268,pathogenic
M139A,0.753,pathogenic
M139C,0.8965,pathogenic
M139D,0.9977,pathogenic
M139E,0.9832,pathogenic
M139F,0.6517,pathogenic
M139G,0.9439,pathogenic
M139H,0.9829,pathogenic
M139I,0.6953,pathogenic
M139K,0.9508,pathogenic
M139L,0.1793,benign
M139N,0.9714,pathogenic
M139P,0.9966,pathogenic
M139Q,0.9214,pathogenic
M139R,0.9617,pathogenic
M139S,0.8923,pathogenic
M139T,0.6683,pathogenic
M139V,0.3143,benign
M139W,0.9771,pathogenic
M139Y,0.9491,pathogenic
F140A,0.3739,ambiguous
F140C,0.0985,benign
F140D,0.9361,pathogenic
F140E,0.9524,pathogenic
F140G,0.632,pathogenic
F140H,0.7484,pathogenic
F140I,0.1886,benign
F140K,0.9656,pathogenic
F140L,0.6947,pathogenic
F140M,0.3379,benign
F140N,0.6713,pathogenic
F140P,0.9904,pathogenic
F140Q,0.8861,pathogenic
F140R,0.9317,pathogenic
F140S,0.3366,benign
F140T,0.4652,ambiguous
F140V,0.1589,benign
F140W,0.6722,pathogenic
F140Y,0.2284,benign
H141A,0.3142,benign
H141C,0.1666,benign
H141D,0.2507,benign
H141E,0.3668,ambiguous
H141F,0.4092,ambiguous
H141G,0.3097,benign
H141I,0.516,ambiguous
H141K,0.2949,benign
H141L,0.2289,benign
H141M,0.6565,pathogenic
H141N,0.0875,benign
H141P,0.6468,pathogenic
H141Q,0.1998,benign
H141R,0.1064,benign
H141S,0.1869,benign
H141T,0.3236,benign
H141V,0.4414,ambiguous
H141W,0.4225,ambiguous
H141Y,0.0979,benign
Y142A,0.7933,pathogenic
Y142C,0.2836,benign
Y142D,0.5178,ambiguous
Y142E,0.8338,pathogenic
Y142F,0.1417,benign
Y142G,0.7372,pathogenic
Y142H,0.1649,benign
Y142I,0.8299,pathogenic
Y142K,0.8007,pathogenic
Y142L,0.7612,pathogenic
Y142M,0.8671,pathogenic
Y142N,0.4181,ambiguous
Y142P,0.9896,pathogenic
Y142Q,0.6808,pathogenic
Y142R,0.5689,pathogenic
Y142S,0.4564,ambiguous
Y142T,0.7573,pathogenic
Y142V,0.7336,pathogenic
Y142W,0.5644,pathogenic
I143A,0.8577,pathogenic
I143C,0.8825,pathogenic
I143D,0.9954,pathogenic
I143E,0.9796,pathogenic
I143F,0.4984,ambiguous
I143G,0.9786,pathogenic
I143H,0.9764,pathogenic
I143K,0.9617,pathogenic
I143L,0.1344,benign
I143M,0.1419,benign
I143N,0.9313,pathogenic
I143P,0.9881,pathogenic
I143Q,0.947,pathogenic
I143R,0.9505,pathogenic
I143S,0.906,pathogenic
I143T,0.8301,pathogenic
I143V,0.1423,benign
I143W,0.9758,pathogenic
I143Y,0.9384,pathogenic
K144A,0.5302,ambiguous
K144C,0.7433,pathogenic
K144D,0.8869,pathogenic
K144E,0.2408,benign
K144F,0.9463,pathogenic
K144G,0.6429,pathogenic
K144H,0.556,ambiguous
K144I,0.566,pathogenic
K144L,0.5734,pathogenic
K144M,0.3448,ambiguous
K144N,0.6975,pathogenic
K144P,0.9723,pathogenic
K144Q,0.0997,benign
K144R,0.1176,benign
K144S,0.5474,ambiguous
K144T,0.2555,benign
K144V,0.4879,ambiguous
K144W,0.9189,pathogenic
K144Y,0.8718,pathogenic
T145A,0.0659,benign
T145C,0.2068,benign
T145D,0.1318,benign
T145E,0.1083,benign
T145F,0.1528,benign
T145G,0.151,benign
T145H,0.1022,benign
T145I,0.1193,benign
T145K,0.0854,benign
T145L,0.0773,benign
T145M,0.0718,benign
T145N,0.0536,benign
T145P,0.3996,ambiguous
T145Q,0.0961,benign
T145R,0.0787,benign
T145S,0.0705,benign
T145V,0.1036,benign
T145W,0.3692,ambiguous
T145Y,0.1296,benign
S146A,0.0648,benign
S146C,0.0694,benign
S146D,0.3095,benign
S146E,0.3011,benign
S146F,0.1604,benign
S146G,0.1202,benign
S146H,0.1694,benign
S146I,0.1393,benign
S146K,0.3465,ambiguous
S146L,0.112,benign
S146M,0.1774,benign
S146N,0.1288,benign
S146P,0.7509,pathogenic
S146Q,0.2557,benign
S146R,0.2739,benign
S146T,0.0829,benign
S146V,0.13,benign
S146W,0.2916,benign
S146Y,0.1267,benign
L147A,0.318,benign
L147C,0.5106,ambiguous
L147D,0.8608,pathogenic
L147E,0.5417,ambiguous
L147F,0.1582,benign
L147G,0.6962,pathogenic
L147H,0.3841,ambiguous
L147I,0.0963,benign
L147K,0.5534,ambiguous
L147M,0.0877,benign
L147N,0.5735,pathogenic
L147P,0.8321,pathogenic
L147Q,0.2794,benign
L147R,0.4458,ambiguous
L147S,0.3809,ambiguous
L147T,0.2545,benign
L147V,0.098,benign
L147W,0.3883,ambiguous
L147Y,0.4782,ambiguous
A148C,0.3306,benign
A148D,0.1133,benign
A148E,0.1291,benign
A148F,0.2527,benign
A148G,0.1218,benign
A148H,0.2575,benign
A148I,0.2178,benign
A148K,0.28,benign
A148L,0.1495,benign
A148M,0.215,benign
A148N,0.157,benign
A148P,0.2182,benign
A148Q,0.1966,benign
A148R,0.2768,benign
A148S,0.0744,benign
A148T,0.0931,benign
A148V,0.1174,benign
A148W,0.6083,pathogenic
A148Y,0.2645,benign
P149A,0.122,benign
P149C,0.4126,ambiguous
P149D,0.2771,benign
P149E,0.2442,benign
P149F,0.5212,ambiguous
P149G,0.2657,benign
P149H,0.1736,benign
P149I,0.3889,ambiguous
P149K,0.2893,benign
P149L,0.1915,benign
P149M,0.3964,ambiguous
P149N,0.2496,benign
P149Q,0.1895,benign
P149R,0.1953,benign
P149S,0.1234,benign
P149T,0.126,benign
P149V,0.2654,benign
P149W,0.6496,pathogenic
P149Y,0.4103,ambiguous
L150A,0.1088,benign
L150C,0.2415,benign
L150D,0.235,benign
L150E,0.1215,benign
L150F,0.0813,benign
L150G,0.2534,benign
L150H,0.0945,benign
L150I,0.0712,benign
L150K,0.1099,benign
L150M,0.0893,benign
L150N,0.1435,benign
L150P,0.2,benign
L150Q,0.0775,benign
L150R,0.0985,benign
L150S,0.0929,benign
L150T,0.1,benign
L150V,0.0674,benign
L150W,0.1389,benign
L150Y,0.1524,benign
P151A,0.0892,benign
P151C,0.3003,benign
P151D,0.2019,benign
P151E,0.1764,benign
P151F,0.402,ambiguous
P151G,0.2305,benign
P151H,0.1298,benign
P151I,0.317,benign
P151K,0.1863,benign
P151L,0.1387,benign
P151M,0.3399,benign
P151N,0.1889,benign
P151Q,0.122,benign
P151R,0.1219,benign
P151S,0.0959,benign
P151T,0.1058,benign
P151V,0.2213,benign
P151W,0.4978,ambiguous
P151Y,0.3171,benign
C152A,0.5464,ambiguous
C152D,0.9607,pathogenic
C152E,0.9839,pathogenic
C152F,0.6744,pathogenic
C152G,0.4137,ambiguous
C152H,0.9416,pathogenic
C152I,0.5934,pathogenic
C152K,0.9874,pathogenic
C152L,0.6754,pathogenic
C152M,0.8374,pathogenic
C152N,0.8407,pathogenic
C152P,0.9228,pathogenic
C152Q,0.9552,pathogenic
C152R,0.9223,pathogenic
C152S,0.4566,ambiguous
C152T,0.585,pathogenic
C152V,0.4082,ambiguous
C152W,0.9383,pathogenic
C152Y,0.8428,pathogenic
Y153A,0.1784,benign
Y153C,0.0715,benign
Y153D,0.1399,benign
Y153E,0.3497,ambiguous
Y153F,0.0899,benign
Y153G,0.2171,benign
Y153H,0.073,benign
Y153I,0.2966,benign
Y153K,0.2755,benign
Y153L,0.2827,benign
Y153M,0.3837,ambiguous
Y153N,0.077,benign
Y153P,0.2099,benign
Y153Q,0.1999,benign
Y153R,0.1584,benign
Y153S,0.0753,benign
Y153T,0.1818,benign
Y153V,0.2235,benign
Y153W,0.2643,benign
V154A,0.419,ambiguous
V154C,0.7337,pathogenic
V154D,0.9223,pathogenic
V154E,0.9078,pathogenic
V154F,0.5086,ambiguous
V154G,0.5433,ambiguous
V154H,0.9521,pathogenic
V154I,0.0728,benign
V154K,0.9351,pathogenic
V154L,0.3168,benign
V154M,0.3468,ambiguous
V154N,0.732,pathogenic
V154P,0.755,pathogenic
V154Q,0.9001,pathogenic
V154R,0.9042,pathogenic
V154S,0.5812,pathogenic
V154T,0.42,ambiguous
V154W,0.9692,pathogenic
V154Y,0.8804,pathogenic
Y155A,0.8292,pathogenic
Y155C,0.2379,benign
Y155D,0.9093,pathogenic
Y155E,0.9671,pathogenic
Y155F,0.0999,benign
Y155G,0.8186,pathogenic
Y155H,0.7028,pathogenic
Y155I,0.5796,pathogenic
Y155K,0.9615,pathogenic
Y155L,0.2466,benign
Y155M,0.5954,pathogenic
Y155N,0.6816,pathogenic
Y155P,0.9743,pathogenic
Y155Q,0.93,pathogenic
Y155R,0.9285,pathogenic
Y155S,0.7006,pathogenic
Y155T,0.8366,pathogenic
Y155V,0.5197,ambiguous
Y155W,0.6085,pathogenic
L156A,0.6616,pathogenic
L156C,0.6852,pathogenic
L156D,0.9836,pathogenic
L156E,0.9006,pathogenic
L156F,0.4635,ambiguous
L156G,0.907,pathogenic
L156H,0.7543,pathogenic
L156I,0.1561,benign
L156K,0.8628,pathogenic
L156M,0.191,benign
L156N,0.8835,pathogenic
L156P,0.9839,pathogenic
L156Q,0.6143,pathogenic
L156R,0.7436,pathogenic
L156S,0.7822,pathogenic
L156T,0.6833,pathogenic
L156V,0.1313,benign
L156W,0.8006,pathogenic
L156Y,0.796,pathogenic
I157A,0.2376,benign
I157C,0.6747,pathogenic
I157D,0.7478,pathogenic
I157E,0.6701,pathogenic
I157F,0.3157,benign
I157G,0.5595,ambiguous
I157H,0.6547,pathogenic
I157K,0.6036,pathogenic
I157L,0.0984,benign
I157M,0.1159,benign
I157N,0.2249,benign
I157P,0.6558,pathogenic
I157Q,0.575,pathogenic
I157R,0.5021,ambiguous
I157S,0.2421,benign
I157T,0.0941,benign
I157V,0.1162,benign
I157W,0.7944,pathogenic
I157Y,0.6382,pathogenic
E158A,0.5126,ambiguous
E158C,0.9486,pathogenic
E158D,0.2386,benign
E158F,0.9786,pathogenic
E158G,0.4743,ambiguous
E158H,0.8347,pathogenic
E158I,0.9214,pathogenic
E158K,0.6076,pathogenic
E158L,0.8998,pathogenic
E158M,0.9018,pathogenic
E158N,0.5361,ambiguous
E158P,0.9486,pathogenic
E158Q,0.3342,benign
E158R,0.7078,pathogenic
E158S,0.4532,ambiguous
E158T,0.6893,pathogenic
E158V,0.8178,pathogenic
E158W,0.9883,pathogenic
E158Y,0.942,pathogenic
H159A,0.7347,pathogenic
H159C,0.4682,ambiguous
H159D,0.4475,ambiguous
H159E,0.6963,pathogenic
H159F,0.6845,pathogenic
H159G,0.799,pathogenic
H159I,0.6729,pathogenic
H159K,0.6496,pathogenic
H159L,0.4447,ambiguous
H159M,0.8048,pathogenic
H159N,0.217,benign
H159P,0.467,ambiguous
H159Q,0.6387,pathogenic
H159R,0.5585,ambiguous
H159S,0.5134,ambiguous
H159T,0.6947,pathogenic
H159V,0.7071,pathogenic
H159W,0.75,pathogenic
H159Y,0.2392,benign
P160A,0.1536,benign
P160C,0.5932,pathogenic
P160D,0.4421,ambiguous
P160E,0.2842,benign
P160F,0.684,pathogenic
P160G,0.4591,ambiguous
P160H,0.2376,benign
P160I,0.5266,ambiguous
P160K,0.2792,benign
P160L,0.2535,benign
P160M,0.5551,ambiguous
P160N,0.419,ambiguous
P160Q,0.2228,benign
P160R,0.1895,benign
P160S,0.1798,benign
P160T,0.1677,benign
P160V,0.3832,ambiguous
P160W,0.7615,pathogenic
P160Y,0.5913,pathogenic
S161A,0.0719,benign
S161C,0.0901,benign
S161D,0.1423,benign
S161E,0.2013,benign
S161F,0.1043,benign
S161G,0.0817,benign
S161H,0.1306,benign
S161I,0.1041,benign
S161K,0.1929,benign
S161L,0.0751,benign
S161M,0.1377,benign
S161N,0.0733,benign
S161P,0.2591,benign
S161Q,0.1978,benign
S161R,0.1639,benign
S161T,0.0657,benign
S161V,0.1145,benign
S161W,0.2035,benign
S161Y,0.0947,benign
L162A,0.3715,ambiguous
L162C,0.4356,ambiguous
L162D,0.8101,pathogenic
L162E,0.4374,ambiguous
L162F,0.1323,benign
L162G,0.6257,pathogenic
L162H,0.2566,benign
L162I,0.1145,benign
L162K,0.2372,benign
L162M,0.1377,benign
L162N,0.4968,ambiguous
L162P,0.7172,pathogenic
L162Q,0.1753,benign
L162R,0.1807,benign
L162S,0.4014,ambiguous
L162T,0.3588,ambiguous
L162V,0.1151,benign
L162W,0.2519,benign
L162Y,0.3099,benign
K163A,0.3413,ambiguous
K163C,0.516,ambiguous
K163D,0.5556,ambiguous
K163E,0.179,benign
K163F,0.7384,pathogenic
K163G,0.4387,ambiguous
K163H,0.2336,benign
K163I,0.3635,ambiguous
K163L,0.3593,ambiguous
K163M,0.2966,benign
K163N,0.3616,ambiguous
K163P,0.4913,ambiguous
K163Q,0.1176,benign
K163R,0.0814,benign
K163S,0.3577,ambiguous
K163T,0.169,benign
K163V,0.324,benign
K163W,0.6828,pathogenic
K163Y,0.5478,ambiguous
Y164A,0.8836,pathogenic
Y164C,0.6125,pathogenic
Y164D,0.7252,pathogenic
Y164E,0.9288,pathogenic
Y164F,0.2256,benign
Y164G,0.7646,pathogenic
Y164H,0.7093,pathogenic
Y164I,0.8953,pathogenic
Y164K,0.9342,pathogenic
Y164L,0.7815,pathogenic
Y164M,0.8809,pathogenic
Y164N,0.5523,ambiguous
Y164P,0.9264,pathogenic
Y164Q,0.9294,pathogenic
Y164R,0.8867,pathogenic
Y164S,0.7228,pathogenic
Y164T,0.8833,pathogenic
Y164V,0.8003,pathogenic
Y164W,0.7091,pathogenic
A165C,0.4577,ambiguous
A165D,0.5622,ambiguous
A165E,0.498,ambiguous
A165F,0.5159,ambiguous
A165G,0.1471,benign
A165H,0.5715,pathogenic
A165I,0.684,pathogenic
A165K,0.5689,pathogenic
A165L,0.4567,ambiguous
A165M,0.5115,ambiguous
A165N,0.4385,ambiguous
A165P,0.5428,ambiguous
A165Q,0.4593,ambiguous
A165R,0.4692,ambiguous
A165S,0.1068,benign
A165T,0.1932,benign
A165V,0.3896,ambiguous
A165W,0.8597,pathogenic
A165Y,0.5585,ambiguous
T166A,0.204,benign
T166C,0.6418,pathogenic
T166D,0.8386,pathogenic
T166E,0.8823,pathogenic
T166F,0.809,pathogenic
T166G,0.5114,ambiguous
T166H,0.752,pathogenic
T166I,0.8527,pathogenic
T166K,0.8006,pathogenic
T166L,0.5358,ambiguous
T166M,0.3332,benign
T166N,0.461,ambiguous
T166P,0.4917,ambiguous
T166Q,0.776,pathogenic
T166R,0.7333,pathogenic
T166S,0.2883,benign
T166V,0.5962,pathogenic
T166W,0.9489,pathogenic
T166Y,0.8076,pathogenic
T167A,0.1682,benign
T167C,0.5925,pathogenic
T167D,0.9697,pathogenic
T167E,0.9446,pathogenic
T167F,0.8869,pathogenic
T167G,0.607,pathogenic
T167H,0.9263,pathogenic
T167I,0.4105,ambiguous
T167K,0.9436,pathogenic
T167L,0.2925,benign
T167M,0.2518,benign
T167N,0.671,pathogenic
T167P,0.4905,ambiguous
T167Q,0.8849,pathogenic
T167R,0.9324,pathogenic
T167S,0.2557,benign
T167V,0.2737,benign
T167W,0.9854,pathogenic
T167Y,0.9469,pathogenic
R168A,0.9596,pathogenic
R168C,0.6183,pathogenic
R168D,0.9764,pathogenic
R168E,0.9142,pathogenic
R168F,0.9875,pathogenic
R168G,0.8907,pathogenic
R168H,0.599,pathogenic
R168I,0.9655,pathogenic
R168K,0.6792,pathogenic
R168L,0.9404,pathogenic
R168M,0.9758,pathogenic
R168N,0.9685,pathogenic
R168P,0.9717,pathogenic
R168Q,0.6505,pathogenic
R168S,0.9625,pathogenic
R168T,0.9601,pathogenic
R168V,0.9662,pathogenic
R168W,0.7767,pathogenic
R168Y,0.9273,pathogenic
S169A,0.2224,benign
S169C,0.2753,benign
S169D,0.833,pathogenic
S169E,0.899,pathogenic
S169F,0.726,pathogenic
S169G,0.2416,benign
S169H,0.7772,pathogenic
S169I,0.7532,pathogenic
S169K,0.9582,pathogenic
S169L,0.4017,ambiguous
S169M,0.541,ambiguous
S169N,0.533,ambiguous
S169P,0.9509,pathogenic
S169Q,0.8491,pathogenic
S169R,0.9401,pathogenic
S169T,0.1735,benign
S169V,0.6563,pathogenic
S169W,0.7813,pathogenic
S169Y,0.6098,pathogenic
I170A,0.3612,ambiguous
I170C,0.7092,pathogenic
I170D,0.9573,pathogenic
I170E,0.9163,pathogenic
I170F,0.5277,ambiguous
I170G,0.8139,pathogenic
I170H,0.9167,pathogenic
I170K,0.8544,pathogenic
I170L,0.1447,benign
I170M,0.1405,benign
I170N,0.6717,pathogenic
I170P,0.8531,pathogenic
I170Q,0.8562,pathogenic
I170R,0.7941,pathogenic
I170S,0.5133,ambiguous
I170T,0.2027,benign
I170V,0.0529,benign
I170W,0.9668,pathogenic
I170Y,0.9087,pathogenic
A171C,0.6615,pathogenic
A171D,0.9809,pathogenic
A171E,0.9795,pathogenic
A171F,0.9701,pathogenic
A171G,0.1541,benign
A171H,0.9809,pathogenic
A171I,0.9479,pathogenic
A171K,0.9896,pathogenic
A171L,0.9012,pathogenic
A171M,0.9105,pathogenic
A171N,0.9556,pathogenic
A171P,0.9585,pathogenic
A171Q,0.9574,pathogenic
A171R,0.9696,pathogenic
A171S,0.1351,benign
A171T,0.3781,ambiguous
A171V,0.7337,pathogenic
A171W,0.9955,pathogenic
A171Y,0.9867,pathogenic
K172A,0.4914,ambiguous
K172C,0.7042,pathogenic
K172D,0.7228,pathogenic
K172E,0.297,benign
K172F,0.8788,pathogenic
K172G,0.5881,pathogenic
K172H,0.4227,ambiguous
K172I,0.5297,ambiguous
K172L,0.5262,ambiguous
K172M,0.4445,ambiguous
K172N,0.5444,ambiguous
K172P,0.7002,pathogenic
K172Q,0.2168,benign
K172R,0.0792,benign
K172S,0.5712,pathogenic
K172T,0.3238,benign
K172V,0.4877,ambiguous
K172W,0.8401,pathogenic
K172Y,0.7503,pathogenic
Y173A,0.4736,ambiguous
Y173C,0.1255,benign
Y173D,0.3485,ambiguous
Y173E,0.6201,pathogenic
Y173F,0.1184,benign
Y173G,0.4908,ambiguous
Y173H,0.1068,benign
Y173I,0.3727,ambiguous
Y173K,0.451,ambiguous
Y173L,0.3691,ambiguous
Y173M,0.5217,ambiguous
Y173N,0.1463,benign
Y173P,0.8955,pathogenic
Y173Q,0.3632,ambiguous
Y173R,0.326,benign
Y173S,0.2405,benign
Y173T,0.4486,ambiguous
Y173V,0.3491,ambiguous
Y173W,0.3443,ambiguous
P174A,0.1095,benign
P174C,0.6183,pathogenic
P174D,0.8725,pathogenic
P174E,0.8134,pathogenic
P174F,0.9063,pathogenic
P174G,0.3398,benign
P174H,0.5464,ambiguous
P174I,0.9112,pathogenic
P174K,0.8113,pathogenic
P174L,0.6448,pathogenic
P174M,0.8404,pathogenic
P174N,0.7276,pathogenic
P174Q,0.5545,ambiguous
P174R,0.6136,pathogenic
P174S,0.1891,benign
P174T,0.3576,ambiguous
P174V,0.7626,pathogenic
P174W,0.9438,pathogenic
P174Y,0.8689,pathogenic
V175A,0.3715,ambiguous
V175C,0.83,pathogenic
V175D,0.982,pathogenic
V175E,0.9633,pathogenic
V175F,0.4709,ambiguous
V175G,0.7402,pathogenic
V175H,0.9835,pathogenic
V175I,0.0877,benign
V175K,0.976,pathogenic
V175L,0.3243,benign
V175M,0.2971,benign
V175N,0.9464,pathogenic
V175P,0.9656,pathogenic
V175Q,0.9581,pathogenic
V175R,0.9607,pathogenic
V175S,0.7685,pathogenic
V175T,0.4884,ambiguous
V175W,0.9775,pathogenic
V175Y,0.9441,pathogenic
G176A,0.4841,ambiguous
G176C,0.7699,pathogenic
G176D,0.9777,pathogenic
G176E,0.9756,pathogenic
G176F,0.9861,pathogenic
G176H,0.9953,pathogenic
G176I,0.9441,pathogenic
G176K,0.9952,pathogenic
G176L,0.9632,pathogenic
G176M,0.9698,pathogenic
G176N,0.9784,pathogenic
G176P,0.9919,pathogenic
G176Q,0.9868,pathogenic
G176R,0.9867,pathogenic
G176S,0.6331,pathogenic
G176T,0.8174,pathogenic
G176V,0.8766,pathogenic
G176W,0.9869,pathogenic
G176Y,0.9883,pathogenic
I177A,0.7491,pathogenic
I177C,0.8468,pathogenic
I177D,0.995,pathogenic
I177E,0.9847,pathogenic
I177F,0.2923,benign
I177G,0.9554,pathogenic
I177H,0.9807,pathogenic
I177K,0.9783,pathogenic
I177L,0.1422,benign
I177M,0.1256,benign
I177N,0.9415,pathogenic
I177P,0.9836,pathogenic
I177Q,0.9722,pathogenic
I177R,0.9671,pathogenic
I177S,0.8974,pathogenic
I177T,0.7443,pathogenic
I177V,0.0936,benign
I177W,0.941,pathogenic
I177Y,0.8856,pathogenic
E178A,0.9655,pathogenic
E178C,0.9927,pathogenic
E178D,0.9918,pathogenic
E178F,0.9996,pathogenic
E178G,0.9753,pathogenic
E178H,0.9937,pathogenic
E178I,0.9939,pathogenic
E178K,0.9491,pathogenic
E178L,0.9957,pathogenic
E178M,0.9949,pathogenic
E178N,0.9971,pathogenic
E178P,0.9983,pathogenic
E178Q,0.9564,pathogenic
E178R,0.9826,pathogenic
E178S,0.9838,pathogenic
E178T,0.991,pathogenic
E178V,0.986,pathogenic
E178W,0.9996,pathogenic
E178Y,0.9991,pathogenic
V179A,0.3813,ambiguous
V179C,0.8811,pathogenic
V179D,0.9622,pathogenic
V179E,0.9398,pathogenic
V179F,0.624,pathogenic
V179G,0.6407,pathogenic
V179H,0.9815,pathogenic
V179I,0.1014,benign
V179K,0.9666,pathogenic
V179L,0.5332,ambiguous
V179M,0.415,ambiguous
V179N,0.9009,pathogenic
V179P,0.9752,pathogenic
V179Q,0.9508,pathogenic
V179R,0.9492,pathogenic
V179S,0.7058,pathogenic
V179T,0.4782,ambiguous
V179W,0.978,pathogenic
V179Y,0.9326,pathogenic
G180A,0.9119,pathogenic
G180C,0.9653,pathogenic
G180D,0.9855,pathogenic
G180E,0.9888,pathogenic
G180F,0.992,pathogenic
G180H,0.9973,pathogenic
G180I,0.9888,pathogenic
G180K,0.9962,pathogenic
G180L,0.9907,pathogenic
G180M,0.9967,pathogenic
G180N,0.9958,pathogenic
G180P,0.9965,pathogenic
G180Q,0.9951,pathogenic
G180R,0.9868,pathogenic
G180S,0.9022,pathogenic
G180T,0.984,pathogenic
G180V,0.9768,pathogenic
G180W,0.9873,pathogenic
G180Y,0.9924,pathogenic
P181A,0.1948,benign
P181C,0.7665,pathogenic
P181D,0.9799,pathogenic
P181E,0.9275,pathogenic
P181F,0.9698,pathogenic
P181G,0.7489,pathogenic
P181H,0.826,pathogenic
P181I,0.9518,pathogenic
P181K,0.907,pathogenic
P181L,0.7286,pathogenic
P181M,0.9155,pathogenic
P181N,0.9369,pathogenic
P181Q,0.763,pathogenic
P181R,0.711,pathogenic
P181S,0.4843,ambiguous
P181T,0.71,pathogenic
P181V,0.8669,pathogenic
P181W,0.9793,pathogenic
P181Y,0.9613,pathogenic
Q182A,0.5376,ambiguous
Q182C,0.9095,pathogenic
Q182D,0.9928,pathogenic
Q182E,0.4101,ambiguous
Q182F,0.9743,pathogenic
Q182G,0.8554,pathogenic
Q182H,0.9454,pathogenic
Q182I,0.3858,ambiguous
Q182K,0.8403,pathogenic
Q182L,0.3612,ambiguous
Q182M,0.4284,ambiguous
Q182N,0.8646,pathogenic
Q182P,0.9049,pathogenic
Q182R,0.8661,pathogenic
Q182S,0.681,pathogenic
Q182T,0.5304,ambiguous
Q182V,0.259,benign
Q182W,0.9929,pathogenic
Q182Y,0.984,pathogenic
P183A,0.1606,benign
P183C,0.7193,pathogenic
P183D,0.9684,pathogenic
P183E,0.909,pathogenic
P183F,0.947,pathogenic
P183G,0.6699,pathogenic
P183H,0.7806,pathogenic
P183I,0.9184,pathogenic
P183K,0.9364,pathogenic
P183L,0.5455,ambiguous
P183M,0.8153,pathogenic
P183N,0.9103,pathogenic
P183Q,0.7394,pathogenic
P183R,0.8201,pathogenic
P183S,0.3827,ambiguous
P183T,0.57,pathogenic
P183V,0.7798,pathogenic
P183W,0.9704,pathogenic
P183Y,0.9402,pathogenic
Q184A,0.4111,ambiguous
Q184C,0.7432,pathogenic
Q184D,0.866,pathogenic
Q184E,0.2971,benign
Q184F,0.8374,pathogenic
Q184G,0.5582,ambiguous
Q184H,0.2029,benign
Q184I,0.7542,pathogenic
Q184K,0.7384,pathogenic
Q184L,0.5007,ambiguous
Q184M,0.5265,ambiguous
Q184N,0.2427,benign
Q184P,0.3582,ambiguous
Q184R,0.7071,pathogenic
Q184S,0.3618,ambiguous
Q184T,0.4776,ambiguous
Q184V,0.6045,pathogenic
Q184W,0.8261,pathogenic
Q184Y,0.7728,pathogenic
G185A,0.4142,ambiguous
G185C,0.6424,pathogenic
G185D,0.9281,pathogenic
G185E,0.9146,pathogenic
G185F,0.9693,pathogenic
G185H,0.9451,pathogenic
G185I,0.9659,pathogenic
G185K,0.961,pathogenic
G185L,0.9391,pathogenic
G185M,0.9323,pathogenic
G185N,0.7917,pathogenic
G185P,0.9979,pathogenic
G185Q,0.9072,pathogenic
G185R,0.9019,pathogenic
G185S,0.3429,ambiguous
G185T,0.8381,pathogenic
G185V,0.9039,pathogenic
G185W,0.9484,pathogenic
G185Y,0.9284,pathogenic
V186A,0.6037,pathogenic
V186C,0.7807,pathogenic
V186D,0.9519,pathogenic
V186E,0.9012,pathogenic
V186F,0.7331,pathogenic
V186G,0.5896,pathogenic
V186H,0.9625,pathogenic
V186I,0.0946,benign
V186K,0.9371,pathogenic
V186L,0.4804,ambiguous
V186M,0.4523,ambiguous
V186N,0.7377,pathogenic
V186P,0.9797,pathogenic
V186Q,0.8884,pathogenic
V186R,0.9011,pathogenic
V186S,0.5962,pathogenic
V186T,0.426,ambiguous
V186W,0.9901,pathogenic
V186Y,0.9501,pathogenic
L187A,0.3009,benign
L187C,0.5422,ambiguous
L187D,0.9827,pathogenic
L187E,0.9034,pathogenic
L187F,0.4317,ambiguous
L187G,0.7591,pathogenic
L187H,0.8404,pathogenic
L187I,0.0915,benign
L187K,0.8968,pathogenic
L187M,0.2088,benign
L187N,0.8788,pathogenic
L187P,0.7536,pathogenic
L187Q,0.7178,pathogenic
L187R,0.8002,pathogenic
L187S,0.5974,pathogenic
L187T,0.4774,ambiguous
L187V,0.0874,benign
L187W,0.7668,pathogenic
L187Y,0.8035,pathogenic
R188A,0.9287,pathogenic
R188C,0.3876,ambiguous
R188D,0.9689,pathogenic
R188E,0.8285,pathogenic
R188F,0.9643,pathogenic
R188G,0.8659,pathogenic
R188H,0.3254,benign
R188I,0.8564,pathogenic
R188K,0.2704,benign
R188L,0.7644,pathogenic
R188M,0.8506,pathogenic
R188N,0.9488,pathogenic
R188P,0.9774,pathogenic
R188Q,0.2471,benign
R188S,0.9424,pathogenic
R188T,0.8768,pathogenic
R188V,0.8752,pathogenic
R188W,0.5539,ambiguous
R188Y,0.8695,pathogenic
A189C,0.5157,ambiguous
A189D,0.7901,pathogenic
A189E,0.7215,pathogenic
A189F,0.4594,ambiguous
A189G,0.1151,benign
A189H,0.6495,pathogenic
A189I,0.6279,pathogenic
A189K,0.8488,pathogenic
A189L,0.5253,ambiguous
A189M,0.4528,ambiguous
A189N,0.6086,pathogenic
A189P,0.584,pathogenic
A189Q,0.6964,pathogenic
A189R,0.7752,pathogenic
A189S,0.1043,benign
A189T,0.2262,benign
A189V,0.3199,benign
A189W,0.8111,pathogenic
A189Y,0.5745,pathogenic
D190A,0.3111,benign
D190C,0.6949,pathogenic
D190E,0.3475,ambiguous
D190F,0.8059,pathogenic
D190G,0.2407,benign
D190H,0.4049,ambiguous
D190I,0.554,ambiguous
D190K,0.5989,pathogenic
D190L,0.6888,pathogenic
D190M,0.8109,pathogenic
D190N,0.0964,benign
D190P,0.8095,pathogenic
D190Q,0.5629,ambiguous
D190R,0.6115,pathogenic
D190S,0.1714,benign
D190T,0.3512,ambiguous
D190V,0.3559,ambiguous
D190W,0.9484,pathogenic
D190Y,0.3853,ambiguous
I191A,0.3945,ambiguous
I191C,0.5783,pathogenic
I191D,0.7772,pathogenic
I191E,0.7045,pathogenic
I191F,0.3505,ambiguous
I191G,0.6624,pathogenic
I191H,0.5438,ambiguous
I191K,0.4129,ambiguous
I191L,0.1431,benign
I191M,0.163,benign
I191N,0.2187,benign
I191P,0.8805,pathogenic
I191Q,0.4986,ambiguous
I191R,0.3342,benign
I191S,0.2841,benign
I191T,0.1771,benign
I191V,0.0711,benign
I191W,0.914,pathogenic
I191Y,0.6765,pathogenic
L192A,0.3218,benign
L192C,0.4934,ambiguous
L192D,0.9353,pathogenic
L192E,0.7025,pathogenic
L192F,0.1289,benign
L192G,0.6863,pathogenic
L192H,0.3852,ambiguous
L192I,0.1352,benign
L192K,0.6192,pathogenic
L192M,0.1409,benign
L192N,0.7322,pathogenic
L192P,0.8797,pathogenic
L192Q,0.3601,ambiguous
L192R,0.4267,ambiguous
L192S,0.4166,ambiguous
L192T,0.2736,benign
L192V,0.1152,benign
L192W,0.311,benign
L192Y,0.3825,ambiguous
D193A,0.0934,benign
D193C,0.1956,benign
D193E,0.0952,benign
D193F,0.1942,benign
D193G,0.0938,benign
D193H,0.0979,benign
D193I,0.1208,benign
D193K,0.1757,benign
D193L,0.1268,benign
D193M,0.2767,benign
D193N,0.0662,benign
D193P,0.5695,pathogenic
D193Q,0.1404,benign
D193R,0.1851,benign
D193S,0.0821,benign
D193T,0.1167,benign
D193V,0.0889,benign
D193W,0.5549,ambiguous
D193Y,0.0751,benign
Q194A,0.1806,benign
Q194C,0.4301,ambiguous
Q194D,0.2691,benign
Q194E,0.0734,benign
Q194F,0.6231,pathogenic
Q194G,0.1912,benign
Q194H,0.1783,benign
Q194I,0.3104,benign
Q194K,0.0604,benign
Q194L,0.1218,benign
Q194M,0.3139,benign
Q194N,0.2158,benign
Q194P,0.3512,ambiguous
Q194R,0.0754,benign
Q194S,0.2056,benign
Q194T,0.1371,benign
Q194V,0.2173,benign
Q194W,0.4876,ambiguous
Q194Y,0.3355,benign
M195A,0.7222,pathogenic
M195C,0.8539,pathogenic
M195D,0.9835,pathogenic
M195E,0.7986,pathogenic
M195F,0.8527,pathogenic
M195G,0.8747,pathogenic
M195H,0.8805,pathogenic
M195I,0.8714,pathogenic
M195K,0.7666,pathogenic
M195L,0.6216,pathogenic
M195N,0.7298,pathogenic
M195P,0.9959,pathogenic
M195Q,0.3796,ambiguous
M195R,0.8687,pathogenic
M195S,0.5195,ambiguous
M195T,0.2851,benign
M195V,0.3662,ambiguous
M195W,0.9827,pathogenic
M195Y,0.9567,pathogenic
R196A,0.6901,pathogenic
R196C,0.2418,benign
R196D,0.8593,pathogenic
R196E,0.3975,ambiguous
R196F,0.8531,pathogenic
R196G,0.3998,ambiguous
R196H,0.1942,benign
R196I,0.6293,pathogenic
R196K,0.1479,benign
R196L,0.5851,pathogenic
R196M,0.5963,pathogenic
R196N,0.7983,pathogenic
R196P,0.9688,pathogenic
R196Q,0.1189,benign
R196S,0.741,pathogenic
R196T,0.5695,pathogenic
R196V,0.6789,pathogenic
R196W,0.3294,benign
R196Y,0.6048,pathogenic
K197A,0.2029,benign
K197C,0.4031,ambiguous
K197D,0.3442,ambiguous
K197E,0.1065,benign
K197F,0.4932,ambiguous
K197G,0.278,benign
K197H,0.2421,benign
K197I,0.1372,benign
K197L,0.1458,benign
K197M,0.1117,benign
K197N,0.2116,benign
K197P,0.8494,pathogenic
K197Q,0.1034,benign
K197R,0.0851,benign
K197S,0.2363,benign
K197T,0.0959,benign
K197V,0.1411,benign
K197W,0.5417,ambiguous
K197Y,0.3781,ambiguous
M198A,0.4854,ambiguous
M198C,0.7568,pathogenic
M198D,0.9711,pathogenic
M198E,0.8515,pathogenic
M198F,0.5823,pathogenic
M198G,0.7493,pathogenic
M198H,0.9127,pathogenic
M198I,0.1505,benign
M198K,0.7503,pathogenic
M198L,0.1203,benign
M198N,0.7546,pathogenic
M198P,0.9588,pathogenic
M198Q,0.7012,pathogenic
M198R,0.7994,pathogenic
M198S,0.6433,pathogenic
M198T,0.3946,ambiguous
M198V,0.1006,benign
M198W,0.9265,pathogenic
M198Y,0.8493,pathogenic
I199A,0.5534,ambiguous
I199C,0.7127,pathogenic
I199D,0.9648,pathogenic
I199E,0.8919,pathogenic
I199F,0.3786,ambiguous
I199G,0.8219,pathogenic
I199H,0.9044,pathogenic
I199K,0.8572,pathogenic
I199L,0.0875,benign
I199M,0.0968,benign
I199N,0.6227,pathogenic
I199P,0.9606,pathogenic
I199Q,0.8252,pathogenic
I199R,0.8444,pathogenic
I199S,0.5864,pathogenic
I199T,0.2905,benign
I199V,0.0709,benign
I199W,0.943,pathogenic
I199Y,0.8595,pathogenic
K200A,0.2164,benign
K200C,0.3461,ambiguous
K200D,0.4904,ambiguous
K200E,0.1404,benign
K200F,0.4506,ambiguous
K200G,0.2093,benign
K200H,0.1975,benign
K200I,0.178,benign
K200L,0.1727,benign
K200M,0.1335,benign
K200N,0.2603,benign
K200P,0.7619,pathogenic
K200Q,0.0961,benign
K200R,0.0795,benign
K200S,0.2253,benign
K200T,0.0958,benign
K200V,0.1835,benign
K200W,0.5111,ambiguous
K200Y,0.3441,ambiguous
H201A,0.2507,benign
H201C,0.1184,benign
H201D,0.2685,benign
H201E,0.3839,ambiguous
H201F,0.2494,benign
H201G,0.2943,benign
H201I,0.2786,benign
H201K,0.3027,benign
H201L,0.101,benign
H201M,0.4153,ambiguous
H201N,0.1183,benign
H201P,0.4805,ambiguous
H201Q,0.2652,benign
H201R,0.1625,benign
H201S,0.2388,benign
H201T,0.2397,benign
H201V,0.2241,benign
H201W,0.4002,ambiguous
H201Y,0.0766,benign
A202C,0.4807,ambiguous
A202D,0.9649,pathogenic
A202E,0.9624,pathogenic
A202F,0.8408,pathogenic
A202G,0.1167,benign
A202H,0.9632,pathogenic
A202I,0.5757,pathogenic
A202K,0.9866,pathogenic
A202L,0.613,pathogenic
A202M,0.6077,pathogenic
A202N,0.8974,pathogenic
A202P,0.9734,pathogenic
A202Q,0.9385,pathogenic
A202R,0.9751,pathogenic
A202S,0.1232,benign
A202T,0.1571,benign
A202V,0.3289,benign
A202W,0.9864,pathogenic
A202Y,0.9454,pathogenic
L203A,0.6745,pathogenic
L203C,0.7143,pathogenic
L203D,0.9915,pathogenic
L203E,0.9634,pathogenic
L203F,0.3413,ambiguous
L203G,0.9063,pathogenic
L203H,0.9059,pathogenic
L203I,0.182,benign
L203K,0.953,pathogenic
L203M,0.1808,benign
L203N,0.9512,pathogenic
L203P,0.9733,pathogenic
L203Q,0.8679,pathogenic
L203R,0.9069,pathogenic
L203S,0.8465,pathogenic
L203T,0.6079,pathogenic
L203V,0.1636,benign
L203W,0.741,pathogenic
L203Y,0.8735,pathogenic
D204A,0.4767,ambiguous
D204C,0.861,pathogenic
D204E,0.5291,ambiguous
D204F,0.91,pathogenic
D204G,0.5195,ambiguous
D204H,0.6391,pathogenic
D204I,0.7436,pathogenic
D204K,0.8377,pathogenic
D204L,0.7477,pathogenic
D204M,0.9172,pathogenic
D204N,0.1903,benign
D204P,0.9746,pathogenic
D204Q,0.7719,pathogenic
D204R,0.8267,pathogenic
D204S,0.3303,benign
D204T,0.5368,ambiguous
D204V,0.5456,ambiguous
D204W,0.978,pathogenic
D204Y,0.5443,ambiguous
F205A,0.9495,pathogenic
F205C,0.7526,pathogenic
F205D,0.9935,pathogenic
F205E,0.996,pathogenic
F205G,0.9677,pathogenic
F205H,0.9471,pathogenic
F205I,0.7913,pathogenic
F205K,0.9959,pathogenic
F205L,0.9713,pathogenic
F205M,0.8982,pathogenic
F205N,0.9806,pathogenic
F205P,0.9996,pathogenic
F205Q,0.9923,pathogenic
F205R,0.9862,pathogenic
F205S,0.9383,pathogenic
F205T,0.9531,pathogenic
F205V,0.7029,pathogenic
F205W,0.7465,pathogenic
F205Y,0.3191,benign
I206A,0.4621,ambiguous
I206C,0.5733,pathogenic
I206D,0.9635,pathogenic
I206E,0.9388,pathogenic
I206F,0.2422,benign
I206G,0.8337,pathogenic
I206H,0.8392,pathogenic
I206K,0.8751,pathogenic
I206L,0.0989,benign
I206M,0.1345,benign
I206N,0.6862,pathogenic
I206P,0.9435,pathogenic
I206Q,0.8449,pathogenic
I206R,0.8065,pathogenic
I206S,0.519,ambiguous
I206T,0.3197,benign
I206V,0.0833,benign
I206W,0.8987,pathogenic
I206Y,0.7432,pathogenic
H207A,0.1222,benign
H207C,0.0872,benign
H207D,0.0958,benign
H207E,0.1346,benign
H207F,0.195,benign
H207G,0.1363,benign
H207I,0.1357,benign
H207K,0.1639,benign
H207L,0.0906,benign
H207M,0.2871,benign
H207N,0.0739,benign
H207P,0.3791,ambiguous
H207Q,0.0926,benign
H207R,0.0845,benign
H207S,0.0941,benign
H207T,0.1124,benign
H207V,0.1225,benign
H207W,0.2648,benign
H207Y,0.0719,benign
H208A,0.1017,benign
H208C,0.0791,benign
H208D,0.0688,benign
H208E,0.122,benign
H208F,0.1432,benign
H208G,0.1334,benign
H208I,0.0987,benign
H208K,0.1193,benign
H208L,0.0645,benign
H208M,0.2047,benign
H208N,0.0605,benign
H208P,0.497,ambiguous
H208Q,0.1,benign
H208R,0.0736,benign
H208S,0.0835,benign
H208T,0.0933,benign
H208V,0.0972,benign
H208W,0.2452,benign
H208Y,0.0618,benign
F209A,0.7544,pathogenic
F209C,0.2944,benign
F209D,0.9519,pathogenic
F209E,0.9426,pathogenic
F209G,0.8834,pathogenic
F209H,0.5681,pathogenic
F209I,0.3045,benign
F209K,0.8988,pathogenic
F209L,0.8384,pathogenic
F209M,0.629,pathogenic
F209N,0.8351,pathogenic
F209P,0.9961,pathogenic
F209Q,0.8493,pathogenic
F209R,0.7657,pathogenic
F209S,0.6875,pathogenic
F209T,0.7638,pathogenic
F209V,0.2913,benign
F209W,0.4022,ambiguous
F209Y,0.1367,benign
N210A,0.4733,ambiguous
N210C,0.3269,benign
N210D,0.4441,ambiguous
N210E,0.6493,pathogenic
N210F,0.8632,pathogenic
N210G,0.4544,ambiguous
N210H,0.218,benign
N210I,0.4154,ambiguous
N210K,0.509,ambiguous
N210L,0.3522,ambiguous
N210M,0.5658,pathogenic
N210P,0.8837,pathogenic
N210Q,0.5016,ambiguous
N210R,0.3994,ambiguous
N210S,0.1159,benign
N210T,0.2987,benign
N210V,0.4204,ambiguous
N210W,0.8787,pathogenic
N210Y,0.4203,ambiguous
E211A,0.092,benign
E211C,0.4613,ambiguous
E211D,0.122,benign
E211F,0.5091,ambiguous
E211G,0.0956,benign
E211H,0.2124,benign
E211I,0.2132,benign
E211K,0.0753,benign
E211L,0.1832,benign
E211M,0.2169,benign
E211N,0.1418,benign
E211P,0.7661,pathogenic
E211Q,0.0812,benign
E211R,0.1107,benign
E211S,0.1181,benign
E211T,0.12,benign
E211V,0.1425,benign
E211W,0.61,pathogenic
E211Y,0.3391,benign
G212A,0.3979,ambiguous
G212C,0.4772,ambiguous
G212D,0.2655,benign
G212E,0.3135,benign
G212F,0.8989,pathogenic
G212H,0.6454,pathogenic
G212I,0.8244,pathogenic
G212K,0.5142,ambiguous
G212L,0.8366,pathogenic
G212M,0.8085,pathogenic
G212N,0.379,ambiguous
G212P,0.9695,pathogenic
G212Q,0.4606,ambiguous
G212R,0.4413,ambiguous
G212S,0.2414,benign
G212T,0.5701,pathogenic
G212V,0.7007,pathogenic
G212W,0.7468,pathogenic
G212Y,0.7114,pathogenic
K213A,0.1925,benign
K213C,0.385,ambiguous
K213D,0.2845,benign
K213E,0.0782,benign
K213F,0.4799,ambiguous
K213G,0.2489,benign
K213H,0.2096,benign
K213I,0.1547,benign
K213L,0.1742,benign
K213M,0.1156,benign
K213N,0.1918,benign
K213P,0.7149,pathogenic
K213Q,0.093,benign
K213R,0.0701,benign
K213S,0.2105,benign
K213T,0.1022,benign
K213V,0.1453,benign
K213W,0.4945,ambiguous
K213Y,0.3515,ambiguous
E214A,0.1072,benign
E214C,0.5995,pathogenic
E214D,0.1246,benign
E214F,0.5451,ambiguous
E214G,0.1594,benign
E214H,0.3379,benign
E214I,0.1697,benign
E214K,0.1447,benign
E214L,0.227,benign
E214M,0.3021,benign
E214N,0.2149,benign
E214P,0.3323,benign
E214Q,0.1239,benign
E214R,0.217,benign
E214S,0.1728,benign
E214T,0.1414,benign
E214V,0.1037,benign
E214W,0.7752,pathogenic
E214Y,0.3603,ambiguous
F215A,0.9397,pathogenic
F215C,0.79,pathogenic
F215D,0.9734,pathogenic
F215E,0.9772,pathogenic
F215G,0.968,pathogenic
F215H,0.8689,pathogenic
F215I,0.3937,ambiguous
F215K,0.9733,pathogenic
F215L,0.9313,pathogenic
F215M,0.7756,pathogenic
F215N,0.9099,pathogenic
F215P,0.9918,pathogenic
F215Q,0.9642,pathogenic
F215R,0.9583,pathogenic
F215S,0.893,pathogenic
F215T,0.9335,pathogenic
F215V,0.5585,ambiguous
F215W,0.6266,pathogenic
F215Y,0.2261,benign
P216A,0.0823,benign
P216C,0.2634,benign
P216D,0.2652,benign
P216E,0.1733,benign
P216F,0.2396,benign
P216G,0.2444,benign
P216H,0.1209,benign
P216I,0.1866,benign
P216K,0.1706,benign
P216L,0.0767,benign
P216M,0.2152,benign
P216N,0.229,benign
P216Q,0.1129,benign
P216R,0.1204,benign
P216S,0.09,benign
P216T,0.0952,benign
P216V,0.152,benign
P216W,0.3989,ambiguous
P216Y,0.2344,benign
P217A,0.057,benign
P217C,0.1947,benign
P217D,0.1759,benign
P217E,0.1479,benign
P217F,0.3125,benign
P217G,0.16,benign
P217H,0.1208,benign
P217I,0.2325,benign
P217K,0.1617,benign
P217L,0.1146,benign
P217M,0.2514,benign
P217N,0.1647,benign
P217Q,0.115,benign
P217R,0.1119,benign
P217S,0.0741,benign
P217T,0.0848,benign
P217V,0.1609,benign
P217W,0.4189,ambiguous
P217Y,0.2342,benign
C218A,0.4474,ambiguous
C218D,0.8147,pathogenic
C218E,0.8778,pathogenic
C218F,0.2255,benign
C218G,0.2461,benign
C218H,0.6578,pathogenic
C218I,0.5963,pathogenic
C218K,0.8689,pathogenic
C218L,0.6038,pathogenic
C218M,0.7309,pathogenic
C218N,0.7227,pathogenic
C218P,0.9633,pathogenic
C218Q,0.7532,pathogenic
C218R,0.5196,ambiguous
C218S,0.3901,ambiguous
C218T,0.5032,ambiguous
C218V,0.4616,ambiguous
C218W,0.6924,pathogenic
C218Y,0.4216,ambiguous
A219C,0.228,benign
A219D,0.1068,benign
A219E,0.1101,benign
A219F,0.1898,benign
A219G,0.1207,benign
A219H,0.1981,benign
A219I,0.1329,benign
A219K,0.1695,benign
A219L,0.1155,benign
A219M,0.1404,benign
A219N,0.1102,benign
A219P,0.149,benign
A219Q,0.1639,benign
A219R,0.1594,benign
A219S,0.0726,benign
A219T,0.0638,benign
A219V,0.0923,benign
A219W,0.4805,ambiguous
A219Y,0.2262,benign
I220A,0.2833,benign
I220C,0.7023,pathogenic
I220D,0.8739,pathogenic
I220E,0.7596,pathogenic
I220F,0.1917,benign
I220G,0.7325,pathogenic
I220H,0.8119,pathogenic
I220K,0.7309,pathogenic
I220L,0.0774,benign
I220M,0.0748,benign
I220N,0.6045,pathogenic
I220P,0.8467,pathogenic
I220Q,0.7222,pathogenic
I220R,0.6647,pathogenic
I220S,0.4493,ambiguous
I220T,0.1437,benign
I220V,0.0644,benign
I220W,0.8094,pathogenic
I220Y,0.7064,pathogenic
E221A,0.1894,benign
E221C,0.7944,pathogenic
E221D,0.0795,benign
E221F,0.8139,pathogenic
E221G,0.2385,benign
E221H,0.3936,ambiguous
E221I,0.4324,ambiguous
E221K,0.1698,benign
E221L,0.4651,ambiguous
E221M,0.5231,ambiguous
E221N,0.1908,benign
E221P,0.4252,ambiguous
E221Q,0.166,benign
E221R,0.2999,benign
E221S,0.1893,benign
E221T,0.1937,benign
E221V,0.2571,benign
E221W,0.8953,pathogenic
E221Y,0.6293,pathogenic
V222A,0.1176,benign
V222C,0.7375,pathogenic
V222D,0.917,pathogenic
V222E,0.9037,pathogenic
V222F,0.5589,ambiguous
V222G,0.219,benign
V222H,0.9686,pathogenic
V222I,0.1178,benign
V222K,0.9561,pathogenic
V222L,0.516,ambiguous
V222M,0.4314,ambiguous
V222N,0.791,pathogenic
V222P,0.91,pathogenic
V222Q,0.9222,pathogenic
V222R,0.9252,pathogenic
V222S,0.3488,ambiguous
V222T,0.2609,benign
V222W,0.9819,pathogenic
V222Y,0.8926,pathogenic
Y223A,0.9246,pathogenic
Y223C,0.2469,benign
Y223D,0.866,pathogenic
Y223E,0.954,pathogenic
Y223F,0.0883,benign
Y223G,0.8769,pathogenic
Y223H,0.2507,benign
Y223I,0.8783,pathogenic
Y223K,0.9475,pathogenic
Y223L,0.845,pathogenic
Y223M,0.8882,pathogenic
Y223N,0.5507,ambiguous
Y223P,0.9853,pathogenic
Y223Q,0.8708,pathogenic
Y223R,0.855,pathogenic
Y223S,0.7111,pathogenic
Y223T,0.918,pathogenic
Y223V,0.8317,pathogenic
Y223W,0.3547,ambiguous
K224A,0.5214,ambiguous
K224C,0.704,pathogenic
K224D,0.7644,pathogenic
K224E,0.176,benign
K224F,0.9177,pathogenic
K224G,0.6146,pathogenic
K224H,0.3686,ambiguous
K224I,0.6264,pathogenic
K224L,0.5902,pathogenic
K224M,0.4043,ambiguous
K224N,0.5975,pathogenic
K224P,0.9468,pathogenic
K224Q,0.1277,benign
K224R,0.0856,benign
K224S,0.5202,ambiguous
K224T,0.2575,benign
K224V,0.5417,ambiguous
K224W,0.8492,pathogenic
K224Y,0.7398,pathogenic
I225A,0.4163,ambiguous
I225C,0.5881,pathogenic
I225D,0.7687,pathogenic
I225E,0.7101,pathogenic
I225F,0.2388,benign
I225G,0.6064,pathogenic
I225H,0.6252,pathogenic
I225K,0.5441,ambiguous
I225L,0.1047,benign
I225M,0.1154,benign
I225N,0.286,benign
I225P,0.6378,pathogenic
I225Q,0.5876,pathogenic
I225R,0.4525,ambiguous
I225S,0.3912,ambiguous
I225T,0.3815,ambiguous
I225V,0.0924,benign
I225W,0.7432,pathogenic
I225Y,0.5031,ambiguous
I226A,0.1039,benign
I226C,0.382,ambiguous
I226D,0.3007,benign
I226E,0.1594,benign
I226F,0.0909,benign
I226G,0.2719,benign
I226H,0.2114,benign
I226K,0.0962,benign
I226L,0.0515,benign
I226M,0.0393,benign
I226N,0.1461,benign
I226P,0.5573,ambiguous
I226Q,0.1196,benign
I226R,0.0766,benign
I226S,0.1163,benign
I226T,0.0587,benign
I226V,0.0595,benign
I226W,0.313,benign
I226Y,0.2576,benign
E227A,0.1974,benign
E227C,0.7547,pathogenic
E227D,0.1339,benign
E227F,0.8545,pathogenic
E227G,0.1173,benign
E227H,0.4362,ambiguous
E227I,0.6775,pathogenic
E227K,0.1662,benign
E227L,0.6083,pathogenic
E227M,0.6386,pathogenic
E227N,0.3031,benign
E227P,0.8718,pathogenic
E227Q,0.1346,benign
E227R,0.2475,benign
E227S,0.1862,benign
E227T,0.2943,benign
E227V,0.4524,ambiguous
E227W,0.8754,pathogenic
E227Y,0.6721,pathogenic
K228A,0.706,pathogenic
K228C,0.8582,pathogenic
K228D,0.7874,pathogenic
K228E,0.4751,ambiguous
K228F,0.9299,pathogenic
K228G,0.7731,pathogenic
K228H,0.5434,ambiguous
K228I,0.6941,pathogenic
K228L,0.6985,pathogenic
K228M,0.5106,ambiguous
K228N,0.6863,pathogenic
K228P,0.9113,pathogenic
K228Q,0.4383,ambiguous
K228R,0.1283,benign
K228S,0.7715,pathogenic
K228T,0.4385,ambiguous
K228V,0.6577,pathogenic
K228W,0.8937,pathogenic
K228Y,0.8155,pathogenic
V229A,0.1835,benign
V229C,0.6804,pathogenic
V229D,0.4096,ambiguous
V229E,0.2572,benign
V229F,0.2047,benign
V229G,0.3108,benign
V229H,0.5912,pathogenic
V229I,0.0797,benign
V229K,0.3998,ambiguous
V229L,0.2785,benign
V229M,0.1419,benign
V229N,0.3593,ambiguous
V229P,0.8711,pathogenic
V229Q,0.3611,ambiguous
V229R,0.3723,ambiguous
V229S,0.2739,benign
V229T,0.1617,benign
V229W,0.7702,pathogenic
V229Y,0.5625,ambiguous
D230A,0.193,benign
D230C,0.6234,pathogenic
D230E,0.401,ambiguous
D230F,0.7103,pathogenic
D230G,0.2027,benign
D230H,0.4314,ambiguous
D230I,0.5735,pathogenic
D230K,0.6587,pathogenic
D230L,0.5442,ambiguous
D230M,0.8095,pathogenic
D230N,0.1389,benign
D230P,0.493,ambiguous
D230Q,0.612,pathogenic
D230R,0.6225,pathogenic
D230S,0.1557,benign
D230T,0.3999,ambiguous
D230V,0.3912,ambiguous
D230W,0.9288,pathogenic
D230Y,0.2959,benign
Y231A,0.936,pathogenic
Y231C,0.4848,ambiguous
Y231D,0.9308,pathogenic
Y231E,0.9863,pathogenic
Y231F,0.0714,benign
Y231G,0.9219,pathogenic
Y231H,0.7765,pathogenic
Y231I,0.7457,pathogenic
Y231K,0.9842,pathogenic
Y231L,0.6359,pathogenic
Y231M,0.846,pathogenic
Y231N,0.8112,pathogenic
Y231P,0.9824,pathogenic
Y231Q,0.9753,pathogenic
Y231R,0.9662,pathogenic
Y231S,0.8171,pathogenic
Y231T,0.9324,pathogenic
Y231V,0.7077,pathogenic
Y231W,0.6194,pathogenic
P232A,0.549,ambiguous
P232C,0.8992,pathogenic
P232D,0.9581,pathogenic
P232E,0.8557,pathogenic
P232F,0.9253,pathogenic
P232G,0.9187,pathogenic
P232H,0.7694,pathogenic
P232I,0.7132,pathogenic
P232K,0.8415,pathogenic
P232L,0.4072,ambiguous
P232M,0.8297,pathogenic
P232N,0.9601,pathogenic
P232Q,0.7545,pathogenic
P232R,0.681,pathogenic
P232S,0.7871,pathogenic
P232T,0.6532,pathogenic
P232V,0.6514,pathogenic
P232W,0.9528,pathogenic
P232Y,0.9095,pathogenic
R233A,0.6762,pathogenic
R233C,0.1835,benign
R233D,0.9223,pathogenic
R233E,0.5485,ambiguous
R233F,0.7936,pathogenic
R233G,0.5405,ambiguous
R233H,0.2176,benign
R233I,0.4917,ambiguous
R233K,0.1765,benign
R233L,0.4611,ambiguous
R233M,0.5313,ambiguous
R233N,0.8783,pathogenic
R233P,0.9187,pathogenic
R233Q,0.1652,benign
R233S,0.8025,pathogenic
R233T,0.4644,ambiguous
R233V,0.5321,ambiguous
R233W,0.3228,benign
R233Y,0.6341,pathogenic
D234A,0.1497,benign
D234C,0.2441,benign
D234E,0.1697,benign
D234F,0.3984,ambiguous
D234G,0.1127,benign
D234H,0.1409,benign
D234I,0.2604,benign
D234K,0.1844,benign
D234L,0.1856,benign
D234M,0.3261,benign
D234N,0.0608,benign
D234P,0.6472,pathogenic
D234Q,0.2243,benign
D234R,0.2017,benign
D234S,0.0898,benign
D234T,0.1441,benign
D234V,0.184,benign
D234W,0.636,pathogenic
D234Y,0.1285,benign
E235A,0.085,benign
E235C,0.3928,ambiguous
E235D,0.0868,benign
E235F,0.4075,ambiguous
E235G,0.0663,benign
E235H,0.1959,benign
E235I,0.1639,benign
E235K,0.0595,benign
E235L,0.194,benign
E235M,0.2049,benign
E235N,0.1164,benign
E235P,0.2437,benign
E235Q,0.0875,benign
E235R,0.091,benign
E235S,0.0936,benign
E235T,0.1018,benign
E235V,0.1201,benign
E235W,0.5101,ambiguous
E235Y,0.2784,benign
N236A,0.109,benign
N236C,0.1101,benign
N236D,0.0684,benign
N236E,0.1269,benign
N236F,0.2147,benign
N236G,0.1343,benign
N236H,0.07,benign
N236I,0.1132,benign
N236K,0.0848,benign
N236L,0.125,benign
N236M,0.1477,benign
N236P,0.5862,pathogenic
N236Q,0.1235,benign
N236R,0.0979,benign
N236S,0.0655,benign
N236T,0.0815,benign
N236V,0.1256,benign
N236W,0.3388,benign
N236Y,0.0768,benign
G237A,0.2156,benign
G237C,0.2274,benign
G237D,0.1075,benign
G237E,0.1503,benign
G237F,0.621,pathogenic
G237H,0.2722,benign
G237I,0.5297,ambiguous
G237K,0.2433,benign
G237L,0.5117,ambiguous
G237M,0.5248,ambiguous
G237N,0.1816,benign
G237P,0.9319,pathogenic
G237Q,0.2139,benign
G237R,0.176,benign
G237S,0.1111,benign
G237T,0.2791,benign
G237V,0.4062,ambiguous
G237W,0.3883,ambiguous
G237Y,0.3669,ambiguous
E238A,0.1478,benign
E238C,0.5815,pathogenic
E238D,0.0956,benign
E238F,0.5406,ambiguous
E238G,0.1276,benign
E238H,0.2686,benign
E238I,0.2739,benign
E238K,0.1037,benign
E238L,0.3027,benign
E238M,0.3466,ambiguous
E238N,0.1291,benign
E238P,0.8068,pathogenic
E238Q,0.1134,benign
E238R,0.1546,benign
E238S,0.1551,benign
E238T,0.189,benign
E238V,0.1828,benign
E238W,0.7192,pathogenic
E238Y,0.3533,ambiguous
I239A,0.2509,benign
I239C,0.6619,pathogenic
I239D,0.7927,pathogenic
I239E,0.725,pathogenic
I239F,0.2162,benign
I239G,0.6592,pathogenic
I239H,0.7155,pathogenic
I239K,0.5599,ambiguous
I239L,0.1055,benign
I239M,0.1018,benign
I239N,0.4201,ambiguous
I239P,0.3132,benign
I239Q,0.6335,pathogenic
I239R,0.4253,ambiguous
I239S,0.3852,ambiguous
I239T,0.1893,benign
I239V,0.0793,benign
I239W,0.777,pathogenic
I239Y,0.5776,pathogenic
A240C,0.2152,benign
A240D,0.1505,benign
A240E,0.1386,benign
A240F,0.1909,benign
A240G,0.1056,benign
A240H,0.234,benign
A240I,0.1215,benign
A240K,0.1824,benign
A240L,0.0985,benign
A240M,0.1221,benign
A240N,0.1397,benign
A240P,0.3357,benign
A240Q,0.1962,benign
A240R,0.1624,benign
A240S,0.0768,benign
A240T,0.0604,benign
A240V,0.0905,benign
A240W,0.4489,ambiguous
A240Y,0.2337,benign
A241C,0.6457,pathogenic
A241D,0.9064,pathogenic
A241E,0.9179,pathogenic
A241F,0.8119,pathogenic
A241G,0.1035,benign
A241H,0.9331,pathogenic
A241I,0.8532,pathogenic
A241K,0.966,pathogenic
A241L,0.7322,pathogenic
A241M,0.7564,pathogenic
A241N,0.8743,pathogenic
A241P,0.8284,pathogenic
A241Q,0.9109,pathogenic
A241R,0.9152,pathogenic
A241S,0.1722,benign
A241T,0.3838,ambiguous
A241V,0.5512,ambiguous
A241W,0.9634,pathogenic
A241Y,0.8784,pathogenic
I242A,0.2199,benign
I242C,0.4179,ambiguous
I242D,0.7167,pathogenic
I242E,0.6815,pathogenic
I242F,0.1023,benign
I242G,0.4539,ambiguous
I242H,0.5558,ambiguous
I242K,0.565,pathogenic
I242L,0.0785,benign
I242M,0.0735,benign
I242N,0.3136,benign
I242P,0.8098,pathogenic
I242Q,0.5345,ambiguous
I242R,0.4413,ambiguous
I242S,0.25,benign
I242T,0.1767,benign
I242V,0.052,benign
I242W,0.7003,pathogenic
I242Y,0.3827,ambiguous
I243A,0.8955,pathogenic
I243C,0.9202,pathogenic
I243D,0.9963,pathogenic
I243E,0.9912,pathogenic
I243F,0.7164,pathogenic
I243G,0.9816,pathogenic
I243H,0.9853,pathogenic
I243K,0.9825,pathogenic
I243L,0.2993,benign
I243M,0.463,ambiguous
I243N,0.9352,pathogenic
I243P,0.8976,pathogenic
I243Q,0.9827,pathogenic
I243R,0.9706,pathogenic
I243S,0.908,pathogenic
I243T,0.8219,pathogenic
I243V,0.1065,benign
I243W,0.9926,pathogenic
I243Y,0.9741,pathogenic
H244A,0.7157,pathogenic
H244C,0.4285,ambiguous
H244D,0.6637,pathogenic
H244E,0.9022,pathogenic
H244F,0.7938,pathogenic
H244G,0.8777,pathogenic
H244I,0.8978,pathogenic
H244K,0.9569,pathogenic
H244L,0.5381,ambiguous
H244M,0.9394,pathogenic
H244N,0.3899,ambiguous
H244P,0.4165,ambiguous
H244Q,0.8605,pathogenic
H244R,0.83,pathogenic
H244S,0.5063,ambiguous
H244T,0.8786,pathogenic
H244V,0.8841,pathogenic
H244W,0.8611,pathogenic
H244Y,0.3258,benign
P245A,0.1128,benign
P245C,0.3359,benign
P245D,0.4023,ambiguous
P245E,0.1806,benign
P245F,0.5127,ambiguous
P245G,0.2952,benign
P245H,0.1442,benign
P245I,0.3861,ambiguous
P245K,0.1734,benign
P245L,0.1693,benign
P245M,0.3589,ambiguous
P245N,0.3066,benign
P245Q,0.1226,benign
P245R,0.1228,benign
P245S,0.1276,benign
P245T,0.1238,benign
P245V,0.2797,benign
P245W,0.5118,ambiguous
P245Y,0.3907,ambiguous
N246A,0.0854,benign
N246C,0.1122,benign
N246D,0.0587,benign
N246E,0.1109,benign
N246F,0.2161,benign
N246G,0.1305,benign
N246H,0.0623,benign
N246I,0.1088,benign
N246K,0.0828,benign
N246L,0.1045,benign
N246M,0.1611,benign
N246P,0.5778,pathogenic
N246Q,0.1037,benign
N246R,0.1006,benign
N246S,0.0583,benign
N246T,0.0801,benign
N246V,0.0966,benign
N246W,0.4491,ambiguous
N246Y,0.0848,benign
L247A,0.8009,pathogenic
L247C,0.6988,pathogenic
L247D,0.9903,pathogenic
L247E,0.9315,pathogenic
L247F,0.3071,benign
L247G,0.9402,pathogenic
L247H,0.7179,pathogenic
L247I,0.1121,benign
L247K,0.7409,pathogenic
L247M,0.2687,benign
L247N,0.9343,pathogenic
L247P,0.9772,pathogenic
L247Q,0.6461,pathogenic
L247R,0.4073,ambiguous
L247S,0.9021,pathogenic
L247T,0.734,pathogenic
L247V,0.144,benign
L247W,0.6571,pathogenic
L247Y,0.7768,pathogenic
Q248A,0.5915,pathogenic
Q248C,0.9588,pathogenic
Q248D,0.8811,pathogenic
Q248E,0.1756,benign
Q248F,0.9687,pathogenic
Q248G,0.6981,pathogenic
Q248H,0.912,pathogenic
Q248I,0.7627,pathogenic
Q248K,0.6559,pathogenic
Q248L,0.4706,ambiguous
Q248M,0.6557,pathogenic
Q248N,0.8322,pathogenic
Q248P,0.8063,pathogenic
Q248R,0.6722,pathogenic
Q248S,0.7173,pathogenic
Q248T,0.7115,pathogenic
Q248V,0.6847,pathogenic
Q248W,0.9706,pathogenic
Q248Y,0.9687,pathogenic
D249A,0.7495,pathogenic
D249C,0.9006,pathogenic
D249E,0.7673,pathogenic
D249F,0.8576,pathogenic
D249G,0.2688,benign
D249H,0.849,pathogenic
D249I,0.9483,pathogenic
D249K,0.9341,pathogenic
D249L,0.9002,pathogenic
D249M,0.9664,pathogenic
D249N,0.4253,ambiguous
D249P,0.9892,pathogenic
D249Q,0.8988,pathogenic
D249R,0.9098,pathogenic
D249S,0.5703,pathogenic
D249T,0.9104,pathogenic
D249V,0.831,pathogenic
D249W,0.9738,pathogenic
D249Y,0.477,ambiguous
Q250A,0.187,benign
Q250C,0.3061,benign
Q250D,0.3618,ambiguous
Q250E,0.085,benign
Q250F,0.6619,pathogenic
Q250G,0.1553,benign
Q250H,0.1941,benign
Q250I,0.4513,ambiguous
Q250K,0.079,benign
Q250L,0.157,benign
Q250M,0.3498,ambiguous
Q250N,0.2218,benign
Q250P,0.8117,pathogenic
Q250R,0.067,benign
Q250S,0.2319,benign
Q250T,0.2176,benign
Q250V,0.3077,benign
Q250W,0.473,ambiguous
Q250Y,0.3873,ambiguous
D251A,0.956,pathogenic
D251C,0.9863,pathogenic
D251E,0.9614,pathogenic
D251F,0.9964,pathogenic
D251G,0.927,pathogenic
D251H,0.9866,pathogenic
D251I,0.9849,pathogenic
D251K,0.9915,pathogenic
D251L,0.987,pathogenic
D251M,0.9972,pathogenic
D251N,0.8713,pathogenic
D251P,0.9938,pathogenic
D251Q,0.992,pathogenic
D251R,0.989,pathogenic
D251S,0.9353,pathogenic
D251T,0.9794,pathogenic
D251V,0.95,pathogenic
D251W,0.999,pathogenic
D251Y,0.9485,pathogenic
W252A,0.987,pathogenic
W252C,0.9805,pathogenic
W252D,0.9968,pathogenic
W252E,0.997,pathogenic
W252F,0.4819,ambiguous
W252G,0.877,pathogenic
W252H,0.9858,pathogenic
W252I,0.9861,pathogenic
W252K,0.9974,pathogenic
W252L,0.9237,pathogenic
W252M,0.9813,pathogenic
W252N,0.9953,pathogenic
W252P,0.9978,pathogenic
W252Q,0.9974,pathogenic
W252R,0.9926,pathogenic
W252S,0.974,pathogenic
W252T,0.9909,pathogenic
W252V,0.9827,pathogenic
W252Y,0.718,pathogenic
K253A,0.2656,benign
K253C,0.3582,ambiguous
K253D,0.5119,ambiguous
K253E,0.1025,benign
K253F,0.4432,ambiguous
K253G,0.4031,ambiguous
K253H,0.1952,benign
K253I,0.1473,benign
K253L,0.1573,benign
K253M,0.1112,benign
K253N,0.2641,benign
K253P,0.9104,pathogenic
K253Q,0.0794,benign
K253R,0.0839,benign
K253S,0.3003,benign
K253T,0.1363,benign
K253V,0.1457,benign
K253W,0.6218,pathogenic
K253Y,0.3578,ambiguous
P254A,0.0687,benign
P254C,0.3086,benign
P254D,0.505,ambiguous
P254E,0.1727,benign
P254F,0.4188,ambiguous
P254G,0.3563,ambiguous
P254H,0.2337,benign
P254I,0.1851,benign
P254K,0.2084,benign
P254L,0.0979,benign
P254M,0.2168,benign
P254N,0.4198,ambiguous
P254Q,0.1371,benign
P254R,0.151,benign
P254S,0.1624,benign
P254T,0.1282,benign
P254V,0.1344,benign
P254W,0.5823,pathogenic
P254Y,0.4038,ambiguous
L255A,0.6683,pathogenic
L255C,0.6812,pathogenic
L255D,0.9915,pathogenic
L255E,0.9268,pathogenic
L255F,0.3921,ambiguous
L255G,0.9195,pathogenic
L255H,0.8282,pathogenic
L255I,0.1096,benign
L255K,0.8679,pathogenic
L255M,0.2271,benign
L255N,0.9528,pathogenic
L255P,0.954,pathogenic
L255Q,0.6941,pathogenic
L255R,0.7269,pathogenic
L255S,0.8399,pathogenic
L255T,0.7188,pathogenic
L255V,0.1164,benign
L255W,0.7554,pathogenic
L255Y,0.8152,pathogenic
H256A,0.1401,benign
H256C,0.0767,benign
H256D,0.1316,benign
H256E,0.1499,benign
H256F,0.1667,benign
H256G,0.1645,benign
H256I,0.1382,benign
H256K,0.105,benign
H256L,0.0744,benign
H256M,0.2515,benign
H256N,0.0678,benign
H256P,0.183,benign
H256Q,0.0918,benign
H256R,0.0653,benign
H256S,0.1055,benign
H256T,0.1331,benign
H256V,0.1245,benign
H256W,0.2686,benign
H256Y,0.0693,benign
P257A,0.0717,benign
P257C,0.218,benign
P257D,0.3007,benign
P257E,0.1783,benign
P257F,0.2962,benign
P257G,0.2226,benign
P257H,0.1218,benign
P257I,0.175,benign
P257K,0.1598,benign
P257L,0.0925,benign
P257M,0.2272,benign
P257N,0.2072,benign
P257Q,0.1162,benign
P257R,0.0955,benign
P257S,0.1024,benign
P257T,0.092,benign
P257V,0.1344,benign
P257W,0.4132,ambiguous
P257Y,0.2582,benign
G258A,0.2073,benign
G258C,0.2745,benign
G258D,0.1514,benign
G258E,0.1627,benign
G258F,0.6547,pathogenic
G258H,0.3374,benign
G258I,0.5401,ambiguous
G258K,0.2467,benign
G258L,0.5303,ambiguous
G258M,0.5343,ambiguous
G258N,0.2086,benign
G258P,0.8909,pathogenic
G258Q,0.2359,benign
G258R,0.2061,benign
G258S,0.1291,benign
G258T,0.2252,benign
G258V,0.3896,ambiguous
G258W,0.4714,ambiguous
G258Y,0.4662,ambiguous
D259A,0.1543,benign
D259C,0.4353,ambiguous
D259E,0.1599,benign
D259F,0.4272,ambiguous
D259G,0.2556,benign
D259H,0.1994,benign
D259I,0.3612,ambiguous
D259K,0.3233,benign
D259L,0.4004,ambiguous
D259M,0.4501,ambiguous
D259N,0.1028,benign
D259P,0.9295,pathogenic
D259Q,0.2241,benign
D259R,0.39,ambiguous
D259S,0.1009,benign
D259T,0.2477,benign
D259V,0.2202,benign
D259W,0.849,pathogenic
D259Y,0.1462,benign
P260A,0.0802,benign
P260C,0.3535,ambiguous
P260D,0.4486,ambiguous
P260E,0.277,benign
P260F,0.533,ambiguous
P260G,0.3445,ambiguous
P260H,0.2449,benign
P260I,0.426,ambiguous
P260K,0.3429,ambiguous
P260L,0.164,benign
P260M,0.3915,ambiguous
P260N,0.4034,ambiguous
P260Q,0.2156,benign
P260R,0.2083,benign
P260S,0.1355,benign
P260T,0.1569,benign
P260V,0.2923,benign
P260W,0.6779,pathogenic
P260Y,0.4867,ambiguous
M261A,0.1391,benign
M261C,0.4669,ambiguous
M261D,0.825,pathogenic
M261E,0.501,ambiguous
M261F,0.3658,ambiguous
M261G,0.4473,ambiguous
M261H,0.6583,pathogenic
M261I,0.1041,benign
M261K,0.3434,ambiguous
M261L,0.1154,benign
M261N,0.5556,ambiguous
M261P,0.783,pathogenic
M261Q,0.3287,benign
M261R,0.3246,benign
M261S,0.2373,benign
M261T,0.1379,benign
M261V,0.046,benign
M261W,0.8076,pathogenic
M261Y,0.6257,pathogenic
F262A,0.9833,pathogenic
F262C,0.9446,pathogenic
F262D,0.9956,pathogenic
F262E,0.9963,pathogenic
F262G,0.986,pathogenic
F262H,0.9746,pathogenic
F262I,0.8734,pathogenic
F262K,0.9961,pathogenic
F262L,0.9699,pathogenic
F262M,0.9333,pathogenic
F262N,0.9874,pathogenic
F262P,0.9988,pathogenic
F262Q,0.9943,pathogenic
F262R,0.9898,pathogenic
F262S,0.9785,pathogenic
F262T,0.989,pathogenic
F262V,0.8936,pathogenic
F262W,0.8621,pathogenic
F262Y,0.5405,ambiguous
L263A,0.26,benign
L263C,0.3318,benign
L263D,0.7463,pathogenic
L263E,0.288,benign
L263F,0.1206,benign
L263G,0.5881,pathogenic
L263H,0.2069,benign
L263I,0.0662,benign
L263K,0.2247,benign
L263M,0.0939,benign
L263N,0.5022,ambiguous
L263P,0.8607,pathogenic
L263Q,0.1197,benign
L263R,0.1549,benign
L263S,0.2608,benign
L263T,0.2045,benign
L263V,0.0712,benign
L263W,0.1964,benign
L263Y,0.2688,benign
T264A,0.0952,benign
T264C,0.2673,benign
T264D,0.1903,benign
T264E,0.2742,benign
T264F,0.2406,benign
T264G,0.1606,benign
T264H,0.1806,benign
T264I,0.3332,benign
T264K,0.158,benign
T264L,0.0964,benign
T264M,0.0934,benign
T264N,0.0989,benign
T264P,0.2564,benign
T264Q,0.1884,benign
T264R,0.1287,benign
T264S,0.0844,benign
T264V,0.263,benign
T264W,0.5267,ambiguous
T264Y,0.2255,benign
L265A,0.2062,benign
L265C,0.3751,ambiguous
L265D,0.6595,pathogenic
L265E,0.3758,ambiguous
L265F,0.0899,benign
L265G,0.4207,ambiguous
L265H,0.2203,benign
L265I,0.0883,benign
L265K,0.2333,benign
L265M,0.103,benign
L265N,0.4244,ambiguous
L265P,0.1773,benign
L265Q,0.1841,benign
L265R,0.1491,benign
L265S,0.2656,benign
L265T,0.1744,benign
L265V,0.0919,benign
L265W,0.1424,benign
L265Y,0.2801,benign
D266A,0.1176,benign
D266C,0.3072,benign
D266E,0.1313,benign
D266F,0.4558,ambiguous
D266G,0.0964,benign
D266H,0.1589,benign
D266I,0.3645,ambiguous
D266K,0.2446,benign
D266L,0.3047,benign
D266M,0.5134,ambiguous
D266N,0.0956,benign
D266P,0.5899,pathogenic
D266Q,0.206,benign
D266R,0.2214,benign
D266S,0.0943,benign
D266T,0.1817,benign
D266V,0.2166,benign
D266W,0.6909,pathogenic
D266Y,0.1517,benign
G267A,0.4023,ambiguous
G267C,0.3992,ambiguous
G267D,0.235,benign
G267E,0.2641,benign
G267F,0.8318,pathogenic
G267H,0.4496,ambiguous
G267I,0.8235,pathogenic
G267K,0.3432,ambiguous
G267L,0.7737,pathogenic
G267M,0.7685,pathogenic
G267N,0.3117,benign
G267P,0.9785,pathogenic
G267Q,0.3203,benign
G267R,0.2431,benign
G267S,0.1722,benign
G267T,0.4869,ambiguous
G267V,0.7339,pathogenic
G267W,0.5744,pathogenic
G267Y,0.6085,pathogenic
K268A,0.1832,benign
K268C,0.3638,ambiguous
K268D,0.1955,benign
K268E,0.0691,benign
K268F,0.4394,ambiguous
K268G,0.2247,benign
K268H,0.1745,benign
K268I,0.172,benign
K268L,0.1883,benign
K268M,0.1291,benign
K268N,0.1336,benign
K268P,0.787,pathogenic
K268Q,0.0835,benign
K268R,0.0751,benign
K268S,0.1671,benign
K268T,0.1061,benign
K268V,0.1569,benign
K268W,0.5523,ambiguous
K268Y,0.3195,benign
T269A,0.0753,benign
T269C,0.2616,benign
T269D,0.1687,benign
T269E,0.1277,benign
T269F,0.1605,benign
T269G,0.2211,benign
T269H,0.1819,benign
T269I,0.0782,benign
T269K,0.1461,benign
T269L,0.0789,benign
T269M,0.0782,benign
T269N,0.0859,benign
T269P,0.1008,benign
T269Q,0.1563,benign
T269R,0.1209,benign
T269S,0.099,benign
T269V,0.0756,benign
T269W,0.4654,ambiguous
T269Y,0.1787,benign
I270A,0.4083,ambiguous
I270C,0.6162,pathogenic
I270D,0.6391,pathogenic
I270E,0.4451,ambiguous
I270F,0.1157,benign
I270G,0.6998,pathogenic
I270H,0.3969,ambiguous
I270K,0.2984,benign
I270L,0.0857,benign
I270M,0.1063,benign
I270N,0.3047,benign
I270P,0.8479,pathogenic
I270Q,0.368,ambiguous
I270R,0.2304,benign
I270S,0.3444,ambiguous
I270T,0.2898,benign
I270V,0.078,benign
I270W,0.6582,pathogenic
I270Y,0.3581,ambiguous
P271A,0.0644,benign
P271C,0.1554,benign
P271D,0.2118,benign
P271E,0.1519,benign
P271F,0.1482,benign
P271G,0.16,benign
P271H,0.0988,benign
P271I,0.1313,benign
P271K,0.1496,benign
P271L,0.0691,benign
P271M,0.1789,benign
P271N,0.1599,benign
P271Q,0.104,benign
P271R,0.0957,benign
P271S,0.0771,benign
P271T,0.0765,benign
P271V,0.1095,benign
P271W,0.2783,benign
P271Y,0.1468,benign
L272A,0.1764,benign
L272C,0.2964,benign
L272D,0.5429,ambiguous
L272E,0.3266,benign
L272F,0.0609,benign
L272G,0.3507,ambiguous
L272H,0.1594,benign
L272I,0.096,benign
L272K,0.3528,ambiguous
L272M,0.1163,benign
L272N,0.3468,ambiguous
L272P,0.319,benign
L272Q,0.1933,benign
L272R,0.2335,benign
L272S,0.1791,benign
L272T,0.1751,benign
L272V,0.0894,benign
L272W,0.1168,benign
L272Y,0.1428,benign
G273A,0.0688,benign
G273C,0.0917,benign
G273D,0.065,benign
G273E,0.0661,benign
G273F,0.217,benign
G273H,0.1206,benign
G273I,0.1078,benign
G273K,0.1057,benign
G273L,0.1419,benign
G273M,0.2125,benign
G273N,0.1124,benign
G273P,0.2354,benign
G273Q,0.0992,benign
G273R,0.084,benign
G273S,0.0737,benign
G273T,0.0834,benign
G273V,0.0808,benign
G273W,0.1943,benign
G273Y,0.1287,benign
G274A,0.1118,benign
G274C,0.1486,benign
G274D,0.0936,benign
G274E,0.1074,benign
G274F,0.3777,ambiguous
G274H,0.2166,benign
G274I,0.199,benign
G274K,0.1739,benign
G274L,0.2851,benign
G274M,0.3128,benign
G274N,0.1676,benign
G274P,0.5462,ambiguous
G274Q,0.1808,benign
G274R,0.1381,benign
G274S,0.0818,benign
G274T,0.1121,benign
G274V,0.1458,benign
G274W,0.2872,benign
G274Y,0.2493,benign
D275A,0.1057,benign
D275C,0.267,benign
D275E,0.1038,benign
D275F,0.2966,benign
D275G,0.0899,benign
D275H,0.1294,benign
D275I,0.1764,benign
D275K,0.1501,benign
D275L,0.2112,benign
D275M,0.3705,ambiguous
D275N,0.0767,benign
D275P,0.2725,benign
D275Q,0.1654,benign
D275R,0.1596,benign
D275S,0.083,benign
D275T,0.1281,benign
D275V,0.1267,benign
D275W,0.6497,pathogenic
D275Y,0.1225,benign
C276A,0.0999,benign
C276D,0.0774,benign
C276E,0.1577,benign
C276F,0.0619,benign
C276G,0.0517,benign
C276H,0.0877,benign
C276I,0.1475,benign
C276K,0.1565,benign
C276L,0.141,benign
C276M,0.2558,benign
C276N,0.0789,benign
C276P,0.3517,ambiguous
C276Q,0.1226,benign
C276R,0.0762,benign
C276S,0.0564,benign
C276T,0.0959,benign
C276V,0.1329,benign
C276W,0.1663,benign
C276Y,0.067,benign
T277A,0.0776,benign
T277C,0.3171,benign
T277D,0.2521,benign
T277E,0.1851,benign
T277F,0.2269,benign
T277G,0.2781,benign
T277H,0.2409,benign
T277I,0.078,benign
T277K,0.1724,benign
T277L,0.0869,benign
T277M,0.0842,benign
T277N,0.1412,benign
T277P,0.0808,benign
T277Q,0.1972,benign
T277R,0.1422,benign
T277S,0.1279,benign
T277V,0.0767,benign
T277W,0.5835,pathogenic
T277Y,0.2831,benign
V278A,0.2359,benign
V278C,0.7335,pathogenic
V278D,0.608,pathogenic
V278E,0.4796,ambiguous
V278F,0.1908,benign
V278G,0.3473,ambiguous
V278H,0.7509,pathogenic
V278I,0.0799,benign
V278K,0.6455,pathogenic
V278L,0.2305,benign
V278M,0.143,benign
V278N,0.5107,ambiguous
V278P,0.8423,pathogenic
V278Q,0.5469,ambiguous
V278R,0.5607,ambiguous
V278S,0.3055,benign
V278T,0.207,benign
V278W,0.8335,pathogenic
V278Y,0.6007,pathogenic
Y279A,0.8729,pathogenic
Y279C,0.2899,benign
Y279D,0.8713,pathogenic
Y279E,0.944,pathogenic
Y279F,0.0865,benign
Y279G,0.9114,pathogenic
Y279H,0.2529,benign
Y279I,0.5804,pathogenic
Y279K,0.9508,pathogenic
Y279L,0.7409,pathogenic
Y279M,0.793,pathogenic
Y279N,0.5239,ambiguous
Y279P,0.9733,pathogenic
Y279Q,0.8454,pathogenic
Y279R,0.8524,pathogenic
Y279S,0.5509,ambiguous
Y279T,0.7843,pathogenic
Y279V,0.5808,pathogenic
Y279W,0.3171,benign
P280A,0.2478,benign
P280C,0.8047,pathogenic
P280D,0.9918,pathogenic
P280E,0.9748,pathogenic
P280F,0.9765,pathogenic
P280G,0.7663,pathogenic
P280H,0.9381,pathogenic
P280I,0.8376,pathogenic
P280K,0.9828,pathogenic
P280L,0.499,ambiguous
P280M,0.8982,pathogenic
P280N,0.9725,pathogenic
P280Q,0.9369,pathogenic
P280R,0.932,pathogenic
P280S,0.6176,pathogenic
P280T,0.4679,ambiguous
P280V,0.6538,pathogenic
P280W,0.9888,pathogenic
P280Y,0.9778,pathogenic
V281A,0.2655,benign
V281C,0.788,pathogenic
V281D,0.9634,pathogenic
V281E,0.9576,pathogenic
V281F,0.7592,pathogenic
V281G,0.5197,ambiguous
V281H,0.9817,pathogenic
V281I,0.1173,benign
V281K,0.9779,pathogenic
V281L,0.4475,ambiguous
V281M,0.468,ambiguous
V281N,0.8422,pathogenic
V281P,0.9674,pathogenic
V281Q,0.9523,pathogenic
V281R,0.9543,pathogenic
V281S,0.5221,ambiguous
V281T,0.2559,benign
V281W,0.9943,pathogenic
V281Y,0.9685,pathogenic
F282A,0.9845,pathogenic
F282C,0.9753,pathogenic
F282D,0.9968,pathogenic
F282E,0.9972,pathogenic
F282G,0.9916,pathogenic
F282H,0.984,pathogenic
F282I,0.9769,pathogenic
F282K,0.9969,pathogenic
F282L,0.9958,pathogenic
F282M,0.98,pathogenic
F282N,0.9945,pathogenic
F282P,0.9993,pathogenic
F282Q,0.9962,pathogenic
F282R,0.9879,pathogenic
F282S,0.9827,pathogenic
F282T,0.992,pathogenic
F282V,0.9762,pathogenic
F282W,0.899,pathogenic
F282Y,0.8643,pathogenic
V283A,0.8182,pathogenic
V283C,0.9168,pathogenic
V283D,0.9854,pathogenic
V283E,0.9669,pathogenic
V283F,0.8657,pathogenic
V283G,0.8746,pathogenic
V283H,0.9917,pathogenic
V283I,0.0719,benign
V283K,0.9787,pathogenic
V283L,0.5453,ambiguous
V283M,0.6685,pathogenic
V283N,0.9504,pathogenic
V283P,0.9372,pathogenic
V283Q,0.9684,pathogenic
V283R,0.9644,pathogenic
V283S,0.8755,pathogenic
V283T,0.7755,pathogenic
V283W,0.9938,pathogenic
V283Y,0.9825,pathogenic
N284A,0.9189,pathogenic
N284C,0.8131,pathogenic
N284D,0.867,pathogenic
N284E,0.986,pathogenic
N284F,0.9923,pathogenic
N284G,0.5956,pathogenic
N284H,0.8651,pathogenic
N284I,0.987,pathogenic
N284K,0.9868,pathogenic
N284L,0.9428,pathogenic
N284M,0.9682,pathogenic
N284P,0.9879,pathogenic
N284Q,0.9742,pathogenic
N284R,0.9786,pathogenic
N284S,0.3576,ambiguous
N284T,0.9366,pathogenic
N284V,0.9807,pathogenic
N284W,0.9952,pathogenic
N284Y,0.9206,pathogenic
E285A,0.9876,pathogenic
E285C,0.998,pathogenic
E285D,0.9945,pathogenic
E285F,0.9998,pathogenic
E285G,0.9812,pathogenic
E285H,0.9979,pathogenic
E285I,0.9988,pathogenic
E285K,0.9675,pathogenic
E285L,0.999,pathogenic
E285M,0.9981,pathogenic
E285N,0.998,pathogenic
E285P,0.9994,pathogenic
E285Q,0.9793,pathogenic
E285R,0.9869,pathogenic
E285S,0.9945,pathogenic
E285T,0.9968,pathogenic
E285V,0.9959,pathogenic
E285W,0.9999,pathogenic
E285Y,0.9994,pathogenic
A286C,0.8005,pathogenic
A286D,0.9581,pathogenic
A286E,0.9431,pathogenic
A286F,0.9468,pathogenic
A286G,0.2756,benign
A286H,0.9759,pathogenic
A286I,0.9068,pathogenic
A286K,0.9868,pathogenic
A286L,0.8798,pathogenic
A286M,0.843,pathogenic
A286N,0.9245,pathogenic
A286P,0.9502,pathogenic
A286Q,0.9301,pathogenic
A286R,0.963,pathogenic
A286S,0.2056,benign
A286T,0.6192,pathogenic
A286V,0.6197,pathogenic
A286W,0.9925,pathogenic
A286Y,0.9724,pathogenic
A287C,0.8783,pathogenic
A287D,0.9743,pathogenic
A287E,0.9777,pathogenic
A287F,0.9561,pathogenic
A287G,0.5832,pathogenic
A287H,0.9783,pathogenic
A287I,0.9743,pathogenic
A287K,0.9935,pathogenic
A287L,0.9125,pathogenic
A287M,0.9459,pathogenic
A287N,0.9561,pathogenic
A287P,0.9637,pathogenic
A287Q,0.9626,pathogenic
A287R,0.971,pathogenic
A287S,0.2037,benign
A287T,0.7745,pathogenic
A287V,0.9036,pathogenic
A287W,0.9909,pathogenic
A287Y,0.9766,pathogenic
Y288A,0.9595,pathogenic
Y288C,0.7796,pathogenic
Y288D,0.9521,pathogenic
Y288E,0.994,pathogenic
Y288F,0.4707,ambiguous
Y288G,0.8977,pathogenic
Y288H,0.9718,pathogenic
Y288I,0.969,pathogenic
Y288K,0.9924,pathogenic
Y288L,0.8629,pathogenic
Y288M,0.9732,pathogenic
Y288N,0.9052,pathogenic
Y288P,0.9857,pathogenic
Y288Q,0.9927,pathogenic
Y288R,0.9641,pathogenic
Y288S,0.8458,pathogenic
Y288T,0.968,pathogenic
Y288V,0.9146,pathogenic
Y288W,0.8286,pathogenic
Y289A,0.7923,pathogenic
Y289C,0.315,benign
Y289D,0.7983,pathogenic
Y289E,0.9059,pathogenic
Y289F,0.1791,benign
Y289G,0.7046,pathogenic
Y289H,0.5919,pathogenic
Y289I,0.6212,pathogenic
Y289K,0.8961,pathogenic
Y289L,0.4793,ambiguous
Y289M,0.738,pathogenic
Y289N,0.6205,pathogenic
Y289P,0.9584,pathogenic
Y289Q,0.8217,pathogenic
Y289R,0.7247,pathogenic
Y289S,0.5855,pathogenic
Y289T,0.7923,pathogenic
Y289V,0.4853,ambiguous
Y289W,0.5768,pathogenic
E290A,0.7898,pathogenic
E290C,0.9668,pathogenic
E290D,0.7988,pathogenic
E290F,0.9839,pathogenic
E290G,0.631,pathogenic
E290H,0.9226,pathogenic
E290I,0.9509,pathogenic
E290K,0.6784,pathogenic
E290L,0.9413,pathogenic
E290M,0.96,pathogenic
E290N,0.9234,pathogenic
E290P,0.9344,pathogenic
E290Q,0.5526,ambiguous
E290R,0.7321,pathogenic
E290S,0.8353,pathogenic
E290T,0.9003,pathogenic
E290V,0.885,pathogenic
E290W,0.9926,pathogenic
E290Y,0.9644,pathogenic
K291A,0.9066,pathogenic
K291C,0.9577,pathogenic
K291D,0.9335,pathogenic
K291E,0.7637,pathogenic
K291F,0.9822,pathogenic
K291G,0.8668,pathogenic
K291H,0.8012,pathogenic
K291I,0.9404,pathogenic
K291L,0.8725,pathogenic
K291M,0.8027,pathogenic
K291N,0.8644,pathogenic
K291P,0.9865,pathogenic
K291Q,0.5924,pathogenic
K291R,0.2155,benign
K291S,0.9084,pathogenic
K291T,0.8253,pathogenic
K291V,0.9234,pathogenic
K291W,0.9698,pathogenic
K291Y,0.9342,pathogenic
K292A,0.2734,benign
K292C,0.4396,ambiguous
K292D,0.2774,benign
K292E,0.1076,benign
K292F,0.6533,pathogenic
K292G,0.1381,benign
K292H,0.1978,benign
K292I,0.5709,pathogenic
K292L,0.3562,ambiguous
K292M,0.2053,benign
K292N,0.1717,benign
K292P,0.8582,pathogenic
K292Q,0.0959,benign
K292R,0.0808,benign
K292S,0.2486,benign
K292T,0.2286,benign
K292V,0.4782,ambiguous
K292W,0.6347,pathogenic
K292Y,0.4119,ambiguous
E293A,0.2438,benign
E293C,0.8302,pathogenic
E293D,0.6373,pathogenic
E293F,0.84,pathogenic
E293G,0.4422,ambiguous
E293H,0.7719,pathogenic
E293I,0.3029,benign
E293K,0.4653,ambiguous
E293L,0.4767,ambiguous
E293M,0.4703,ambiguous
E293N,0.6594,pathogenic
E293P,0.9758,pathogenic
E293Q,0.2027,benign
E293R,0.6057,pathogenic
E293S,0.4769,ambiguous
E293T,0.3404,ambiguous
E293V,0.1943,benign
E293W,0.9475,pathogenic
E293Y,0.7651,pathogenic
A294C,0.9366,pathogenic
A294D,0.9848,pathogenic
A294E,0.9875,pathogenic
A294F,0.9771,pathogenic
A294G,0.4268,ambiguous
A294H,0.9947,pathogenic
A294I,0.9539,pathogenic
A294K,0.9958,pathogenic
A294L,0.9023,pathogenic
A294M,0.9551,pathogenic
A294N,0.9824,pathogenic
A294P,0.9664,pathogenic
A294Q,0.986,pathogenic
A294R,0.9809,pathogenic
A294S,0.5221,ambiguous
A294T,0.8733,pathogenic
A294V,0.8521,pathogenic
A294W,0.9975,pathogenic
A294Y,0.9837,pathogenic
F295A,0.9366,pathogenic
F295C,0.6746,pathogenic
F295D,0.997,pathogenic
F295E,0.9978,pathogenic
F295G,0.9699,pathogenic
F295H,0.9757,pathogenic
F295I,0.7904,pathogenic
F295K,0.9973,pathogenic
F295L,0.9341,pathogenic
F295M,0.7741,pathogenic
F295N,0.9863,pathogenic
F295P,0.999,pathogenic
F295Q,0.9927,pathogenic
F295R,0.9898,pathogenic
F295S,0.9281,pathogenic
F295T,0.9502,pathogenic
F295V,0.6571,pathogenic
F295W,0.8467,pathogenic
F295Y,0.599,pathogenic
A296C,0.3851,ambiguous
A296D,0.8587,pathogenic
A296E,0.7338,pathogenic
A296F,0.5061,ambiguous
A296G,0.2865,benign
A296H,0.7322,pathogenic
A296I,0.3675,ambiguous
A296K,0.8794,pathogenic
A296L,0.338,benign
A296M,0.4723,ambiguous
A296N,0.6965,pathogenic
A296P,0.9313,pathogenic
A296Q,0.6428,pathogenic
A296R,0.7609,pathogenic
A296S,0.1566,benign
A296T,0.1806,benign
A296V,0.1862,benign
A296W,0.8447,pathogenic
A296Y,0.6672,pathogenic
K297A,0.3064,benign
K297C,0.6208,pathogenic
K297D,0.883,pathogenic
K297E,0.2733,benign
K297F,0.7281,pathogenic
K297G,0.5717,pathogenic
K297H,0.5778,pathogenic
K297I,0.2422,benign
K297L,0.2082,benign
K297M,0.1541,benign
K297N,0.661,pathogenic
K297P,0.8633,pathogenic
K297Q,0.1797,benign
K297R,0.104,benign
K297S,0.5097,ambiguous
K297T,0.1171,benign
K297V,0.2048,benign
K297W,0.8272,pathogenic
K297Y,0.6775,pathogenic
T298A,0.1576,benign
T298C,0.554,ambiguous
T298D,0.9513,pathogenic
T298E,0.9438,pathogenic
T298F,0.944,pathogenic
T298G,0.3756,ambiguous
T298H,0.9392,pathogenic
T298I,0.9038,pathogenic
T298K,0.9492,pathogenic
T298L,0.6315,pathogenic
T298M,0.3397,benign
T298N,0.6885,pathogenic
T298P,0.9312,pathogenic
T298Q,0.9014,pathogenic
T298R,0.9349,pathogenic
T298S,0.2317,benign
T298V,0.6588,pathogenic
T298W,0.9914,pathogenic
T298Y,0.9607,pathogenic
T299A,0.0683,benign
T299C,0.2078,benign
T299D,0.2372,benign
T299E,0.1069,benign
T299F,0.1462,benign
T299G,0.2039,benign
T299H,0.1452,benign
T299I,0.0815,benign
T299K,0.0832,benign
T299L,0.0709,benign
T299M,0.0748,benign
T299N,0.1068,benign
T299P,0.4987,ambiguous
T299Q,0.1031,benign
T299R,0.0664,benign
T299S,0.0956,benign
T299V,0.0755,benign
T299W,0.3607,ambiguous
T299Y,0.1589,benign
K300A,0.3229,benign
K300C,0.5341,ambiguous
K300D,0.8375,pathogenic
K300E,0.2365,benign
K300F,0.6731,pathogenic
K300G,0.5787,pathogenic
K300H,0.3434,ambiguous
K300I,0.2296,benign
K300L,0.2331,benign
K300M,0.2004,benign
K300N,0.6298,pathogenic
K300P,0.6558,pathogenic
K300Q,0.1488,benign
K300R,0.0772,benign
K300S,0.5363,ambiguous
K300T,0.2412,benign
K300V,0.2092,benign
K300W,0.7595,pathogenic
K300Y,0.58,pathogenic
L301A,0.1624,benign
L301C,0.2394,benign
L301D,0.407,ambiguous
L301E,0.1331,benign
L301F,0.0823,benign
L301G,0.3678,ambiguous
L301H,0.1259,benign
L301I,0.0491,benign
L301K,0.1179,benign
L301M,0.0648,benign
L301N,0.2414,benign
L301P,0.8346,pathogenic
L301Q,0.0833,benign
L301R,0.1008,benign
L301S,0.1843,benign
L301T,0.107,benign
L301V,0.0527,benign
L301W,0.1427,benign
L301Y,0.1613,benign
T302A,0.0922,benign
T302C,0.2434,benign
T302D,0.2613,benign
T302E,0.1648,benign
T302F,0.1179,benign
T302G,0.2536,benign
T302H,0.1203,benign
T302I,0.0783,benign
T302K,0.0972,benign
T302L,0.066,benign
T302M,0.074,benign
T302N,0.0967,benign
T302P,0.1195,benign
T302Q,0.1178,benign
T302R,0.0782,benign
T302S,0.1025,benign
T302V,0.0876,benign
T302W,0.3448,ambiguous
T302Y,0.1298,benign
L303A,0.6473,pathogenic
L303C,0.6387,pathogenic
L303D,0.9747,pathogenic
L303E,0.8348,pathogenic
L303F,0.197,benign
L303G,0.8932,pathogenic
L303H,0.675,pathogenic
L303I,0.1056,benign
L303K,0.6944,pathogenic
L303M,0.1803,benign
L303N,0.9189,pathogenic
L303P,0.9204,pathogenic
L303Q,0.5987,pathogenic
L303R,0.5487,ambiguous
L303S,0.8326,pathogenic
L303T,0.6735,pathogenic
L303V,0.1054,benign
L303W,0.4385,ambiguous
L303Y,0.5508,ambiguous
N304A,0.1027,benign
N304C,0.1165,benign
N304D,0.0759,benign
N304E,0.1144,benign
N304F,0.2189,benign
N304G,0.1439,benign
N304H,0.0583,benign
N304I,0.1093,benign
N304K,0.0948,benign
N304L,0.1141,benign
N304M,0.1753,benign
N304P,0.1622,benign
N304Q,0.1205,benign
N304R,0.0995,benign
N304S,0.0633,benign
N304T,0.0648,benign
N304V,0.1105,benign
N304W,0.385,ambiguous
N304Y,0.0797,benign
A305C,0.5757,pathogenic
A305D,0.8812,pathogenic
A305E,0.8328,pathogenic
A305F,0.8,pathogenic
A305G,0.1816,benign
A305H,0.9072,pathogenic
A305I,0.6037,pathogenic
A305K,0.9259,pathogenic
A305L,0.6119,pathogenic
A305M,0.6963,pathogenic
A305N,0.8238,pathogenic
A305P,0.7215,pathogenic
A305Q,0.8353,pathogenic
A305R,0.8529,pathogenic
A305S,0.1678,benign
A305T,0.2217,benign
A305V,0.2972,benign
A305W,0.9567,pathogenic
A305Y,0.8716,pathogenic
K306A,0.1256,benign
K306C,0.4087,ambiguous
K306D,0.1264,benign
K306E,0.0633,benign
K306F,0.4794,ambiguous
K306G,0.1373,benign
K306H,0.1763,benign
K306I,0.2321,benign
K306L,0.2008,benign
K306M,0.1733,benign
K306N,0.1069,benign
K306P,0.1944,benign
K306Q,0.0856,benign
K306R,0.0759,benign
K306S,0.1182,benign
K306T,0.0862,benign
K306V,0.1834,benign
K306W,0.5652,pathogenic
K306Y,0.3366,benign
S307A,0.0715,benign
S307C,0.0865,benign
S307D,0.1571,benign
S307E,0.2157,benign
S307F,0.2223,benign
S307G,0.0507,benign
S307H,0.1676,benign
S307I,0.1729,benign
S307K,0.2666,benign
S307L,0.1691,benign
S307M,0.2364,benign
S307N,0.0828,benign
S307P,0.0977,benign
S307Q,0.241,benign
S307R,0.2079,benign
S307T,0.096,benign
S307V,0.1771,benign
S307W,0.2626,benign
S307Y,0.1447,benign
I308A,0.4089,ambiguous
I308C,0.6101,pathogenic
I308D,0.8129,pathogenic
I308E,0.7005,pathogenic
I308F,0.14,benign
I308G,0.6562,pathogenic
I308H,0.6113,pathogenic
I308K,0.5375,ambiguous
I308L,0.0681,benign
I308M,0.1126,benign
I308N,0.4415,ambiguous
I308P,0.6715,pathogenic
I308Q,0.5708,pathogenic
I308R,0.4174,ambiguous
I308S,0.4129,ambiguous
I308T,0.3593,ambiguous
I308V,0.072,benign
I308W,0.693,pathogenic
I308Y,0.4986,ambiguous
R309A,0.1621,benign
R309C,0.0937,benign
R309D,0.2464,benign
R309E,0.1806,benign
R309F,0.2313,benign
R309G,0.102,benign
R309H,0.0785,benign
R309I,0.1501,benign
R309K,0.0917,benign
R309L,0.1342,benign
R309M,0.242,benign
R309N,0.1838,benign
R309P,0.2828,benign
R309Q,0.0839,benign
R309S,0.1424,benign
R309T,0.1144,benign
R309V,0.1755,benign
R309W,0.1615,benign
R309Y,0.1557,benign
C310A,0.0966,benign
C310D,0.1685,benign
C310E,0.2716,benign
C310F,0.0888,benign
C310G,0.0592,benign
C310H,0.1201,benign
C310I,0.1608,benign
C310K,0.1912,benign
C310L,0.1505,benign
C310M,0.3067,benign
C310N,0.1093,benign
C310P,0.1197,benign
C310Q,0.1803,benign
C310R,0.0951,benign
C310S,0.0721,benign
C310T,0.1166,benign
C310V,0.1453,benign
C310W,0.1952,benign
C310Y,0.0768,benign
C311A,0.074,benign
C311D,0.0572,benign
C311E,0.1202,benign
C311F,0.0603,benign
C311G,0.0495,benign
C311H,0.0684,benign
C311I,0.0961,benign
C311K,0.1079,benign
C311L,0.09,benign
C311M,0.2021,benign
C311N,0.0593,benign
C311P,0.0681,benign
C311Q,0.0937,benign
C311R,0.0638,benign
C311S,0.0513,benign
C311T,0.0749,benign
C311V,0.0984,benign
C311W,0.1389,benign
C311Y,0.0598,benign
L312A,0.0669,benign
L312C,0.1176,benign
L312D,0.1027,benign
L312E,0.0851,benign
L312F,0.0537,benign
L312G,0.0957,benign
L312H,0.0599,benign
L312I,0.0599,benign
L312K,0.0682,benign
L312M,0.0855,benign
L312N,0.0706,benign
L312P,0.0563,benign
L312Q,0.0558,benign
L312R,0.0512,benign
L312S,0.0526,benign
L312T,0.0598,benign
L312V,0.0604,benign
L312W,0.0818,benign
L312Y,0.0987,benign
H313A,0.0911,benign
H313C,0.0804,benign
H313D,0.0603,benign
H313E,0.0942,benign
H313F,0.1491,benign
H313G,0.0887,benign
H313I,0.1626,benign
H313K,0.0941,benign
H313L,0.0908,benign
H313M,0.2646,benign
H313N,0.0565,benign
H313P,0.0575,benign
H313Q,0.0817,benign
H313R,0.0599,benign
H313S,0.0719,benign
H313T,0.0944,benign
H313V,0.1293,benign
H313W,0.1822,benign
H313Y,0.0652,benign
