protein_variant,am_pathogenicity,am_class
M1A,0.7696,pathogenic
M1C,0.7086,pathogenic
M1D,0.9945,pathogenic
M1E,0.9824,pathogenic
M1F,0.4046,ambiguous
M1G,0.8811,pathogenic
M1H,0.979,pathogenic
M1I,0.8189,pathogenic
M1K,0.9541,pathogenic
M1L,0.3388,benign
M1N,0.9618,pathogenic
M1P,0.9464,pathogenic
M1Q,0.9028,pathogenic
M1R,0.9545,pathogenic
M1S,0.8592,pathogenic
M1T,0.8282,pathogenic
M1V,0.2368,benign
M1W,0.9029,pathogenic
M1Y,0.9317,pathogenic
T2A,0.0499,benign
T2C,0.7281,pathogenic
T2D,0.8605,pathogenic
T2E,0.8412,pathogenic
T2F,0.7314,pathogenic
T2G,0.2205,benign
T2H,0.7465,pathogenic
T2I,0.8445,pathogenic
T2K,0.7785,pathogenic
T2L,0.5778,pathogenic
T2M,0.5258,ambiguous
T2N,0.4677,ambiguous
T2P,0.2732,benign
T2Q,0.6378,pathogenic
T2R,0.7058,pathogenic
T2S,0.1373,benign
T2V,0.5873,pathogenic
T2W,0.9374,pathogenic
T2Y,0.8415,pathogenic
A3C,0.6086,pathogenic
A3D,0.656,pathogenic
A3E,0.6854,pathogenic
A3F,0.6584,pathogenic
A3G,0.178,benign
A3H,0.6185,pathogenic
A3I,0.7683,pathogenic
A3K,0.7788,pathogenic
A3L,0.5973,pathogenic
A3M,0.6335,pathogenic
A3N,0.2951,benign
A3P,0.7497,pathogenic
A3Q,0.4883,ambiguous
A3R,0.6904,pathogenic
A3S,0.097,benign
A3T,0.1824,benign
A3V,0.486,ambiguous
A3W,0.8867,pathogenic
A3Y,0.7214,pathogenic
I4A,0.2139,benign
I4C,0.5453,ambiguous
I4D,0.9265,pathogenic
I4E,0.851,pathogenic
I4F,0.0703,benign
I4G,0.5597,ambiguous
I4H,0.5786,pathogenic
I4K,0.3626,ambiguous
I4L,0.0851,benign
I4M,0.086,benign
I4N,0.6037,pathogenic
I4P,0.7705,pathogenic
I4Q,0.5254,ambiguous
I4R,0.3065,benign
I4S,0.4729,ambiguous
I4T,0.3353,benign
I4V,0.0676,benign
I4W,0.4862,ambiguous
I4Y,0.3757,ambiguous
I5A,0.8866,pathogenic
I5C,0.9569,pathogenic
I5D,0.9994,pathogenic
I5E,0.9977,pathogenic
I5F,0.2708,benign
I5G,0.9846,pathogenic
I5H,0.9949,pathogenic
I5K,0.9911,pathogenic
I5L,0.1345,benign
I5M,0.3657,ambiguous
I5N,0.9964,pathogenic
I5P,0.9803,pathogenic
I5Q,0.9906,pathogenic
I5R,0.9751,pathogenic
I5S,0.983,pathogenic
I5T,0.9691,pathogenic
I5V,0.3498,ambiguous
I5W,0.9312,pathogenic
I5Y,0.9419,pathogenic
K6A,0.9886,pathogenic
K6C,0.996,pathogenic
K6D,0.9985,pathogenic
K6E,0.9903,pathogenic
K6F,0.9993,pathogenic
K6G,0.9858,pathogenic
K6H,0.9903,pathogenic
K6I,0.9975,pathogenic
K6L,0.9921,pathogenic
K6M,0.996,pathogenic
K6N,0.9988,pathogenic
K6P,0.9947,pathogenic
K6Q,0.9593,pathogenic
K6R,0.1927,benign
K6S,0.9972,pathogenic
K6T,0.9894,pathogenic
K6V,0.9959,pathogenic
K6W,0.9983,pathogenic
K6Y,0.9977,pathogenic
E7A,0.3666,ambiguous
E7C,0.9336,pathogenic
E7D,0.3682,ambiguous
E7F,0.9568,pathogenic
E7G,0.1898,benign
E7H,0.7958,pathogenic
E7I,0.8981,pathogenic
E7K,0.687,pathogenic
E7L,0.9047,pathogenic
E7M,0.8869,pathogenic
E7N,0.4584,ambiguous
E7P,0.9887,pathogenic
E7Q,0.31,benign
E7R,0.7174,pathogenic
E7S,0.3654,ambiguous
E7T,0.5112,ambiguous
E7V,0.6916,pathogenic
E7W,0.9789,pathogenic
E7Y,0.8908,pathogenic
I8A,0.4772,ambiguous
I8C,0.6291,pathogenic
I8D,0.9953,pathogenic
I8E,0.9838,pathogenic
I8F,0.0602,benign
I8G,0.903,pathogenic
I8H,0.9201,pathogenic
I8K,0.9264,pathogenic
I8L,0.106,benign
I8M,0.0648,benign
I8N,0.9365,pathogenic
I8P,0.9923,pathogenic
I8Q,0.9177,pathogenic
I8R,0.8409,pathogenic
I8S,0.8588,pathogenic
I8T,0.7007,pathogenic
I8V,0.1105,benign
I8W,0.5082,ambiguous
I8Y,0.466,ambiguous
V9A,0.9979,pathogenic
V9C,0.9983,pathogenic
V9D,0.9999,pathogenic
V9E,0.9997,pathogenic
V9F,0.9881,pathogenic
V9G,0.9953,pathogenic
V9H,0.9997,pathogenic
V9I,0.7603,pathogenic
V9K,0.9993,pathogenic
V9L,0.9975,pathogenic
V9M,0.9994,pathogenic
V9N,0.9997,pathogenic
V9P,0.9951,pathogenic
V9Q,0.9993,pathogenic
V9R,0.993,pathogenic
V9S,0.9969,pathogenic
V9T,0.9935,pathogenic
V9W,0.9995,pathogenic
V9Y,0.9989,pathogenic
S10A,0.8779,pathogenic
S10C,0.9948,pathogenic
S10D,0.9993,pathogenic
S10E,0.9977,pathogenic
S10F,0.9994,pathogenic
S10G,0.9544,pathogenic
S10H,0.999,pathogenic
S10I,0.9991,pathogenic
S10K,0.9997,pathogenic
S10L,0.9989,pathogenic
S10M,0.9993,pathogenic
S10N,0.9991,pathogenic
S10P,0.9991,pathogenic
S10Q,0.9977,pathogenic
S10R,0.9993,pathogenic
S10T,0.9859,pathogenic
S10V,0.9987,pathogenic
S10W,0.9982,pathogenic
S10Y,0.9988,pathogenic
R11A,0.9804,pathogenic
R11C,0.9611,pathogenic
R11D,0.9945,pathogenic
R11E,0.9731,pathogenic
R11F,0.9954,pathogenic
R11G,0.8159,pathogenic
R11H,0.9194,pathogenic
R11I,0.9947,pathogenic
R11K,0.3731,ambiguous
R11L,0.9411,pathogenic
R11M,0.9886,pathogenic
R11N,0.9931,pathogenic
R11P,0.9974,pathogenic
R11Q,0.7959,pathogenic
R11S,0.9925,pathogenic
R11T,0.9924,pathogenic
R11V,0.9929,pathogenic
R11W,0.9724,pathogenic
R11Y,0.9871,pathogenic
N12A,0.8407,pathogenic
N12C,0.7056,pathogenic
N12D,0.6543,pathogenic
N12E,0.7466,pathogenic
N12F,0.9694,pathogenic
N12G,0.7474,pathogenic
N12H,0.2792,benign
N12I,0.9727,pathogenic
N12K,0.5145,ambiguous
N12L,0.9271,pathogenic
N12M,0.9387,pathogenic
N12P,0.9913,pathogenic
N12Q,0.4764,ambiguous
N12R,0.515,ambiguous
N12S,0.4493,ambiguous
N12T,0.8218,pathogenic
N12V,0.9421,pathogenic
N12W,0.9791,pathogenic
N12Y,0.6836,pathogenic
K13A,0.9993,pathogenic
K13C,0.9996,pathogenic
K13D,0.9999,pathogenic
K13E,0.9997,pathogenic
K13F,1,pathogenic
K13G,0.999,pathogenic
K13H,0.9988,pathogenic
K13I,0.9996,pathogenic
K13L,0.9991,pathogenic
K13M,0.9997,pathogenic
K13N,0.9999,pathogenic
K13P,0.9987,pathogenic
K13Q,0.9992,pathogenic
K13R,0.6956,pathogenic
K13S,0.9999,pathogenic
K13T,0.9988,pathogenic
K13V,0.9994,pathogenic
K13W,0.9999,pathogenic
K13Y,0.9995,pathogenic
R14A,0.9947,pathogenic
R14C,0.9624,pathogenic
R14D,0.9979,pathogenic
R14E,0.9809,pathogenic
R14F,0.9924,pathogenic
R14G,0.9936,pathogenic
R14H,0.9092,pathogenic
R14I,0.8861,pathogenic
R14K,0.6688,pathogenic
R14L,0.9518,pathogenic
R14M,0.9865,pathogenic
R14N,0.9845,pathogenic
R14P,0.9993,pathogenic
R14Q,0.8721,pathogenic
R14S,0.9981,pathogenic
R14T,0.9912,pathogenic
R14V,0.9338,pathogenic
R14W,0.9705,pathogenic
R14Y,0.9764,pathogenic
R15A,0.9997,pathogenic
R15C,0.9995,pathogenic
R15D,0.9998,pathogenic
R15E,0.9983,pathogenic
R15F,0.9998,pathogenic
R15G,0.9994,pathogenic
R15H,0.9988,pathogenic
R15I,0.9995,pathogenic
R15K,0.9964,pathogenic
R15L,0.999,pathogenic
R15M,1,pathogenic
R15N,0.9998,pathogenic
R15P,0.9992,pathogenic
R15Q,0.9989,pathogenic
R15S,0.9999,pathogenic
R15T,0.9999,pathogenic
R15V,0.9995,pathogenic
R15W,0.9989,pathogenic
R15Y,0.9993,pathogenic
Y16A,0.9988,pathogenic
Y16C,0.9898,pathogenic
Y16D,0.9988,pathogenic
Y16E,0.9995,pathogenic
Y16F,0.1704,benign
Y16G,0.9967,pathogenic
Y16H,0.9914,pathogenic
Y16I,0.9915,pathogenic
Y16K,0.9991,pathogenic
Y16L,0.9669,pathogenic
Y16M,0.9941,pathogenic
Y16N,0.9952,pathogenic
Y16P,0.9997,pathogenic
Y16Q,0.9994,pathogenic
Y16R,0.9976,pathogenic
Y16S,0.9975,pathogenic
Y16T,0.9989,pathogenic
Y16V,0.9875,pathogenic
Y16W,0.9128,pathogenic
Q17A,0.742,pathogenic
Q17C,0.9514,pathogenic
Q17D,0.9881,pathogenic
Q17E,0.4333,ambiguous
Q17F,0.9904,pathogenic
Q17G,0.9256,pathogenic
Q17H,0.9434,pathogenic
Q17I,0.8008,pathogenic
Q17K,0.3608,ambiguous
Q17L,0.7928,pathogenic
Q17M,0.7266,pathogenic
Q17N,0.9457,pathogenic
Q17P,0.9946,pathogenic
Q17R,0.428,ambiguous
Q17S,0.8595,pathogenic
Q17T,0.4594,ambiguous
Q17V,0.5731,pathogenic
Q17W,0.992,pathogenic
Q17Y,0.99,pathogenic
E18A,0.7187,pathogenic
E18C,0.9819,pathogenic
E18D,0.5789,pathogenic
E18F,0.9933,pathogenic
E18G,0.7968,pathogenic
E18H,0.9694,pathogenic
E18I,0.9587,pathogenic
E18K,0.8717,pathogenic
E18L,0.964,pathogenic
E18M,0.9588,pathogenic
E18N,0.9332,pathogenic
E18P,0.9993,pathogenic
E18Q,0.5772,pathogenic
E18R,0.9014,pathogenic
E18S,0.8798,pathogenic
E18T,0.917,pathogenic
E18V,0.873,pathogenic
E18W,0.9981,pathogenic
E18Y,0.9853,pathogenic
D19A,0.9593,pathogenic
D19C,0.9955,pathogenic
D19E,0.8888,pathogenic
D19F,0.9928,pathogenic
D19G,0.7633,pathogenic
D19H,0.9891,pathogenic
D19I,0.9978,pathogenic
D19K,0.9934,pathogenic
D19L,0.9918,pathogenic
D19M,0.9969,pathogenic
D19N,0.8441,pathogenic
D19P,0.9984,pathogenic
D19Q,0.9886,pathogenic
D19R,0.9926,pathogenic
D19S,0.9491,pathogenic
D19T,0.9908,pathogenic
D19V,0.9893,pathogenic
D19W,0.9985,pathogenic
D19Y,0.9596,pathogenic
G20A,0.974,pathogenic
G20C,0.9917,pathogenic
G20D,0.9705,pathogenic
G20E,0.9908,pathogenic
G20F,0.9986,pathogenic
G20H,0.9972,pathogenic
G20I,0.9957,pathogenic
G20K,0.9972,pathogenic
G20L,0.9979,pathogenic
G20M,0.9985,pathogenic
G20N,0.9751,pathogenic
G20P,0.9994,pathogenic
G20Q,0.9944,pathogenic
G20R,0.9943,pathogenic
G20S,0.9268,pathogenic
G20T,0.9821,pathogenic
G20V,0.9934,pathogenic
G20W,0.9987,pathogenic
G20Y,0.9976,pathogenic
F21A,0.9997,pathogenic
F21C,0.9985,pathogenic
F21D,0.9998,pathogenic
F21E,0.9998,pathogenic
F21G,0.9995,pathogenic
F21H,0.9982,pathogenic
F21I,0.9975,pathogenic
F21K,0.9998,pathogenic
F21L,0.9998,pathogenic
F21M,0.9984,pathogenic
F21N,0.9993,pathogenic
F21P,1,pathogenic
F21Q,0.9997,pathogenic
F21R,0.9992,pathogenic
F21S,0.9998,pathogenic
F21T,0.9997,pathogenic
F21V,0.9967,pathogenic
F21W,0.9732,pathogenic
F21Y,0.7733,pathogenic
D22A,0.9959,pathogenic
D22C,0.9996,pathogenic
D22E,0.9972,pathogenic
D22F,0.9994,pathogenic
D22G,0.998,pathogenic
D22H,0.9976,pathogenic
D22I,0.9991,pathogenic
D22K,0.9997,pathogenic
D22L,0.9983,pathogenic
D22M,0.9999,pathogenic
D22N,0.8555,pathogenic
D22P,0.9995,pathogenic
D22Q,0.9992,pathogenic
D22R,0.9991,pathogenic
D22S,0.9807,pathogenic
D22T,0.998,pathogenic
D22V,0.9963,pathogenic
D22W,0.9999,pathogenic
D22Y,0.9937,pathogenic
L23A,0.9977,pathogenic
L23C,0.999,pathogenic
L23D,0.9999,pathogenic
L23E,0.9997,pathogenic
L23F,0.9991,pathogenic
L23G,0.9992,pathogenic
L23H,0.9999,pathogenic
L23I,0.9687,pathogenic
L23K,0.9993,pathogenic
L23M,0.9842,pathogenic
L23N,0.9998,pathogenic
L23P,1,pathogenic
L23Q,0.9999,pathogenic
L23R,0.9989,pathogenic
L23S,0.9999,pathogenic
L23T,0.9985,pathogenic
L23V,0.9813,pathogenic
L23W,0.9998,pathogenic
L23Y,0.9996,pathogenic
D24A,0.9997,pathogenic
D24C,1,pathogenic
D24E,0.9998,pathogenic
D24F,0.9999,pathogenic
D24G,0.9998,pathogenic
D24H,0.9999,pathogenic
D24I,1,pathogenic
D24K,0.9999,pathogenic
D24L,0.9998,pathogenic
D24M,1,pathogenic
D24N,0.9997,pathogenic
D24P,0.9996,pathogenic
D24Q,0.9999,pathogenic
D24R,0.9999,pathogenic
D24S,0.9996,pathogenic
D24T,1,pathogenic
D24V,0.9999,pathogenic
D24W,1,pathogenic
D24Y,0.9995,pathogenic
L25A,0.994,pathogenic
L25C,0.9959,pathogenic
L25D,1,pathogenic
L25E,0.9998,pathogenic
L25F,0.9978,pathogenic
L25G,0.9988,pathogenic
L25H,0.9999,pathogenic
L25I,0.9683,pathogenic
L25K,0.9996,pathogenic
L25M,0.9441,pathogenic
L25N,0.9998,pathogenic
L25P,1,pathogenic
L25Q,0.9998,pathogenic
L25R,0.9994,pathogenic
L25S,0.9998,pathogenic
L25T,0.9981,pathogenic
L25V,0.9728,pathogenic
L25W,0.9998,pathogenic
L25Y,0.9997,pathogenic
T26A,0.8225,pathogenic
T26C,0.9608,pathogenic
T26D,0.9974,pathogenic
T26E,0.9977,pathogenic
T26F,0.9976,pathogenic
T26G,0.9381,pathogenic
T26H,0.9934,pathogenic
T26I,0.999,pathogenic
T26K,0.9982,pathogenic
T26L,0.994,pathogenic
T26M,0.9934,pathogenic
T26N,0.9861,pathogenic
T26P,0.9965,pathogenic
T26Q,0.9934,pathogenic
T26R,0.9946,pathogenic
T26S,0.7697,pathogenic
T26V,0.9793,pathogenic
T26W,0.9995,pathogenic
T26Y,0.9978,pathogenic
Y27A,0.9966,pathogenic
Y27C,0.9817,pathogenic
Y27D,0.9937,pathogenic
Y27E,0.9989,pathogenic
Y27F,0.8094,pathogenic
Y27G,0.987,pathogenic
Y27H,0.9987,pathogenic
Y27I,0.9955,pathogenic
Y27K,0.9995,pathogenic
Y27L,0.9726,pathogenic
Y27M,0.9966,pathogenic
Y27N,0.9923,pathogenic
Y27P,0.9943,pathogenic
Y27Q,0.9995,pathogenic
Y27R,0.9975,pathogenic
Y27S,0.9872,pathogenic
Y27T,0.9967,pathogenic
Y27V,0.9754,pathogenic
Y27W,0.9574,pathogenic
I28A,0.9986,pathogenic
I28C,0.9994,pathogenic
I28D,1,pathogenic
I28E,0.9998,pathogenic
I28F,0.9989,pathogenic
I28G,0.9999,pathogenic
I28H,1,pathogenic
I28K,0.9999,pathogenic
I28L,0.9736,pathogenic
I28M,0.995,pathogenic
I28N,0.9998,pathogenic
I28P,0.9989,pathogenic
I28Q,0.9999,pathogenic
I28R,0.9997,pathogenic
I28S,0.9995,pathogenic
I28T,0.9989,pathogenic
I28V,0.5532,ambiguous
I28W,1,pathogenic
I28Y,0.9998,pathogenic
Y29A,0.7648,pathogenic
Y29C,0.2288,benign
Y29D,0.9094,pathogenic
Y29E,0.9485,pathogenic
Y29F,0.1535,benign
Y29G,0.8085,pathogenic
Y29H,0.5918,pathogenic
Y29I,0.8568,pathogenic
Y29K,0.9503,pathogenic
Y29L,0.6202,pathogenic
Y29M,0.7857,pathogenic
Y29N,0.7565,pathogenic
Y29P,0.9939,pathogenic
Y29Q,0.8826,pathogenic
Y29R,0.8945,pathogenic
Y29S,0.5122,ambiguous
Y29T,0.6402,pathogenic
Y29V,0.6879,pathogenic
Y29W,0.7115,pathogenic
P30A,0.8753,pathogenic
P30C,0.9912,pathogenic
P30D,0.8464,pathogenic
P30E,0.8236,pathogenic
P30F,0.9993,pathogenic
P30G,0.9202,pathogenic
P30H,0.8758,pathogenic
P30I,0.9987,pathogenic
P30K,0.9324,pathogenic
P30L,0.9839,pathogenic
P30M,0.9969,pathogenic
P30N,0.8969,pathogenic
P30Q,0.8285,pathogenic
P30R,0.8423,pathogenic
P30S,0.855,pathogenic
P30T,0.9428,pathogenic
P30V,0.9946,pathogenic
P30W,0.9975,pathogenic
P30Y,0.9951,pathogenic
N31A,0.8996,pathogenic
N31C,0.7921,pathogenic
N31D,0.769,pathogenic
N31E,0.9657,pathogenic
N31F,0.9923,pathogenic
N31G,0.7517,pathogenic
N31H,0.559,ambiguous
N31I,0.9929,pathogenic
N31K,0.9712,pathogenic
N31L,0.9825,pathogenic
N31M,0.9884,pathogenic
N31P,0.9876,pathogenic
N31Q,0.8831,pathogenic
N31R,0.8636,pathogenic
N31S,0.3467,ambiguous
N31T,0.8092,pathogenic
N31V,0.9727,pathogenic
N31W,0.9938,pathogenic
N31Y,0.9077,pathogenic
I32A,0.9982,pathogenic
I32C,0.9979,pathogenic
I32D,0.9999,pathogenic
I32E,0.9997,pathogenic
I32F,0.9947,pathogenic
I32G,0.9998,pathogenic
I32H,0.9999,pathogenic
I32K,0.9996,pathogenic
I32L,0.7199,pathogenic
I32M,0.9336,pathogenic
I32N,0.9995,pathogenic
I32P,0.9998,pathogenic
I32Q,0.9997,pathogenic
I32R,0.9994,pathogenic
I32S,0.9992,pathogenic
I32T,0.9971,pathogenic
I32V,0.3378,benign
I32W,0.9998,pathogenic
I32Y,0.9994,pathogenic
I33A,0.9942,pathogenic
I33C,0.9992,pathogenic
I33D,1,pathogenic
I33E,0.9999,pathogenic
I33F,0.9975,pathogenic
I33G,0.9999,pathogenic
I33H,1,pathogenic
I33K,0.9999,pathogenic
I33L,0.8466,pathogenic
I33M,0.9654,pathogenic
I33N,0.9999,pathogenic
I33P,0.9998,pathogenic
I33Q,0.9999,pathogenic
I33R,0.9997,pathogenic
I33S,0.9995,pathogenic
I33T,0.9984,pathogenic
I33V,0.6551,pathogenic
I33W,0.9999,pathogenic
I33Y,0.9998,pathogenic
A34C,0.9953,pathogenic
A34D,1,pathogenic
A34E,0.9999,pathogenic
A34F,0.9995,pathogenic
A34G,0.968,pathogenic
A34H,0.9999,pathogenic
A34I,0.9996,pathogenic
A34K,1,pathogenic
A34L,0.9969,pathogenic
A34M,0.9997,pathogenic
A34N,0.9999,pathogenic
A34P,0.9995,pathogenic
A34Q,0.9994,pathogenic
A34R,0.9993,pathogenic
A34S,0.9566,pathogenic
A34T,0.998,pathogenic
A34V,0.9986,pathogenic
A34W,1,pathogenic
A34Y,0.9999,pathogenic
M35A,0.9964,pathogenic
M35C,0.987,pathogenic
M35D,0.9999,pathogenic
M35E,0.9996,pathogenic
M35F,0.9783,pathogenic
M35G,0.9982,pathogenic
M35H,0.9996,pathogenic
M35I,0.9993,pathogenic
M35K,0.9996,pathogenic
M35L,0.9581,pathogenic
M35N,0.9991,pathogenic
M35P,1,pathogenic
M35Q,0.9966,pathogenic
M35R,0.9995,pathogenic
M35S,0.9962,pathogenic
M35T,0.9971,pathogenic
M35V,0.9682,pathogenic
M35W,0.9993,pathogenic
M35Y,0.9991,pathogenic
G36A,0.9867,pathogenic
G36C,0.9996,pathogenic
G36D,0.9998,pathogenic
G36E,0.9999,pathogenic
G36F,0.9999,pathogenic
G36H,1,pathogenic
G36I,0.9998,pathogenic
G36K,1,pathogenic
G36L,0.9998,pathogenic
G36M,0.9999,pathogenic
G36N,0.9999,pathogenic
G36P,0.9999,pathogenic
G36Q,1,pathogenic
G36R,0.9999,pathogenic
G36S,0.9952,pathogenic
G36T,0.9993,pathogenic
G36V,0.9995,pathogenic
G36W,0.9999,pathogenic
G36Y,0.9999,pathogenic
F37A,0.9994,pathogenic
F37C,0.9985,pathogenic
F37D,0.9999,pathogenic
F37E,0.9999,pathogenic
F37G,0.9997,pathogenic
F37H,0.9985,pathogenic
F37I,0.9986,pathogenic
F37K,0.9999,pathogenic
F37L,0.9998,pathogenic
F37M,0.999,pathogenic
F37N,0.9992,pathogenic
F37P,1,pathogenic
F37Q,0.9998,pathogenic
F37R,0.9995,pathogenic
F37S,0.9995,pathogenic
F37T,0.9998,pathogenic
F37V,0.9984,pathogenic
F37W,0.9827,pathogenic
F37Y,0.6323,pathogenic
P38A,0.998,pathogenic
P38C,0.9999,pathogenic
P38D,0.9999,pathogenic
P38E,0.9999,pathogenic
P38F,1,pathogenic
P38G,0.9996,pathogenic
P38H,0.9999,pathogenic
P38I,0.9999,pathogenic
P38K,0.9999,pathogenic
P38L,0.9992,pathogenic
P38M,1,pathogenic
P38N,1,pathogenic
P38Q,0.9999,pathogenic
P38R,0.9995,pathogenic
P38S,0.9998,pathogenic
P38T,0.9996,pathogenic
P38V,0.9996,pathogenic
P38W,1,pathogenic
P38Y,1,pathogenic
A39C,0.9947,pathogenic
A39D,0.9995,pathogenic
A39E,0.9991,pathogenic
A39F,0.999,pathogenic
A39G,0.8814,pathogenic
A39H,0.9993,pathogenic
A39I,0.9998,pathogenic
A39K,0.9998,pathogenic
A39L,0.9973,pathogenic
A39M,0.999,pathogenic
A39N,0.9992,pathogenic
A39P,0.9992,pathogenic
A39Q,0.9976,pathogenic
A39R,0.9974,pathogenic
A39S,0.5989,pathogenic
A39T,0.9959,pathogenic
A39V,0.9987,pathogenic
A39W,0.9998,pathogenic
A39Y,0.9995,pathogenic
E40A,0.6692,pathogenic
E40C,0.9764,pathogenic
E40D,0.2539,benign
E40F,0.9886,pathogenic
E40G,0.6236,pathogenic
E40H,0.948,pathogenic
E40I,0.9577,pathogenic
E40K,0.8949,pathogenic
E40L,0.9528,pathogenic
E40M,0.9602,pathogenic
E40N,0.799,pathogenic
E40P,0.9867,pathogenic
E40Q,0.5724,pathogenic
E40R,0.9101,pathogenic
E40S,0.6244,pathogenic
E40T,0.8429,pathogenic
E40V,0.8585,pathogenic
E40W,0.9954,pathogenic
E40Y,0.9789,pathogenic
R41A,0.8108,pathogenic
R41C,0.5751,pathogenic
R41D,0.8586,pathogenic
R41E,0.7848,pathogenic
R41F,0.9256,pathogenic
R41G,0.4551,ambiguous
R41H,0.2449,benign
R41I,0.8929,pathogenic
R41K,0.1488,benign
R41L,0.7524,pathogenic
R41M,0.7927,pathogenic
R41N,0.6838,pathogenic
R41P,0.964,pathogenic
R41Q,0.2658,benign
R41S,0.7452,pathogenic
R41T,0.6853,pathogenic
R41V,0.8739,pathogenic
R41W,0.6853,pathogenic
R41Y,0.7864,pathogenic
L42A,0.9497,pathogenic
L42C,0.9811,pathogenic
L42D,0.9995,pathogenic
L42E,0.9972,pathogenic
L42F,0.6423,pathogenic
L42G,0.9935,pathogenic
L42H,0.9945,pathogenic
L42I,0.3224,benign
L42K,0.9884,pathogenic
L42M,0.3799,ambiguous
L42N,0.9985,pathogenic
L42P,0.9799,pathogenic
L42Q,0.9903,pathogenic
L42R,0.9784,pathogenic
L42S,0.9963,pathogenic
L42T,0.9744,pathogenic
L42V,0.413,ambiguous
L42W,0.8463,pathogenic
L42Y,0.9716,pathogenic
E43A,0.9912,pathogenic
E43C,0.999,pathogenic
E43D,0.9982,pathogenic
E43F,0.9999,pathogenic
E43G,0.9917,pathogenic
E43H,0.9997,pathogenic
E43I,0.9995,pathogenic
E43K,0.9989,pathogenic
E43L,0.9994,pathogenic
E43M,0.9995,pathogenic
E43N,0.9998,pathogenic
E43P,0.9993,pathogenic
E43Q,0.9923,pathogenic
E43R,0.9975,pathogenic
E43S,0.9978,pathogenic
E43T,0.9981,pathogenic
E43V,0.9984,pathogenic
E43W,0.9998,pathogenic
E43Y,0.9997,pathogenic
G44A,0.5911,pathogenic
G44C,0.9895,pathogenic
G44D,0.9982,pathogenic
G44E,0.9975,pathogenic
G44F,0.9985,pathogenic
G44H,0.9989,pathogenic
G44I,0.9975,pathogenic
G44K,0.9977,pathogenic
G44L,0.9969,pathogenic
G44M,0.9954,pathogenic
G44N,0.9969,pathogenic
G44P,0.9999,pathogenic
G44Q,0.9951,pathogenic
G44R,0.9952,pathogenic
G44S,0.8329,pathogenic
G44T,0.9785,pathogenic
G44V,0.9921,pathogenic
G44W,0.998,pathogenic
G44Y,0.9974,pathogenic
V45A,0.9446,pathogenic
V45C,0.92,pathogenic
V45D,0.9989,pathogenic
V45E,0.9974,pathogenic
V45F,0.4977,ambiguous
V45G,0.9595,pathogenic
V45H,0.9943,pathogenic
V45I,0.1978,benign
V45K,0.9949,pathogenic
V45L,0.7439,pathogenic
V45M,0.7054,pathogenic
V45N,0.9948,pathogenic
V45P,0.9964,pathogenic
V45Q,0.9921,pathogenic
V45R,0.9825,pathogenic
V45S,0.9841,pathogenic
V45T,0.9665,pathogenic
V45W,0.971,pathogenic
V45Y,0.9221,pathogenic
Y46A,0.9988,pathogenic
Y46C,0.9919,pathogenic
Y46D,0.9999,pathogenic
Y46E,0.9999,pathogenic
Y46F,0.3438,ambiguous
Y46G,0.9971,pathogenic
Y46H,0.9993,pathogenic
Y46I,0.9704,pathogenic
Y46K,0.9998,pathogenic
Y46L,0.9616,pathogenic
Y46M,0.9932,pathogenic
Y46N,0.9995,pathogenic
Y46P,0.9986,pathogenic
Y46Q,0.9999,pathogenic
Y46R,0.9992,pathogenic
Y46S,0.9977,pathogenic
Y46T,0.9991,pathogenic
Y46V,0.9684,pathogenic
Y46W,0.8973,pathogenic
R47A,0.9999,pathogenic
R47C,0.9994,pathogenic
R47D,0.9999,pathogenic
R47E,0.9993,pathogenic
R47F,1,pathogenic
R47G,0.9997,pathogenic
R47H,0.9995,pathogenic
R47I,0.9999,pathogenic
R47K,0.998,pathogenic
R47L,0.9995,pathogenic
R47M,1,pathogenic
R47N,1,pathogenic
R47P,0.9999,pathogenic
R47Q,0.9993,pathogenic
R47S,1,pathogenic
R47T,1,pathogenic
R47V,0.9999,pathogenic
R47W,0.999,pathogenic
R47Y,0.9997,pathogenic
N48A,0.9998,pathogenic
N48C,0.9984,pathogenic
N48D,0.9998,pathogenic
N48E,0.9997,pathogenic
N48F,0.9999,pathogenic
N48G,0.9994,pathogenic
N48H,0.9996,pathogenic
N48I,0.9997,pathogenic
N48K,0.9999,pathogenic
N48L,0.9992,pathogenic
N48M,0.9998,pathogenic
N48P,0.9993,pathogenic
N48Q,0.9999,pathogenic
N48R,0.9998,pathogenic
N48S,0.9981,pathogenic
N48T,0.9992,pathogenic
N48V,0.9996,pathogenic
N48W,0.9999,pathogenic
N48Y,0.9991,pathogenic
N49A,0.8804,pathogenic
N49C,0.6697,pathogenic
N49D,0.7065,pathogenic
N49E,0.981,pathogenic
N49F,0.9821,pathogenic
N49G,0.8914,pathogenic
N49H,0.1633,benign
N49I,0.9768,pathogenic
N49K,0.9628,pathogenic
N49L,0.9382,pathogenic
N49M,0.9726,pathogenic
N49P,0.8544,pathogenic
N49Q,0.9121,pathogenic
N49R,0.9221,pathogenic
N49S,0.274,benign
N49T,0.8238,pathogenic
N49V,0.9513,pathogenic
N49W,0.9879,pathogenic
N49Y,0.8056,pathogenic
I50A,0.9255,pathogenic
I50C,0.995,pathogenic
I50D,0.9991,pathogenic
I50E,0.9941,pathogenic
I50F,0.8584,pathogenic
I50G,0.9957,pathogenic
I50H,0.9976,pathogenic
I50K,0.9846,pathogenic
I50L,0.5681,pathogenic
I50M,0.4359,ambiguous
I50N,0.9954,pathogenic
I50P,0.9904,pathogenic
I50Q,0.9901,pathogenic
I50R,0.9639,pathogenic
I50S,0.9796,pathogenic
I50T,0.9498,pathogenic
I50V,0.3794,ambiguous
I50W,0.9908,pathogenic
I50Y,0.9855,pathogenic
D51A,0.909,pathogenic
D51C,0.9926,pathogenic
D51E,0.6722,pathogenic
D51F,0.9919,pathogenic
D51G,0.8988,pathogenic
D51H,0.9601,pathogenic
D51I,0.9897,pathogenic
D51K,0.978,pathogenic
D51L,0.9776,pathogenic
D51M,0.9938,pathogenic
D51N,0.7099,pathogenic
D51P,0.9953,pathogenic
D51Q,0.9618,pathogenic
D51R,0.9755,pathogenic
D51S,0.8196,pathogenic
D51T,0.9354,pathogenic
D51V,0.9616,pathogenic
D51W,0.9977,pathogenic
D51Y,0.9568,pathogenic
D52A,0.9648,pathogenic
D52C,0.9982,pathogenic
D52E,0.7723,pathogenic
D52F,0.9987,pathogenic
D52G,0.9929,pathogenic
D52H,0.9909,pathogenic
D52I,0.998,pathogenic
D52K,0.9959,pathogenic
D52L,0.9966,pathogenic
D52M,0.9986,pathogenic
D52N,0.9624,pathogenic
D52P,0.9999,pathogenic
D52Q,0.9878,pathogenic
D52R,0.9969,pathogenic
D52S,0.9668,pathogenic
D52T,0.9885,pathogenic
D52V,0.99,pathogenic
D52W,0.9996,pathogenic
D52Y,0.9918,pathogenic
V53A,0.9956,pathogenic
V53C,0.9982,pathogenic
V53D,0.9997,pathogenic
V53E,0.9994,pathogenic
V53F,0.9993,pathogenic
V53G,0.9953,pathogenic
V53H,0.9999,pathogenic
V53I,0.7657,pathogenic
V53K,0.9997,pathogenic
V53L,0.999,pathogenic
V53M,0.9984,pathogenic
V53N,0.9993,pathogenic
V53P,0.9998,pathogenic
V53Q,0.9996,pathogenic
V53R,0.9988,pathogenic
V53S,0.997,pathogenic
V53T,0.9476,pathogenic
V53W,1,pathogenic
V53Y,0.9999,pathogenic
V54A,0.6946,pathogenic
V54C,0.8114,pathogenic
V54D,0.9906,pathogenic
V54E,0.9107,pathogenic
V54F,0.5919,pathogenic
V54G,0.7608,pathogenic
V54H,0.9451,pathogenic
V54I,0.2185,benign
V54K,0.9084,pathogenic
V54L,0.8134,pathogenic
V54M,0.6997,pathogenic
V54N,0.9189,pathogenic
V54P,0.9984,pathogenic
V54Q,0.7146,pathogenic
V54R,0.8028,pathogenic
V54S,0.6665,pathogenic
V54T,0.7512,pathogenic
V54W,0.9738,pathogenic
V54Y,0.8605,pathogenic
R55A,0.9654,pathogenic
R55C,0.8324,pathogenic
R55D,0.9821,pathogenic
R55E,0.9567,pathogenic
R55F,0.9909,pathogenic
R55G,0.9296,pathogenic
R55H,0.6576,pathogenic
R55I,0.9796,pathogenic
R55K,0.407,ambiguous
R55L,0.9219,pathogenic
R55M,0.9768,pathogenic
R55N,0.9668,pathogenic
R55P,0.9984,pathogenic
R55Q,0.6548,pathogenic
R55S,0.9723,pathogenic
R55T,0.9632,pathogenic
R55V,0.9762,pathogenic
R55W,0.9387,pathogenic
R55Y,0.9642,pathogenic
F56A,0.9992,pathogenic
F56C,0.9971,pathogenic
F56D,0.9999,pathogenic
F56E,0.9998,pathogenic
F56G,0.9993,pathogenic
F56H,0.9981,pathogenic
F56I,0.9965,pathogenic
F56K,0.9997,pathogenic
F56L,0.9906,pathogenic
F56M,0.9815,pathogenic
F56N,0.9997,pathogenic
F56P,1,pathogenic
F56Q,0.9996,pathogenic
F56R,0.9992,pathogenic
F56S,0.9999,pathogenic
F56T,0.9998,pathogenic
F56V,0.995,pathogenic
F56W,0.9936,pathogenic
F56Y,0.9232,pathogenic
L57A,0.9954,pathogenic
L57C,0.9909,pathogenic
L57D,1,pathogenic
L57E,0.9998,pathogenic
L57F,0.7744,pathogenic
L57G,0.9989,pathogenic
L57H,0.9989,pathogenic
L57I,0.9399,pathogenic
L57K,0.9993,pathogenic
L57M,0.6746,pathogenic
L57N,0.9998,pathogenic
L57P,0.9999,pathogenic
L57Q,0.999,pathogenic
L57R,0.9985,pathogenic
L57S,0.9996,pathogenic
L57T,0.9982,pathogenic
L57V,0.9644,pathogenic
L57W,0.9916,pathogenic
L57Y,0.9957,pathogenic
D58A,0.9437,pathogenic
D58C,0.9916,pathogenic
D58E,0.4619,ambiguous
D58F,0.9955,pathogenic
D58G,0.9366,pathogenic
D58H,0.9635,pathogenic
D58I,0.9921,pathogenic
D58K,0.9892,pathogenic
D58L,0.983,pathogenic
D58M,0.9954,pathogenic
D58N,0.5254,ambiguous
D58P,0.9994,pathogenic
D58Q,0.9441,pathogenic
D58R,0.9863,pathogenic
D58S,0.8467,pathogenic
D58T,0.9526,pathogenic
D58V,0.968,pathogenic
D58W,0.9989,pathogenic
D58Y,0.9711,pathogenic
S59A,0.1018,benign
S59C,0.1507,benign
S59D,0.7817,pathogenic
S59E,0.735,pathogenic
S59F,0.5413,ambiguous
S59G,0.1473,benign
S59H,0.611,pathogenic
S59I,0.5167,ambiguous
S59K,0.8848,pathogenic
S59L,0.1843,benign
S59M,0.2509,benign
S59N,0.3506,ambiguous
S59P,0.9965,pathogenic
S59Q,0.5922,pathogenic
S59R,0.8657,pathogenic
S59T,0.1086,benign
S59V,0.4472,ambiguous
S59W,0.7854,pathogenic
S59Y,0.549,ambiguous
K60A,0.9922,pathogenic
K60C,0.9671,pathogenic
K60D,0.9988,pathogenic
K60E,0.9834,pathogenic
K60F,0.9905,pathogenic
K60G,0.9941,pathogenic
K60H,0.7581,pathogenic
K60I,0.9855,pathogenic
K60L,0.9786,pathogenic
K60M,0.9579,pathogenic
K60N,0.9923,pathogenic
K60P,0.999,pathogenic
K60Q,0.8409,pathogenic
K60R,0.1375,benign
K60S,0.9953,pathogenic
K60T,0.9825,pathogenic
K60V,0.9649,pathogenic
K60W,0.9865,pathogenic
K60Y,0.9637,pathogenic
H61A,0.9997,pathogenic
H61C,0.9886,pathogenic
H61D,0.9996,pathogenic
H61E,0.9993,pathogenic
H61F,0.9942,pathogenic
H61G,0.9992,pathogenic
H61I,0.9998,pathogenic
H61K,0.9988,pathogenic
H61L,0.9971,pathogenic
H61M,0.9995,pathogenic
H61N,0.9977,pathogenic
H61P,0.9972,pathogenic
H61Q,0.999,pathogenic
H61R,0.9987,pathogenic
H61S,0.9996,pathogenic
H61T,0.9998,pathogenic
H61V,0.9997,pathogenic
H61W,0.9832,pathogenic
H61Y,0.9897,pathogenic
K62A,0.5344,ambiguous
K62C,0.6955,pathogenic
K62D,0.7842,pathogenic
K62E,0.3918,ambiguous
K62F,0.9327,pathogenic
K62G,0.4485,ambiguous
K62H,0.4024,ambiguous
K62I,0.7802,pathogenic
K62L,0.6788,pathogenic
K62M,0.6339,pathogenic
K62N,0.7052,pathogenic
K62P,0.5386,ambiguous
K62Q,0.1675,benign
K62R,0.079,benign
K62S,0.5721,pathogenic
K62T,0.5075,ambiguous
K62V,0.6739,pathogenic
K62W,0.8885,pathogenic
K62Y,0.8473,pathogenic
N63A,0.3196,benign
N63C,0.3027,benign
N63D,0.0971,benign
N63E,0.3651,ambiguous
N63F,0.5824,pathogenic
N63G,0.1677,benign
N63H,0.14,benign
N63I,0.6481,pathogenic
N63K,0.5388,ambiguous
N63L,0.4531,ambiguous
N63M,0.4682,ambiguous
N63P,0.9352,pathogenic
N63Q,0.3307,benign
N63R,0.5737,pathogenic
N63S,0.098,benign
N63T,0.2069,benign
N63V,0.5598,ambiguous
N63W,0.8122,pathogenic
N63Y,0.2824,benign
H64A,0.8253,pathogenic
H64C,0.3543,ambiguous
H64D,0.8233,pathogenic
H64E,0.8892,pathogenic
H64F,0.8742,pathogenic
H64G,0.8207,pathogenic
H64I,0.9781,pathogenic
H64K,0.626,pathogenic
H64L,0.8362,pathogenic
H64M,0.954,pathogenic
H64N,0.3609,ambiguous
H64P,0.9895,pathogenic
H64Q,0.5419,ambiguous
H64R,0.2947,benign
H64S,0.6578,pathogenic
H64T,0.8966,pathogenic
H64V,0.9486,pathogenic
H64W,0.932,pathogenic
H64Y,0.5657,pathogenic
Y65A,0.9973,pathogenic
Y65C,0.9369,pathogenic
Y65D,0.9993,pathogenic
Y65E,0.9997,pathogenic
Y65F,0.3928,ambiguous
Y65G,0.9889,pathogenic
Y65H,0.9945,pathogenic
Y65I,0.9914,pathogenic
Y65K,0.9996,pathogenic
Y65L,0.9867,pathogenic
Y65M,0.9971,pathogenic
Y65N,0.996,pathogenic
Y65P,0.9984,pathogenic
Y65Q,0.9994,pathogenic
Y65R,0.9973,pathogenic
Y65S,0.9913,pathogenic
Y65T,0.9972,pathogenic
Y65V,0.9673,pathogenic
Y65W,0.932,pathogenic
K66A,0.9934,pathogenic
K66C,0.9546,pathogenic
K66D,0.9995,pathogenic
K66E,0.9937,pathogenic
K66F,0.9858,pathogenic
K66G,0.9962,pathogenic
K66H,0.8728,pathogenic
K66I,0.9912,pathogenic
K66L,0.9592,pathogenic
K66M,0.9071,pathogenic
K66N,0.9979,pathogenic
K66P,0.9998,pathogenic
K66Q,0.8458,pathogenic
K66R,0.1623,benign
K66S,0.9968,pathogenic
K66T,0.988,pathogenic
K66V,0.9789,pathogenic
K66W,0.9893,pathogenic
K66Y,0.9566,pathogenic
I67A,0.9982,pathogenic
I67C,0.9984,pathogenic
I67D,0.9999,pathogenic
I67E,0.9998,pathogenic
I67F,0.997,pathogenic
I67G,0.9996,pathogenic
I67H,0.9999,pathogenic
I67K,0.9997,pathogenic
I67L,0.8604,pathogenic
I67M,0.9692,pathogenic
I67N,0.9993,pathogenic
I67P,0.9994,pathogenic
I67Q,0.9998,pathogenic
I67R,0.9995,pathogenic
I67S,0.9992,pathogenic
I67T,0.998,pathogenic
I67V,0.2433,benign
I67W,0.9999,pathogenic
I67Y,0.9996,pathogenic
Y68A,0.9995,pathogenic
Y68C,0.9913,pathogenic
Y68D,0.9999,pathogenic
Y68E,0.9999,pathogenic
Y68F,0.3873,ambiguous
Y68G,0.9982,pathogenic
Y68H,0.9987,pathogenic
Y68I,0.9918,pathogenic
Y68K,0.9999,pathogenic
Y68L,0.9799,pathogenic
Y68M,0.9986,pathogenic
Y68N,0.9992,pathogenic
Y68P,0.9994,pathogenic
Y68Q,0.9999,pathogenic
Y68R,0.9991,pathogenic
Y68S,0.9982,pathogenic
Y68T,0.9996,pathogenic
Y68V,0.9877,pathogenic
Y68W,0.8799,pathogenic
N69A,0.9981,pathogenic
N69C,0.9822,pathogenic
N69D,0.9949,pathogenic
N69E,0.9991,pathogenic
N69F,0.9991,pathogenic
N69G,0.9967,pathogenic
N69H,0.9836,pathogenic
N69I,0.9979,pathogenic
N69K,0.9997,pathogenic
N69L,0.995,pathogenic
N69M,0.9988,pathogenic
N69P,0.9988,pathogenic
N69Q,0.9983,pathogenic
N69R,0.9991,pathogenic
N69S,0.9302,pathogenic
N69T,0.9944,pathogenic
N69V,0.9972,pathogenic
N69W,0.9996,pathogenic
N69Y,0.9939,pathogenic
L70A,0.9959,pathogenic
L70C,0.9936,pathogenic
L70D,1,pathogenic
L70E,0.9997,pathogenic
L70F,0.9945,pathogenic
L70G,0.9987,pathogenic
L70H,0.9996,pathogenic
L70I,0.9714,pathogenic
L70K,0.9994,pathogenic
L70M,0.954,pathogenic
L70N,0.9994,pathogenic
L70P,1,pathogenic
L70Q,0.9996,pathogenic
L70R,0.9984,pathogenic
L70S,0.9997,pathogenic
L70T,0.9973,pathogenic
L70V,0.9669,pathogenic
L70W,0.9998,pathogenic
L70Y,0.9992,pathogenic
C71A,0.9971,pathogenic
C71D,0.9999,pathogenic
C71E,1,pathogenic
C71F,0.9992,pathogenic
C71G,0.9953,pathogenic
C71H,0.9998,pathogenic
C71I,0.9997,pathogenic
C71K,1,pathogenic
C71L,0.9984,pathogenic
C71M,0.9995,pathogenic
C71N,0.9997,pathogenic
C71P,0.9999,pathogenic
C71Q,0.9998,pathogenic
C71R,0.9992,pathogenic
C71S,0.9986,pathogenic
C71T,0.9987,pathogenic
C71V,0.9974,pathogenic
C71W,0.9998,pathogenic
C71Y,0.9998,pathogenic
A72C,0.8006,pathogenic
A72D,0.9573,pathogenic
A72E,0.9081,pathogenic
A72F,0.9067,pathogenic
A72G,0.6656,pathogenic
A72H,0.9158,pathogenic
A72I,0.8798,pathogenic
A72K,0.9636,pathogenic
A72L,0.6642,pathogenic
A72M,0.7767,pathogenic
A72N,0.8639,pathogenic
A72P,0.9817,pathogenic
A72Q,0.7841,pathogenic
A72R,0.9129,pathogenic
A72S,0.2162,benign
A72T,0.5788,pathogenic
A72V,0.7164,pathogenic
A72W,0.9785,pathogenic
A72Y,0.9367,pathogenic
E73A,0.9982,pathogenic
E73C,0.999,pathogenic
E73D,0.9983,pathogenic
E73F,0.9999,pathogenic
E73G,0.9914,pathogenic
E73H,0.9997,pathogenic
E73I,0.9998,pathogenic
E73K,0.999,pathogenic
E73L,0.9998,pathogenic
E73M,0.9999,pathogenic
E73N,0.9996,pathogenic
E73P,0.9993,pathogenic
E73Q,0.9961,pathogenic
E73R,0.998,pathogenic
E73S,0.9989,pathogenic
E73T,0.9994,pathogenic
E73V,0.9993,pathogenic
E73W,0.9999,pathogenic
E73Y,0.9998,pathogenic
R74A,0.9993,pathogenic
R74C,0.9963,pathogenic
R74D,0.9985,pathogenic
R74E,0.9952,pathogenic
R74F,0.9997,pathogenic
R74G,0.9965,pathogenic
R74H,0.9861,pathogenic
R74I,0.9988,pathogenic
R74K,0.9253,pathogenic
R74L,0.9973,pathogenic
R74M,0.9996,pathogenic
R74N,0.9984,pathogenic
R74P,0.9996,pathogenic
R74Q,0.9881,pathogenic
R74S,0.9996,pathogenic
R74T,0.9993,pathogenic
R74V,0.9988,pathogenic
R74W,0.9946,pathogenic
R74Y,0.9967,pathogenic
H75A,0.3089,benign
H75C,0.1777,benign
H75D,0.3377,benign
H75E,0.4463,ambiguous
H75F,0.3544,ambiguous
H75G,0.3291,benign
H75I,0.4142,ambiguous
H75K,0.3377,benign
H75L,0.2076,benign
H75M,0.4576,ambiguous
H75N,0.0792,benign
H75P,0.5751,pathogenic
H75Q,0.191,benign
H75R,0.1814,benign
H75S,0.1733,benign
H75T,0.2145,benign
H75V,0.3202,benign
H75W,0.6031,pathogenic
H75Y,0.1688,benign
Y76A,0.9988,pathogenic
Y76C,0.9944,pathogenic
Y76D,0.9983,pathogenic
Y76E,0.9996,pathogenic
Y76F,0.8724,pathogenic
Y76G,0.9891,pathogenic
Y76H,0.9991,pathogenic
Y76I,0.9948,pathogenic
Y76K,0.9995,pathogenic
Y76L,0.9712,pathogenic
Y76M,0.998,pathogenic
Y76N,0.9952,pathogenic
Y76P,0.9889,pathogenic
Y76Q,0.9998,pathogenic
Y76R,0.998,pathogenic
Y76S,0.9949,pathogenic
Y76T,0.9979,pathogenic
Y76V,0.9863,pathogenic
Y76W,0.9764,pathogenic
D77A,0.7393,pathogenic
D77C,0.9238,pathogenic
D77E,0.6404,pathogenic
D77F,0.991,pathogenic
D77G,0.8925,pathogenic
D77H,0.8693,pathogenic
D77I,0.9359,pathogenic
D77K,0.9566,pathogenic
D77L,0.9406,pathogenic
D77M,0.9828,pathogenic
D77N,0.2136,benign
D77P,0.9038,pathogenic
D77Q,0.8892,pathogenic
D77R,0.9527,pathogenic
D77S,0.4773,ambiguous
D77T,0.8883,pathogenic
D77V,0.8201,pathogenic
D77W,0.9979,pathogenic
D77Y,0.9168,pathogenic
T78A,0.0591,benign
T78C,0.2297,benign
T78D,0.4971,ambiguous
T78E,0.4078,ambiguous
T78F,0.3467,ambiguous
T78G,0.1581,benign
T78H,0.2842,benign
T78I,0.205,benign
T78K,0.3425,ambiguous
T78L,0.1419,benign
T78M,0.103,benign
T78N,0.1474,benign
T78P,0.0713,benign
T78Q,0.2755,benign
T78R,0.3121,benign
T78S,0.0945,benign
T78V,0.1291,benign
T78W,0.7062,pathogenic
T78Y,0.4012,ambiguous
A79C,0.2272,benign
A79D,0.2827,benign
A79E,0.2408,benign
A79F,0.3374,benign
A79G,0.1065,benign
A79H,0.2926,benign
A79I,0.2329,benign
A79K,0.3519,ambiguous
A79L,0.1415,benign
A79M,0.1596,benign
A79N,0.1306,benign
A79P,0.6891,pathogenic
A79Q,0.2143,benign
A79R,0.3322,benign
A79S,0.0668,benign
A79T,0.0682,benign
A79V,0.1276,benign
A79W,0.6606,pathogenic
A79Y,0.3669,ambiguous
K80A,0.9686,pathogenic
K80C,0.9666,pathogenic
K80D,0.9948,pathogenic
K80E,0.9812,pathogenic
K80F,0.9945,pathogenic
K80G,0.986,pathogenic
K80H,0.8436,pathogenic
K80I,0.9652,pathogenic
K80L,0.9296,pathogenic
K80M,0.9449,pathogenic
K80N,0.9876,pathogenic
K80P,0.988,pathogenic
K80Q,0.8508,pathogenic
K80R,0.1219,benign
K80S,0.9864,pathogenic
K80T,0.9466,pathogenic
K80V,0.9202,pathogenic
K80W,0.9903,pathogenic
K80Y,0.9757,pathogenic
F81A,0.9994,pathogenic
F81C,0.9992,pathogenic
F81D,0.9995,pathogenic
F81E,0.9995,pathogenic
F81G,0.9981,pathogenic
F81H,0.9984,pathogenic
F81I,0.9982,pathogenic
F81K,0.9995,pathogenic
F81L,0.9994,pathogenic
F81M,0.9972,pathogenic
F81N,0.9991,pathogenic
F81P,1,pathogenic
F81Q,0.9995,pathogenic
F81R,0.9986,pathogenic
F81S,0.9997,pathogenic
F81T,0.9996,pathogenic
F81V,0.9984,pathogenic
F81W,0.9791,pathogenic
F81Y,0.9663,pathogenic
N82A,0.1674,benign
N82C,0.1464,benign
N82D,0.1324,benign
N82E,0.3941,ambiguous
N82F,0.4846,ambiguous
N82G,0.1333,benign
N82H,0.0788,benign
N82I,0.492,ambiguous
N82K,0.4215,ambiguous
N82L,0.2834,benign
N82M,0.3855,ambiguous
N82P,0.84,pathogenic
N82Q,0.2365,benign
N82R,0.3952,ambiguous
N82S,0.0629,benign
N82T,0.1925,benign
N82V,0.4216,ambiguous
N82W,0.7371,pathogenic
N82Y,0.2016,benign
C83A,0.3059,benign
C83D,0.3633,ambiguous
C83E,0.4954,ambiguous
C83F,0.173,benign
C83G,0.0887,benign
C83H,0.2388,benign
C83I,0.6456,pathogenic
C83K,0.5266,ambiguous
C83L,0.3837,ambiguous
C83M,0.4742,ambiguous
C83N,0.1678,benign
C83P,0.9558,pathogenic
C83Q,0.2935,benign
C83R,0.2755,benign
C83S,0.1451,benign
C83T,0.3504,ambiguous
C83V,0.4928,ambiguous
C83W,0.4355,ambiguous
C83Y,0.1918,benign
R84A,0.6797,pathogenic
R84C,0.2266,benign
R84D,0.8884,pathogenic
R84E,0.5661,pathogenic
R84F,0.9282,pathogenic
R84G,0.6423,pathogenic
R84H,0.2355,benign
R84I,0.77,pathogenic
R84K,0.2109,benign
R84L,0.6073,pathogenic
R84M,0.6375,pathogenic
R84N,0.6792,pathogenic
R84P,0.9644,pathogenic
R84Q,0.0913,benign
R84S,0.7184,pathogenic
R84T,0.6446,pathogenic
R84V,0.7205,pathogenic
R84W,0.6643,pathogenic
R84Y,0.8258,pathogenic
V85A,0.9679,pathogenic
V85C,0.9884,pathogenic
V85D,0.9986,pathogenic
V85E,0.9967,pathogenic
V85F,0.9815,pathogenic
V85G,0.953,pathogenic
V85H,0.9983,pathogenic
V85I,0.5957,pathogenic
V85K,0.9975,pathogenic
V85L,0.9937,pathogenic
V85M,0.9903,pathogenic
V85N,0.9954,pathogenic
V85P,0.9965,pathogenic
V85Q,0.9958,pathogenic
V85R,0.9936,pathogenic
V85S,0.9766,pathogenic
V85T,0.9307,pathogenic
V85W,0.9992,pathogenic
V85Y,0.9955,pathogenic
A86C,0.7382,pathogenic
A86D,0.9788,pathogenic
A86E,0.9132,pathogenic
A86F,0.9267,pathogenic
A86G,0.559,ambiguous
A86H,0.946,pathogenic
A86I,0.906,pathogenic
A86K,0.9712,pathogenic
A86L,0.8643,pathogenic
A86M,0.8637,pathogenic
A86N,0.9365,pathogenic
A86P,0.9987,pathogenic
A86Q,0.7957,pathogenic
A86R,0.9087,pathogenic
A86S,0.2547,benign
A86T,0.6252,pathogenic
A86V,0.683,pathogenic
A86W,0.9937,pathogenic
A86Y,0.9685,pathogenic
Q87A,0.2307,benign
Q87C,0.6224,pathogenic
Q87D,0.6214,pathogenic
Q87E,0.119,benign
Q87F,0.8023,pathogenic
Q87G,0.4427,ambiguous
Q87H,0.302,benign
Q87I,0.471,ambiguous
Q87K,0.2506,benign
Q87L,0.2077,benign
Q87M,0.4148,ambiguous
Q87N,0.3247,benign
Q87P,0.467,ambiguous
Q87R,0.2477,benign
Q87S,0.2489,benign
Q87T,0.2037,benign
Q87V,0.28,benign
Q87W,0.82,pathogenic
Q87Y,0.6768,pathogenic
Y88A,0.9991,pathogenic
Y88C,0.9893,pathogenic
Y88D,0.9994,pathogenic
Y88E,0.9997,pathogenic
Y88F,0.1644,benign
Y88G,0.998,pathogenic
Y88H,0.9952,pathogenic
Y88I,0.9848,pathogenic
Y88K,0.9995,pathogenic
Y88L,0.9884,pathogenic
Y88M,0.995,pathogenic
Y88N,0.9962,pathogenic
Y88P,0.9996,pathogenic
Y88Q,0.9997,pathogenic
Y88R,0.9991,pathogenic
Y88S,0.9979,pathogenic
Y88T,0.9991,pathogenic
Y88V,0.9819,pathogenic
Y88W,0.943,pathogenic
P89A,0.7226,pathogenic
P89C,0.9871,pathogenic
P89D,0.9988,pathogenic
P89E,0.9975,pathogenic
P89F,0.9984,pathogenic
P89G,0.8997,pathogenic
P89H,0.9927,pathogenic
P89I,0.9985,pathogenic
P89K,0.9975,pathogenic
P89L,0.9865,pathogenic
P89M,0.9971,pathogenic
P89N,0.996,pathogenic
P89Q,0.9907,pathogenic
P89R,0.9868,pathogenic
P89S,0.9516,pathogenic
P89T,0.9867,pathogenic
P89V,0.9946,pathogenic
P89W,0.9993,pathogenic
P89Y,0.9975,pathogenic
F90A,0.9981,pathogenic
F90C,0.9984,pathogenic
F90D,0.9998,pathogenic
F90E,0.9997,pathogenic
F90G,0.9994,pathogenic
F90H,0.9995,pathogenic
F90I,0.99,pathogenic
F90K,0.9999,pathogenic
F90L,0.9996,pathogenic
F90M,0.9917,pathogenic
F90N,0.9997,pathogenic
F90P,0.9999,pathogenic
F90Q,0.9995,pathogenic
F90R,0.9995,pathogenic
F90S,0.9992,pathogenic
F90T,0.999,pathogenic
F90V,0.9913,pathogenic
F90W,0.9747,pathogenic
F90Y,0.9852,pathogenic
E91A,0.7986,pathogenic
E91C,0.9876,pathogenic
E91D,0.4769,ambiguous
E91F,0.9935,pathogenic
E91G,0.8854,pathogenic
E91H,0.973,pathogenic
E91I,0.9708,pathogenic
E91K,0.9278,pathogenic
E91L,0.9474,pathogenic
E91M,0.9735,pathogenic
E91N,0.9385,pathogenic
E91P,0.959,pathogenic
E91Q,0.7738,pathogenic
E91R,0.9379,pathogenic
E91S,0.8875,pathogenic
E91T,0.9411,pathogenic
E91V,0.9032,pathogenic
E91W,0.9972,pathogenic
E91Y,0.9877,pathogenic
D92A,0.9998,pathogenic
D92C,1,pathogenic
D92E,0.9997,pathogenic
D92F,1,pathogenic
D92G,0.9998,pathogenic
D92H,0.9999,pathogenic
D92I,1,pathogenic
D92K,0.9999,pathogenic
D92L,0.9999,pathogenic
D92M,1,pathogenic
D92N,0.9993,pathogenic
D92P,0.9998,pathogenic
D92Q,1,pathogenic
D92R,0.9999,pathogenic
D92S,0.9998,pathogenic
D92T,1,pathogenic
D92V,0.9999,pathogenic
D92W,1,pathogenic
D92Y,0.9994,pathogenic
H93A,1,pathogenic
H93C,0.9974,pathogenic
H93D,0.9999,pathogenic
H93E,1,pathogenic
H93F,0.9996,pathogenic
H93G,0.9999,pathogenic
H93I,1,pathogenic
H93K,0.9997,pathogenic
H93L,0.9997,pathogenic
H93M,0.9999,pathogenic
H93N,0.9995,pathogenic
H93P,0.9998,pathogenic
H93Q,1,pathogenic
H93R,0.9997,pathogenic
H93S,0.9999,pathogenic
H93T,1,pathogenic
H93V,1,pathogenic
H93W,0.9928,pathogenic
H93Y,0.9993,pathogenic
N94A,0.9451,pathogenic
N94C,0.597,pathogenic
N94D,0.9881,pathogenic
N94E,0.9907,pathogenic
N94F,0.9788,pathogenic
N94G,0.9736,pathogenic
N94H,0.736,pathogenic
N94I,0.9807,pathogenic
N94K,0.9975,pathogenic
N94L,0.9599,pathogenic
N94M,0.9645,pathogenic
N94P,0.998,pathogenic
N94Q,0.965,pathogenic
N94R,0.9927,pathogenic
N94S,0.4908,ambiguous
N94T,0.8706,pathogenic
N94V,0.9664,pathogenic
N94W,0.9949,pathogenic
N94Y,0.9045,pathogenic
P95A,0.9255,pathogenic
P95C,0.9933,pathogenic
P95D,1,pathogenic
P95E,0.9999,pathogenic
P95F,1,pathogenic
P95G,0.9987,pathogenic
P95H,0.9998,pathogenic
P95I,0.9975,pathogenic
P95K,0.9999,pathogenic
P95L,0.9984,pathogenic
P95M,0.9997,pathogenic
P95N,0.9998,pathogenic
P95Q,0.9998,pathogenic
P95R,0.9996,pathogenic
P95S,0.9971,pathogenic
P95T,0.9967,pathogenic
P95V,0.9847,pathogenic
P95W,1,pathogenic
P95Y,1,pathogenic
P96A,0.9924,pathogenic
P96C,0.9986,pathogenic
P96D,1,pathogenic
P96E,0.9999,pathogenic
P96F,1,pathogenic
P96G,0.9992,pathogenic
P96H,0.9999,pathogenic
P96I,0.9996,pathogenic
P96K,0.9999,pathogenic
P96L,0.9983,pathogenic
P96M,0.9998,pathogenic
P96N,1,pathogenic
P96Q,0.9999,pathogenic
P96R,0.9998,pathogenic
P96S,0.9995,pathogenic
P96T,0.9994,pathogenic
P96V,0.9979,pathogenic
P96W,1,pathogenic
P96Y,1,pathogenic
Q97A,0.4074,ambiguous
Q97C,0.8805,pathogenic
Q97D,0.9213,pathogenic
Q97E,0.3887,ambiguous
Q97F,0.9681,pathogenic
Q97G,0.6652,pathogenic
Q97H,0.7487,pathogenic
Q97I,0.885,pathogenic
Q97K,0.4523,ambiguous
Q97L,0.4571,ambiguous
Q97M,0.6698,pathogenic
Q97N,0.6661,pathogenic
Q97P,0.3575,ambiguous
Q97R,0.466,ambiguous
Q97S,0.5103,ambiguous
Q97T,0.5664,pathogenic
Q97V,0.6734,pathogenic
Q97W,0.9756,pathogenic
Q97Y,0.9482,pathogenic
L98A,0.986,pathogenic
L98C,0.9909,pathogenic
L98D,0.9999,pathogenic
L98E,0.999,pathogenic
L98F,0.8928,pathogenic
L98G,0.9983,pathogenic
L98H,0.9987,pathogenic
L98I,0.4712,ambiguous
L98K,0.9981,pathogenic
L98M,0.4472,ambiguous
L98N,0.9992,pathogenic
L98P,0.9981,pathogenic
L98Q,0.998,pathogenic
L98R,0.998,pathogenic
L98S,0.9991,pathogenic
L98T,0.9897,pathogenic
L98V,0.6574,pathogenic
L98W,0.9892,pathogenic
L98Y,0.9935,pathogenic
E99A,0.9182,pathogenic
E99C,0.9878,pathogenic
E99D,0.8753,pathogenic
E99F,0.9982,pathogenic
E99G,0.9355,pathogenic
E99H,0.986,pathogenic
E99I,0.9915,pathogenic
E99K,0.9919,pathogenic
E99L,0.9904,pathogenic
E99M,0.9925,pathogenic
E99N,0.979,pathogenic
E99P,0.9916,pathogenic
E99Q,0.8782,pathogenic
E99R,0.985,pathogenic
E99S,0.9218,pathogenic
E99T,0.9762,pathogenic
E99V,0.9755,pathogenic
E99W,0.9991,pathogenic
E99Y,0.9961,pathogenic
L100A,0.8991,pathogenic
L100C,0.963,pathogenic
L100D,0.9873,pathogenic
L100E,0.9635,pathogenic
L100F,0.9398,pathogenic
L100G,0.978,pathogenic
L100H,0.9713,pathogenic
L100I,0.5829,pathogenic
L100K,0.9437,pathogenic
L100M,0.4039,ambiguous
L100N,0.9362,pathogenic
L100P,0.9996,pathogenic
L100Q,0.8677,pathogenic
L100R,0.9399,pathogenic
L100S,0.9683,pathogenic
L100T,0.88,pathogenic
L100V,0.566,pathogenic
L100W,0.9747,pathogenic
L100Y,0.9664,pathogenic
I101A,0.9909,pathogenic
I101C,0.9947,pathogenic
I101D,0.9999,pathogenic
I101E,0.9993,pathogenic
I101F,0.9085,pathogenic
I101G,0.9993,pathogenic
I101H,0.9995,pathogenic
I101K,0.9994,pathogenic
I101L,0.5321,ambiguous
I101M,0.3957,ambiguous
I101N,0.9989,pathogenic
I101P,0.9993,pathogenic
I101Q,0.9977,pathogenic
I101R,0.9989,pathogenic
I101S,0.9965,pathogenic
I101T,0.9953,pathogenic
I101V,0.4944,ambiguous
I101W,0.998,pathogenic
I101Y,0.9969,pathogenic
K102A,0.7846,pathogenic
K102C,0.8784,pathogenic
K102D,0.9805,pathogenic
K102E,0.6698,pathogenic
K102F,0.9694,pathogenic
K102G,0.7892,pathogenic
K102H,0.6564,pathogenic
K102I,0.8322,pathogenic
K102L,0.7617,pathogenic
K102M,0.6729,pathogenic
K102N,0.9419,pathogenic
K102P,0.9691,pathogenic
K102Q,0.242,benign
K102R,0.098,benign
K102S,0.8759,pathogenic
K102T,0.6987,pathogenic
K102V,0.7887,pathogenic
K102W,0.9475,pathogenic
K102Y,0.9309,pathogenic
P103A,0.6519,pathogenic
P103C,0.9708,pathogenic
P103D,0.9644,pathogenic
P103E,0.949,pathogenic
P103F,0.9924,pathogenic
P103G,0.8785,pathogenic
P103H,0.9176,pathogenic
P103I,0.9704,pathogenic
P103K,0.9538,pathogenic
P103L,0.8897,pathogenic
P103M,0.9712,pathogenic
P103N,0.9444,pathogenic
P103Q,0.8994,pathogenic
P103R,0.8832,pathogenic
P103S,0.8559,pathogenic
P103T,0.8476,pathogenic
P103V,0.9091,pathogenic
P103W,0.9944,pathogenic
P103Y,0.9812,pathogenic
F104A,0.9968,pathogenic
F104C,0.9914,pathogenic
F104D,0.9999,pathogenic
F104E,0.9999,pathogenic
F104G,0.9988,pathogenic
F104H,0.9992,pathogenic
F104I,0.9955,pathogenic
F104K,0.9999,pathogenic
F104L,0.9982,pathogenic
F104M,0.9931,pathogenic
F104N,0.9996,pathogenic
F104P,1,pathogenic
F104Q,0.9997,pathogenic
F104R,0.9993,pathogenic
F104S,0.9993,pathogenic
F104T,0.9991,pathogenic
F104V,0.9888,pathogenic
F104W,0.9932,pathogenic
F104Y,0.9496,pathogenic
C105A,0.9926,pathogenic
C105D,1,pathogenic
C105E,1,pathogenic
C105F,0.9998,pathogenic
C105G,0.9953,pathogenic
C105H,1,pathogenic
C105I,0.997,pathogenic
C105K,1,pathogenic
C105L,0.9956,pathogenic
C105M,0.9986,pathogenic
C105N,0.9999,pathogenic
C105P,1,pathogenic
C105Q,0.9999,pathogenic
C105R,0.9999,pathogenic
C105S,0.996,pathogenic
C105T,0.9943,pathogenic
C105V,0.9803,pathogenic
C105W,0.9999,pathogenic
C105Y,1,pathogenic
E106A,0.3323,benign
E106C,0.8674,pathogenic
E106D,0.2638,benign
E106F,0.916,pathogenic
E106G,0.5608,ambiguous
E106H,0.6749,pathogenic
E106I,0.5569,ambiguous
E106K,0.3658,ambiguous
E106L,0.5645,pathogenic
E106M,0.5673,pathogenic
E106N,0.4286,ambiguous
E106P,0.999,pathogenic
E106Q,0.1966,benign
E106R,0.4932,ambiguous
E106S,0.4373,ambiguous
E106T,0.3848,ambiguous
E106V,0.3574,ambiguous
E106W,0.9708,pathogenic
E106Y,0.8694,pathogenic
D107A,0.9891,pathogenic
D107C,0.9989,pathogenic
D107E,0.9742,pathogenic
D107F,0.9996,pathogenic
D107G,0.9921,pathogenic
D107H,0.9857,pathogenic
D107I,0.9993,pathogenic
D107K,0.9986,pathogenic
D107L,0.9988,pathogenic
D107M,0.9995,pathogenic
D107N,0.9096,pathogenic
D107P,0.9999,pathogenic
D107Q,0.9965,pathogenic
D107R,0.9988,pathogenic
D107S,0.9443,pathogenic
D107T,0.9954,pathogenic
D107V,0.9967,pathogenic
D107W,0.9999,pathogenic
D107Y,0.9951,pathogenic
L108A,0.9296,pathogenic
L108C,0.9403,pathogenic
L108D,0.9999,pathogenic
L108E,0.9988,pathogenic
L108F,0.9917,pathogenic
L108G,0.9966,pathogenic
L108H,0.9993,pathogenic
L108I,0.4686,ambiguous
L108K,0.9988,pathogenic
L108M,0.4401,ambiguous
L108N,0.9987,pathogenic
L108P,0.9999,pathogenic
L108Q,0.9964,pathogenic
L108R,0.9973,pathogenic
L108S,0.9957,pathogenic
L108T,0.9255,pathogenic
L108V,0.263,benign
L108W,0.9994,pathogenic
L108Y,0.9996,pathogenic
D109A,0.9445,pathogenic
D109C,0.9913,pathogenic
D109E,0.8677,pathogenic
D109F,0.994,pathogenic
D109G,0.94,pathogenic
D109H,0.8278,pathogenic
D109I,0.9978,pathogenic
D109K,0.9919,pathogenic
D109L,0.991,pathogenic
D109M,0.9973,pathogenic
D109N,0.7879,pathogenic
D109P,0.9997,pathogenic
D109Q,0.9497,pathogenic
D109R,0.9892,pathogenic
D109S,0.8684,pathogenic
D109T,0.9848,pathogenic
D109V,0.9904,pathogenic
D109W,0.9984,pathogenic
D109Y,0.9624,pathogenic
Q110A,0.1367,benign
Q110C,0.281,benign
Q110D,0.286,benign
Q110E,0.0915,benign
Q110F,0.4411,ambiguous
Q110G,0.1907,benign
Q110H,0.1146,benign
Q110I,0.2694,benign
Q110K,0.0779,benign
Q110L,0.0901,benign
Q110M,0.2053,benign
Q110N,0.1704,benign
Q110P,0.9517,pathogenic
Q110R,0.081,benign
Q110S,0.1567,benign
Q110T,0.1378,benign
Q110V,0.1974,benign
Q110W,0.4191,ambiguous
Q110Y,0.3187,benign
W111A,0.9992,pathogenic
W111C,0.9995,pathogenic
W111D,0.9999,pathogenic
W111E,0.9998,pathogenic
W111F,0.6107,pathogenic
W111G,0.9975,pathogenic
W111H,0.9941,pathogenic
W111I,0.9986,pathogenic
W111K,0.9999,pathogenic
W111L,0.9963,pathogenic
W111M,0.9988,pathogenic
W111N,0.9998,pathogenic
W111P,1,pathogenic
W111Q,0.9998,pathogenic
W111R,0.9997,pathogenic
W111S,0.9991,pathogenic
W111T,0.9993,pathogenic
W111V,0.9982,pathogenic
W111Y,0.877,pathogenic
L112A,0.9954,pathogenic
L112C,0.9946,pathogenic
L112D,0.9999,pathogenic
L112E,0.999,pathogenic
L112F,0.9853,pathogenic
L112G,0.9983,pathogenic
L112H,0.998,pathogenic
L112I,0.8593,pathogenic
L112K,0.9972,pathogenic
L112M,0.7595,pathogenic
L112N,0.9983,pathogenic
L112P,0.9999,pathogenic
L112Q,0.9964,pathogenic
L112R,0.9951,pathogenic
L112S,0.9994,pathogenic
L112T,0.9963,pathogenic
L112V,0.9234,pathogenic
L112W,0.9983,pathogenic
L112Y,0.9973,pathogenic
S113A,0.0892,benign
S113C,0.1264,benign
S113D,0.557,ambiguous
S113E,0.5581,ambiguous
S113F,0.588,pathogenic
S113G,0.0851,benign
S113H,0.4818,ambiguous
S113I,0.4549,ambiguous
S113K,0.6019,pathogenic
S113L,0.1647,benign
S113M,0.2267,benign
S113N,0.2269,benign
S113P,0.9907,pathogenic
S113Q,0.4161,ambiguous
S113R,0.5155,ambiguous
S113T,0.1217,benign
S113V,0.3732,ambiguous
S113W,0.724,pathogenic
S113Y,0.5574,ambiguous
E114A,0.1095,benign
E114C,0.6183,pathogenic
E114D,0.1638,benign
E114F,0.7593,pathogenic
E114G,0.1671,benign
E114H,0.3862,ambiguous
E114I,0.3838,ambiguous
E114K,0.1184,benign
E114L,0.2916,benign
E114M,0.3487,ambiguous
E114N,0.2374,benign
E114P,0.9357,pathogenic
E114Q,0.0885,benign
E114R,0.1936,benign
E114S,0.1631,benign
E114T,0.1882,benign
E114V,0.2253,benign
E114W,0.89,pathogenic
E114Y,0.6594,pathogenic
D115A,0.5156,ambiguous
D115C,0.6692,pathogenic
D115E,0.5109,ambiguous
D115F,0.9314,pathogenic
D115G,0.3837,ambiguous
D115H,0.3944,ambiguous
D115I,0.9158,pathogenic
D115K,0.8355,pathogenic
D115L,0.9016,pathogenic
D115M,0.9147,pathogenic
D115N,0.1299,benign
D115P,0.9552,pathogenic
D115Q,0.6922,pathogenic
D115R,0.8462,pathogenic
D115S,0.2108,benign
D115T,0.5415,ambiguous
D115V,0.7874,pathogenic
D115W,0.9729,pathogenic
D115Y,0.7144,pathogenic
D116A,0.1053,benign
D116C,0.2914,benign
D116E,0.0675,benign
D116F,0.5487,ambiguous
D116G,0.1023,benign
D116H,0.1984,benign
D116I,0.2338,benign
D116K,0.1813,benign
D116L,0.2782,benign
D116M,0.385,ambiguous
D116N,0.0884,benign
D116P,0.2221,benign
D116Q,0.1402,benign
D116R,0.2305,benign
D116S,0.0832,benign
D116T,0.1331,benign
D116V,0.1547,benign
D116W,0.7848,pathogenic
D116Y,0.284,benign
N117A,0.0912,benign
N117C,0.0855,benign
N117D,0.0931,benign
N117E,0.159,benign
N117F,0.3057,benign
N117G,0.1289,benign
N117H,0.0543,benign
N117I,0.1668,benign
N117K,0.1242,benign
N117L,0.1187,benign
N117M,0.1759,benign
N117P,0.7719,pathogenic
N117Q,0.0992,benign
N117R,0.1221,benign
N117S,0.0558,benign
N117T,0.0763,benign
N117V,0.1389,benign
N117W,0.5189,ambiguous
N117Y,0.1274,benign
H118A,0.9406,pathogenic
H118C,0.5457,ambiguous
H118D,0.8744,pathogenic
H118E,0.9575,pathogenic
H118F,0.9152,pathogenic
H118G,0.9127,pathogenic
H118I,0.9845,pathogenic
H118K,0.9012,pathogenic
H118L,0.869,pathogenic
H118M,0.9739,pathogenic
H118N,0.2173,benign
H118P,0.9765,pathogenic
H118Q,0.8077,pathogenic
H118R,0.6558,pathogenic
H118S,0.7867,pathogenic
H118T,0.9558,pathogenic
H118V,0.974,pathogenic
H118W,0.9442,pathogenic
H118Y,0.6391,pathogenic
V119A,0.9907,pathogenic
V119C,0.9933,pathogenic
V119D,0.9998,pathogenic
V119E,0.999,pathogenic
V119F,0.9962,pathogenic
V119G,0.9957,pathogenic
V119H,0.9997,pathogenic
V119I,0.2101,benign
V119K,0.9984,pathogenic
V119L,0.992,pathogenic
V119M,0.99,pathogenic
V119N,0.9994,pathogenic
V119P,0.9994,pathogenic
V119Q,0.9982,pathogenic
V119R,0.9955,pathogenic
V119S,0.9958,pathogenic
V119T,0.9334,pathogenic
V119W,0.9999,pathogenic
V119Y,0.9996,pathogenic
A120C,0.9572,pathogenic
A120D,0.9999,pathogenic
A120E,0.9998,pathogenic
A120F,0.9986,pathogenic
A120G,0.7326,pathogenic
A120H,0.9999,pathogenic
A120I,0.9822,pathogenic
A120K,0.9999,pathogenic
A120L,0.9777,pathogenic
A120M,0.9953,pathogenic
A120N,0.9996,pathogenic
A120P,0.9985,pathogenic
A120Q,0.9993,pathogenic
A120R,0.9994,pathogenic
A120S,0.886,pathogenic
A120T,0.9756,pathogenic
A120V,0.9038,pathogenic
A120W,0.9999,pathogenic
A120Y,0.9997,pathogenic
A121C,0.9041,pathogenic
A121D,0.9999,pathogenic
A121E,0.9998,pathogenic
A121F,0.9951,pathogenic
A121G,0.9351,pathogenic
A121H,0.9998,pathogenic
A121I,0.9316,pathogenic
A121K,1,pathogenic
A121L,0.9582,pathogenic
A121M,0.987,pathogenic
A121N,0.9993,pathogenic
A121P,0.9991,pathogenic
A121Q,0.9991,pathogenic
A121R,0.9993,pathogenic
A121S,0.8351,pathogenic
A121T,0.951,pathogenic
A121V,0.6796,pathogenic
A121W,0.9999,pathogenic
A121Y,0.9994,pathogenic
I122A,0.9983,pathogenic
I122C,0.9986,pathogenic
I122D,1,pathogenic
I122E,0.9999,pathogenic
I122F,0.9959,pathogenic
I122G,0.9999,pathogenic
I122H,1,pathogenic
I122K,0.9999,pathogenic
I122L,0.9268,pathogenic
I122M,0.9775,pathogenic
I122N,0.9998,pathogenic
I122P,0.9997,pathogenic
I122Q,0.9999,pathogenic
I122R,0.9999,pathogenic
I122S,0.9993,pathogenic
I122T,0.998,pathogenic
I122V,0.1838,benign
I122W,1,pathogenic
I122Y,0.9998,pathogenic
H123A,0.9996,pathogenic
H123C,0.989,pathogenic
H123D,0.9998,pathogenic
H123E,0.9999,pathogenic
H123F,0.9989,pathogenic
H123G,0.9997,pathogenic
H123I,0.9998,pathogenic
H123K,0.9999,pathogenic
H123L,0.9982,pathogenic
H123M,0.9997,pathogenic
H123N,0.9951,pathogenic
H123P,0.9989,pathogenic
H123Q,0.9997,pathogenic
H123R,0.9998,pathogenic
H123S,0.9977,pathogenic
H123T,0.9994,pathogenic
H123V,0.9998,pathogenic
H123W,0.9977,pathogenic
H123Y,0.9988,pathogenic
C124A,0.9997,pathogenic
C124D,0.9995,pathogenic
C124E,1,pathogenic
C124F,0.9998,pathogenic
C124G,0.9978,pathogenic
C124H,0.9999,pathogenic
C124I,0.9999,pathogenic
C124K,1,pathogenic
C124L,0.9998,pathogenic
C124M,0.9999,pathogenic
C124N,0.9999,pathogenic
C124P,1,pathogenic
C124Q,1,pathogenic
C124R,0.9999,pathogenic
C124S,0.9995,pathogenic
C124T,0.9999,pathogenic
C124V,0.9998,pathogenic
C124W,0.9999,pathogenic
C124Y,0.9999,pathogenic
K125A,0.9994,pathogenic
K125C,0.9998,pathogenic
K125D,0.9999,pathogenic
K125E,0.9997,pathogenic
K125F,0.9999,pathogenic
K125G,0.9995,pathogenic
K125H,0.9985,pathogenic
K125I,0.9995,pathogenic
K125L,0.9966,pathogenic
K125M,0.9958,pathogenic
K125N,0.9999,pathogenic
K125P,0.9994,pathogenic
K125Q,0.9987,pathogenic
K125R,0.9063,pathogenic
K125S,0.9999,pathogenic
K125T,0.999,pathogenic
K125V,0.9991,pathogenic
K125W,0.9998,pathogenic
K125Y,0.9996,pathogenic
A126C,0.9993,pathogenic
A126D,0.9993,pathogenic
A126E,0.9993,pathogenic
A126F,0.9963,pathogenic
A126G,0.9682,pathogenic
A126H,0.9995,pathogenic
A126I,0.9999,pathogenic
A126K,0.9998,pathogenic
A126L,0.9966,pathogenic
A126M,0.9997,pathogenic
A126N,0.9996,pathogenic
A126P,0.9994,pathogenic
A126Q,0.9989,pathogenic
A126R,0.995,pathogenic
A126S,0.9736,pathogenic
A126T,0.9995,pathogenic
A126V,0.9997,pathogenic
A126W,0.9993,pathogenic
A126Y,0.9984,pathogenic
G127A,0.9997,pathogenic
G127C,1,pathogenic
G127D,1,pathogenic
G127E,1,pathogenic
G127F,1,pathogenic
G127H,1,pathogenic
G127I,1,pathogenic
G127K,1,pathogenic
G127L,1,pathogenic
G127M,1,pathogenic
G127N,1,pathogenic
G127P,1,pathogenic
G127Q,1,pathogenic
G127R,1,pathogenic
G127S,0.9999,pathogenic
G127T,0.9999,pathogenic
G127V,0.9999,pathogenic
G127W,1,pathogenic
G127Y,1,pathogenic
K128A,0.9996,pathogenic
K128C,0.9999,pathogenic
K128D,0.9999,pathogenic
K128E,0.9997,pathogenic
K128F,0.9999,pathogenic
K128G,0.9992,pathogenic
K128H,0.9993,pathogenic
K128I,0.9999,pathogenic
K128L,0.9996,pathogenic
K128M,0.9993,pathogenic
K128N,0.9999,pathogenic
K128P,0.9997,pathogenic
K128Q,0.9996,pathogenic
K128R,0.9615,pathogenic
K128S,0.9999,pathogenic
K128T,0.9995,pathogenic
K128V,0.9999,pathogenic
K128W,0.9999,pathogenic
K128Y,0.9998,pathogenic
G129A,0.9996,pathogenic
G129C,1,pathogenic
G129D,0.9999,pathogenic
G129E,0.9999,pathogenic
G129F,0.9999,pathogenic
G129H,1,pathogenic
G129I,0.9999,pathogenic
G129K,1,pathogenic
G129L,0.9999,pathogenic
G129M,1,pathogenic
G129N,1,pathogenic
G129P,1,pathogenic
G129Q,1,pathogenic
G129R,1,pathogenic
G129S,0.9999,pathogenic
G129T,0.9999,pathogenic
G129V,0.9998,pathogenic
G129W,0.9999,pathogenic
G129Y,0.9999,pathogenic
R130A,0.9999,pathogenic
R130C,0.9999,pathogenic
R130D,0.9998,pathogenic
R130E,0.9985,pathogenic
R130F,1,pathogenic
R130G,0.9999,pathogenic
R130H,0.9997,pathogenic
R130I,0.9999,pathogenic
R130K,0.9963,pathogenic
R130L,0.9997,pathogenic
R130M,1,pathogenic
R130N,0.9999,pathogenic
R130P,0.9998,pathogenic
R130Q,0.9996,pathogenic
R130S,1,pathogenic
R130T,0.9999,pathogenic
R130V,0.9999,pathogenic
R130W,0.9999,pathogenic
R130Y,0.9999,pathogenic
T131A,0.9961,pathogenic
T131C,0.9995,pathogenic
T131D,0.9997,pathogenic
T131E,0.9996,pathogenic
T131F,0.9999,pathogenic
T131G,0.9964,pathogenic
T131H,0.9997,pathogenic
T131I,0.9999,pathogenic
T131K,0.9993,pathogenic
T131L,0.9991,pathogenic
T131M,0.9992,pathogenic
T131N,0.9992,pathogenic
T131P,0.9972,pathogenic
T131Q,0.9997,pathogenic
T131R,0.999,pathogenic
T131S,0.9938,pathogenic
T131V,0.9989,pathogenic
T131W,0.9999,pathogenic
T131Y,0.9999,pathogenic
G132A,0.9972,pathogenic
G132C,0.9999,pathogenic
G132D,1,pathogenic
G132E,1,pathogenic
G132F,1,pathogenic
G132H,1,pathogenic
G132I,1,pathogenic
G132K,1,pathogenic
G132L,1,pathogenic
G132M,1,pathogenic
G132N,1,pathogenic
G132P,1,pathogenic
G132Q,1,pathogenic
G132R,1,pathogenic
G132S,0.9994,pathogenic
G132T,0.9997,pathogenic
G132V,0.9999,pathogenic
G132W,1,pathogenic
G132Y,1,pathogenic
V133A,0.9903,pathogenic
V133C,0.9945,pathogenic
V133D,0.9995,pathogenic
V133E,0.9987,pathogenic
V133F,0.996,pathogenic
V133G,0.9708,pathogenic
V133H,0.9998,pathogenic
V133I,0.5679,pathogenic
V133K,0.9994,pathogenic
V133L,0.9674,pathogenic
V133M,0.9822,pathogenic
V133N,0.9954,pathogenic
V133P,0.9998,pathogenic
V133Q,0.9992,pathogenic
V133R,0.9988,pathogenic
V133S,0.9882,pathogenic
V133T,0.7155,pathogenic
V133W,0.9999,pathogenic
V133Y,0.9996,pathogenic
M134A,0.9964,pathogenic
M134C,0.9857,pathogenic
M134D,1,pathogenic
M134E,0.9998,pathogenic
M134F,0.9851,pathogenic
M134G,0.9987,pathogenic
M134H,0.9999,pathogenic
M134I,0.9985,pathogenic
M134K,0.9998,pathogenic
M134L,0.9312,pathogenic
M134N,0.9995,pathogenic
M134P,0.9999,pathogenic
M134Q,0.9975,pathogenic
M134R,0.9999,pathogenic
M134S,0.998,pathogenic
M134T,0.9989,pathogenic
M134V,0.9721,pathogenic
M134W,0.9998,pathogenic
M134Y,0.9997,pathogenic
I135A,0.9914,pathogenic
I135C,0.997,pathogenic
I135D,0.9999,pathogenic
I135E,0.9998,pathogenic
I135F,0.9987,pathogenic
I135G,0.9995,pathogenic
I135H,1,pathogenic
I135K,0.9999,pathogenic
I135L,0.9371,pathogenic
I135M,0.9754,pathogenic
I135N,0.9992,pathogenic
I135P,0.9998,pathogenic
I135Q,0.9999,pathogenic
I135R,0.9998,pathogenic
I135S,0.9974,pathogenic
I135T,0.9945,pathogenic
I135V,0.4377,ambiguous
I135W,1,pathogenic
I135Y,0.9998,pathogenic
C136A,0.9345,pathogenic
C136D,0.9999,pathogenic
C136E,1,pathogenic
C136F,0.9996,pathogenic
C136G,0.9637,pathogenic
C136H,0.9998,pathogenic
C136I,0.9993,pathogenic
C136K,1,pathogenic
C136L,0.9983,pathogenic
C136M,0.9988,pathogenic
C136N,0.9992,pathogenic
C136P,0.9999,pathogenic
C136Q,0.9998,pathogenic
C136R,0.9998,pathogenic
C136S,0.9224,pathogenic
C136T,0.9751,pathogenic
C136V,0.9929,pathogenic
C136W,0.9999,pathogenic
C136Y,0.9999,pathogenic
A137C,0.6861,pathogenic
A137D,0.9998,pathogenic
A137E,0.9995,pathogenic
A137F,0.9982,pathogenic
A137G,0.7833,pathogenic
A137H,0.999,pathogenic
A137I,0.9906,pathogenic
A137K,0.9999,pathogenic
A137L,0.977,pathogenic
A137M,0.9868,pathogenic
A137N,0.9961,pathogenic
A137P,0.9995,pathogenic
A137Q,0.9968,pathogenic
A137R,0.9992,pathogenic
A137S,0.3048,benign
A137T,0.8866,pathogenic
A137V,0.9521,pathogenic
A137W,0.9999,pathogenic
A137Y,0.9993,pathogenic
Y138A,0.9975,pathogenic
Y138C,0.9578,pathogenic
Y138D,0.9997,pathogenic
Y138E,0.9999,pathogenic
Y138F,0.4028,ambiguous
Y138G,0.9942,pathogenic
Y138H,0.9979,pathogenic
Y138I,0.9973,pathogenic
Y138K,0.9999,pathogenic
Y138L,0.9573,pathogenic
Y138M,0.9963,pathogenic
Y138N,0.9982,pathogenic
Y138P,0.9998,pathogenic
Y138Q,0.9999,pathogenic
Y138R,0.9996,pathogenic
Y138S,0.9931,pathogenic
Y138T,0.9983,pathogenic
Y138V,0.9879,pathogenic
Y138W,0.8825,pathogenic
L139A,0.9887,pathogenic
L139C,0.9756,pathogenic
L139D,0.9999,pathogenic
L139E,0.9992,pathogenic
L139F,0.9394,pathogenic
L139G,0.997,pathogenic
L139H,0.9972,pathogenic
L139I,0.8336,pathogenic
L139K,0.9987,pathogenic
L139M,0.4526,ambiguous
L139N,0.9986,pathogenic
L139P,0.9999,pathogenic
L139Q,0.9944,pathogenic
L139R,0.9979,pathogenic
L139S,0.9979,pathogenic
L139T,0.9945,pathogenic
L139V,0.8859,pathogenic
L139W,0.9976,pathogenic
L139Y,0.9958,pathogenic
L140A,0.9843,pathogenic
L140C,0.9673,pathogenic
L140D,0.9998,pathogenic
L140E,0.9975,pathogenic
L140F,0.9915,pathogenic
L140G,0.9972,pathogenic
L140H,0.9939,pathogenic
L140I,0.4669,ambiguous
L140K,0.9969,pathogenic
L140M,0.6397,pathogenic
L140N,0.9929,pathogenic
L140P,0.9997,pathogenic
L140Q,0.9846,pathogenic
L140R,0.9941,pathogenic
L140S,0.996,pathogenic
L140T,0.9742,pathogenic
L140V,0.5381,ambiguous
L140W,0.9977,pathogenic
L140Y,0.9977,pathogenic
H141A,0.9974,pathogenic
H141C,0.9531,pathogenic
H141D,0.9968,pathogenic
H141E,0.9974,pathogenic
H141F,0.9341,pathogenic
H141G,0.9969,pathogenic
H141I,0.9992,pathogenic
H141K,0.9928,pathogenic
H141L,0.9814,pathogenic
H141M,0.998,pathogenic
H141N,0.9765,pathogenic
H141P,0.9995,pathogenic
H141Q,0.9839,pathogenic
H141R,0.953,pathogenic
H141S,0.9902,pathogenic
H141T,0.9993,pathogenic
H141V,0.9981,pathogenic
H141W,0.9207,pathogenic
H141Y,0.6826,pathogenic
R142A,0.9114,pathogenic
R142C,0.4419,ambiguous
R142D,0.983,pathogenic
R142E,0.8802,pathogenic
R142F,0.9932,pathogenic
R142G,0.8683,pathogenic
R142H,0.535,ambiguous
R142I,0.911,pathogenic
R142K,0.3291,benign
R142L,0.8852,pathogenic
R142M,0.9234,pathogenic
R142N,0.9532,pathogenic
R142P,0.998,pathogenic
R142Q,0.3225,benign
R142S,0.9091,pathogenic
R142T,0.8494,pathogenic
R142V,0.9072,pathogenic
R142W,0.907,pathogenic
R142Y,0.9747,pathogenic
G143A,0.3641,ambiguous
G143C,0.407,ambiguous
G143D,0.3881,ambiguous
G143E,0.2396,benign
G143F,0.942,pathogenic
G143H,0.3992,ambiguous
G143I,0.9171,pathogenic
G143K,0.2522,benign
G143L,0.8446,pathogenic
G143M,0.7994,pathogenic
G143N,0.2889,benign
G143P,0.9946,pathogenic
G143Q,0.1732,benign
G143R,0.2137,benign
G143S,0.1865,benign
G143T,0.5945,pathogenic
G143V,0.8245,pathogenic
G143W,0.8476,pathogenic
G143Y,0.8094,pathogenic
K144A,0.8168,pathogenic
K144C,0.7382,pathogenic
K144D,0.9468,pathogenic
K144E,0.7237,pathogenic
K144F,0.9208,pathogenic
K144G,0.9012,pathogenic
K144H,0.4277,ambiguous
K144I,0.6453,pathogenic
K144L,0.5861,pathogenic
K144M,0.5468,ambiguous
K144N,0.8616,pathogenic
K144P,0.9885,pathogenic
K144Q,0.3185,benign
K144R,0.084,benign
K144S,0.8846,pathogenic
K144T,0.6548,pathogenic
K144V,0.5965,pathogenic
K144W,0.9103,pathogenic
K144Y,0.8065,pathogenic
F145A,0.9816,pathogenic
F145C,0.767,pathogenic
F145D,0.9981,pathogenic
F145E,0.9956,pathogenic
F145G,0.9917,pathogenic
F145H,0.9373,pathogenic
F145I,0.9498,pathogenic
F145K,0.9921,pathogenic
F145L,0.9965,pathogenic
F145M,0.9574,pathogenic
F145N,0.9844,pathogenic
F145P,0.9997,pathogenic
F145Q,0.9801,pathogenic
F145R,0.9811,pathogenic
F145S,0.9847,pathogenic
F145T,0.9908,pathogenic
F145V,0.9149,pathogenic
F145W,0.8966,pathogenic
F145Y,0.433,ambiguous
L146A,0.0769,benign
L146C,0.2018,benign
L146D,0.1963,benign
L146E,0.0992,benign
L146F,0.1159,benign
L146G,0.1369,benign
L146H,0.0891,benign
L146I,0.0855,benign
L146K,0.082,benign
L146M,0.0774,benign
L146N,0.1133,benign
L146P,0.0783,benign
L146Q,0.0543,benign
L146R,0.0838,benign
L146S,0.0797,benign
L146T,0.0756,benign
L146V,0.0704,benign
L146W,0.1787,benign
L146Y,0.2054,benign
K147A,0.2067,benign
K147C,0.4142,ambiguous
K147D,0.2563,benign
K147E,0.0974,benign
K147F,0.7306,pathogenic
K147G,0.2772,benign
K147H,0.1678,benign
K147I,0.4167,ambiguous
K147L,0.2574,benign
K147M,0.2069,benign
K147N,0.2338,benign
K147P,0.7569,pathogenic
K147Q,0.0847,benign
K147R,0.0802,benign
K147S,0.2173,benign
K147T,0.1104,benign
K147V,0.2866,benign
K147W,0.6985,pathogenic
K147Y,0.556,ambiguous
A148C,0.9403,pathogenic
A148D,0.9881,pathogenic
A148E,0.9814,pathogenic
A148F,0.9892,pathogenic
A148G,0.5007,ambiguous
A148H,0.9861,pathogenic
A148I,0.9885,pathogenic
A148K,0.9968,pathogenic
A148L,0.9776,pathogenic
A148M,0.9808,pathogenic
A148N,0.9824,pathogenic
A148P,0.5832,pathogenic
A148Q,0.976,pathogenic
A148R,0.9898,pathogenic
A148S,0.3258,benign
A148T,0.8895,pathogenic
A148V,0.9334,pathogenic
A148W,0.9968,pathogenic
A148Y,0.9885,pathogenic
Q149A,0.2248,benign
Q149C,0.7606,pathogenic
Q149D,0.4529,ambiguous
Q149E,0.1054,benign
Q149F,0.8928,pathogenic
Q149G,0.2904,benign
Q149H,0.3864,ambiguous
Q149I,0.5898,pathogenic
Q149K,0.1491,benign
Q149L,0.3545,ambiguous
Q149M,0.4999,ambiguous
Q149N,0.362,ambiguous
Q149P,0.3586,ambiguous
Q149R,0.1799,benign
Q149S,0.2783,benign
Q149T,0.2436,benign
Q149V,0.3899,ambiguous
Q149W,0.7881,pathogenic
Q149Y,0.7687,pathogenic
E150A,0.2676,benign
E150C,0.9184,pathogenic
E150D,0.1219,benign
E150F,0.9613,pathogenic
E150G,0.3984,ambiguous
E150H,0.7664,pathogenic
E150I,0.8389,pathogenic
E150K,0.5595,ambiguous
E150L,0.7667,pathogenic
E150M,0.7854,pathogenic
E150N,0.5275,ambiguous
E150P,0.9551,pathogenic
E150Q,0.279,benign
E150R,0.7133,pathogenic
E150S,0.4523,ambiguous
E150T,0.5971,pathogenic
E150V,0.6115,pathogenic
E150W,0.9824,pathogenic
E150Y,0.9086,pathogenic
A151C,0.9414,pathogenic
A151D,0.9995,pathogenic
A151E,0.999,pathogenic
A151F,0.9994,pathogenic
A151G,0.8589,pathogenic
A151H,0.9995,pathogenic
A151I,0.9921,pathogenic
A151K,0.9999,pathogenic
A151L,0.9872,pathogenic
A151M,0.9922,pathogenic
A151N,0.998,pathogenic
A151P,0.9989,pathogenic
A151Q,0.9978,pathogenic
A151R,0.9992,pathogenic
A151S,0.4938,ambiguous
A151T,0.9537,pathogenic
A151V,0.936,pathogenic
A151W,0.9999,pathogenic
A151Y,0.9996,pathogenic
L152A,0.9856,pathogenic
L152C,0.9913,pathogenic
L152D,0.9999,pathogenic
L152E,0.9983,pathogenic
L152F,0.9952,pathogenic
L152G,0.9981,pathogenic
L152H,0.9992,pathogenic
L152I,0.8383,pathogenic
L152K,0.9972,pathogenic
L152M,0.6141,pathogenic
L152N,0.9987,pathogenic
L152P,0.9999,pathogenic
L152Q,0.9957,pathogenic
L152R,0.9954,pathogenic
L152S,0.9983,pathogenic
L152T,0.9873,pathogenic
L152V,0.8711,pathogenic
L152W,0.9989,pathogenic
L152Y,0.9992,pathogenic
D153A,0.4798,ambiguous
D153C,0.8841,pathogenic
D153E,0.3071,benign
D153F,0.886,pathogenic
D153G,0.6346,pathogenic
D153H,0.6309,pathogenic
D153I,0.801,pathogenic
D153K,0.8545,pathogenic
D153L,0.7047,pathogenic
D153M,0.8798,pathogenic
D153N,0.2352,benign
D153P,0.9973,pathogenic
D153Q,0.6741,pathogenic
D153R,0.8193,pathogenic
D153S,0.3822,ambiguous
D153T,0.5691,pathogenic
D153V,0.6059,pathogenic
D153W,0.9762,pathogenic
D153Y,0.6358,pathogenic
F154A,0.9932,pathogenic
F154C,0.8864,pathogenic
F154D,0.9973,pathogenic
F154E,0.9975,pathogenic
F154G,0.998,pathogenic
F154H,0.8233,pathogenic
F154I,0.9495,pathogenic
F154K,0.9968,pathogenic
F154L,0.9963,pathogenic
F154M,0.9753,pathogenic
F154N,0.9885,pathogenic
F154P,1,pathogenic
F154Q,0.994,pathogenic
F154R,0.9886,pathogenic
F154S,0.9898,pathogenic
F154T,0.9882,pathogenic
F154V,0.927,pathogenic
F154W,0.7995,pathogenic
F154Y,0.1814,benign
Y155A,0.9987,pathogenic
Y155C,0.9967,pathogenic
Y155D,0.9991,pathogenic
Y155E,0.9998,pathogenic
Y155F,0.6723,pathogenic
Y155G,0.9952,pathogenic
Y155H,0.999,pathogenic
Y155I,0.997,pathogenic
Y155K,0.9998,pathogenic
Y155L,0.9795,pathogenic
Y155M,0.9977,pathogenic
Y155N,0.9987,pathogenic
Y155P,0.9981,pathogenic
Y155Q,0.9998,pathogenic
Y155R,0.9986,pathogenic
Y155S,0.9959,pathogenic
Y155T,0.9988,pathogenic
Y155V,0.9909,pathogenic
Y155W,0.9811,pathogenic
G156A,0.7853,pathogenic
G156C,0.9949,pathogenic
G156D,0.9925,pathogenic
G156E,0.9989,pathogenic
G156F,0.9997,pathogenic
G156H,0.9996,pathogenic
G156I,0.9998,pathogenic
G156K,0.9997,pathogenic
G156L,0.9993,pathogenic
G156M,0.9995,pathogenic
G156N,0.9959,pathogenic
G156P,1,pathogenic
G156Q,0.9983,pathogenic
G156R,0.9988,pathogenic
G156S,0.9208,pathogenic
G156T,0.9969,pathogenic
G156V,0.9992,pathogenic
G156W,0.9994,pathogenic
G156Y,0.9994,pathogenic
E157A,0.2558,benign
E157C,0.8892,pathogenic
E157D,0.1943,benign
E157F,0.8679,pathogenic
E157G,0.4147,ambiguous
E157H,0.6273,pathogenic
E157I,0.579,pathogenic
E157K,0.3815,ambiguous
E157L,0.5949,pathogenic
E157M,0.5513,ambiguous
E157N,0.3611,ambiguous
E157P,0.9968,pathogenic
E157Q,0.2064,benign
E157R,0.5257,ambiguous
E157S,0.3053,benign
E157T,0.3437,ambiguous
E157V,0.3675,ambiguous
E157W,0.9619,pathogenic
E157Y,0.797,pathogenic
V158A,0.5854,pathogenic
V158C,0.8337,pathogenic
V158D,0.9761,pathogenic
V158E,0.7825,pathogenic
V158F,0.6842,pathogenic
V158G,0.7815,pathogenic
V158H,0.9367,pathogenic
V158I,0.2362,benign
V158K,0.7886,pathogenic
V158L,0.8872,pathogenic
V158M,0.546,ambiguous
V158N,0.8621,pathogenic
V158P,0.9988,pathogenic
V158Q,0.6173,pathogenic
V158R,0.6912,pathogenic
V158S,0.7608,pathogenic
V158T,0.5232,ambiguous
V158W,0.9849,pathogenic
V158Y,0.9161,pathogenic
R159A,0.9998,pathogenic
R159C,0.9992,pathogenic
R159D,0.9999,pathogenic
R159E,0.9987,pathogenic
R159F,1,pathogenic
R159G,0.9997,pathogenic
R159H,0.9993,pathogenic
R159I,0.9997,pathogenic
R159K,0.9976,pathogenic
R159L,0.9991,pathogenic
R159M,1,pathogenic
R159N,0.9999,pathogenic
R159P,0.9996,pathogenic
R159Q,0.9994,pathogenic
R159S,0.9999,pathogenic
R159T,0.9999,pathogenic
R159V,0.9997,pathogenic
R159W,0.9991,pathogenic
R159Y,0.9997,pathogenic
T160A,0.9759,pathogenic
T160C,0.976,pathogenic
T160D,0.9994,pathogenic
T160E,0.999,pathogenic
T160F,0.999,pathogenic
T160G,0.9852,pathogenic
T160H,0.9989,pathogenic
T160I,0.999,pathogenic
T160K,0.9984,pathogenic
T160L,0.9943,pathogenic
T160M,0.9945,pathogenic
T160N,0.9958,pathogenic
T160P,0.9953,pathogenic
T160Q,0.9986,pathogenic
T160R,0.9973,pathogenic
T160S,0.9888,pathogenic
T160V,0.9833,pathogenic
T160W,0.9997,pathogenic
T160Y,0.9994,pathogenic
R161A,0.7061,pathogenic
R161C,0.3174,benign
R161D,0.9014,pathogenic
R161E,0.6232,pathogenic
R161F,0.7354,pathogenic
R161G,0.609,pathogenic
R161H,0.1389,benign
R161I,0.5577,ambiguous
R161K,0.1162,benign
R161L,0.4481,ambiguous
R161M,0.5316,ambiguous
R161N,0.7533,pathogenic
R161P,0.9905,pathogenic
R161Q,0.1558,benign
R161S,0.7566,pathogenic
R161T,0.495,ambiguous
R161V,0.5736,pathogenic
R161W,0.3955,ambiguous
R161Y,0.5839,pathogenic
D162A,0.9987,pathogenic
D162C,0.9996,pathogenic
D162E,0.998,pathogenic
D162F,0.9997,pathogenic
D162G,0.9927,pathogenic
D162H,0.9992,pathogenic
D162I,0.9996,pathogenic
D162K,0.9995,pathogenic
D162L,0.999,pathogenic
D162M,0.9999,pathogenic
D162N,0.852,pathogenic
D162P,0.9996,pathogenic
D162Q,0.9994,pathogenic
D162R,0.9992,pathogenic
D162S,0.9944,pathogenic
D162T,0.9978,pathogenic
D162V,0.9985,pathogenic
D162W,0.9999,pathogenic
D162Y,0.9965,pathogenic
K163A,0.678,pathogenic
K163C,0.5879,pathogenic
K163D,0.9217,pathogenic
K163E,0.4904,ambiguous
K163F,0.9409,pathogenic
K163G,0.4588,ambiguous
K163H,0.4081,ambiguous
K163I,0.9107,pathogenic
K163L,0.6896,pathogenic
K163M,0.5009,ambiguous
K163N,0.7357,pathogenic
K163P,0.9921,pathogenic
K163Q,0.1594,benign
K163R,0.0787,benign
K163S,0.6883,pathogenic
K163T,0.5808,pathogenic
K163V,0.8306,pathogenic
K163W,0.9215,pathogenic
K163Y,0.8722,pathogenic
K164A,0.9808,pathogenic
K164C,0.9859,pathogenic
K164D,0.9945,pathogenic
K164E,0.98,pathogenic
K164F,0.9956,pathogenic
K164G,0.9803,pathogenic
K164H,0.9023,pathogenic
K164I,0.9913,pathogenic
K164L,0.9706,pathogenic
K164M,0.9568,pathogenic
K164N,0.9852,pathogenic
K164P,0.9988,pathogenic
K164Q,0.8473,pathogenic
K164R,0.3163,benign
K164S,0.9934,pathogenic
K164T,0.9758,pathogenic
K164V,0.9827,pathogenic
K164W,0.9937,pathogenic
K164Y,0.978,pathogenic
G165A,0.9952,pathogenic
G165C,0.9997,pathogenic
G165D,0.9998,pathogenic
G165E,0.9999,pathogenic
G165F,0.9999,pathogenic
G165H,1,pathogenic
G165I,0.9998,pathogenic
G165K,1,pathogenic
G165L,0.9999,pathogenic
G165M,0.9999,pathogenic
G165N,0.9999,pathogenic
G165P,0.9999,pathogenic
G165Q,1,pathogenic
G165R,0.9999,pathogenic
G165S,0.9993,pathogenic
G165T,0.9995,pathogenic
G165V,0.9994,pathogenic
G165W,0.9999,pathogenic
G165Y,0.9999,pathogenic
V166A,0.9994,pathogenic
V166C,0.9991,pathogenic
V166D,0.9999,pathogenic
V166E,0.9998,pathogenic
V166F,0.9994,pathogenic
V166G,0.9978,pathogenic
V166H,1,pathogenic
V166I,0.6637,pathogenic
V166K,0.9998,pathogenic
V166L,0.9969,pathogenic
V166M,0.9983,pathogenic
V166N,0.9995,pathogenic
V166P,0.9995,pathogenic
V166Q,0.9998,pathogenic
V166R,0.9994,pathogenic
V166S,0.9994,pathogenic
V166T,0.9977,pathogenic
V166W,1,pathogenic
V166Y,0.9999,pathogenic
T167A,0.9974,pathogenic
T167C,0.9996,pathogenic
T167D,0.9995,pathogenic
T167E,0.9976,pathogenic
T167F,0.9994,pathogenic
T167G,0.9952,pathogenic
T167H,0.9993,pathogenic
T167I,0.9996,pathogenic
T167K,0.9989,pathogenic
T167L,0.9979,pathogenic
T167M,0.9972,pathogenic
T167N,0.9962,pathogenic
T167P,0.9985,pathogenic
T167Q,0.9977,pathogenic
T167R,0.9983,pathogenic
T167S,0.9922,pathogenic
T167V,0.9973,pathogenic
T167W,0.9998,pathogenic
T167Y,0.9997,pathogenic
I168A,0.9992,pathogenic
I168C,1,pathogenic
I168D,1,pathogenic
I168E,0.9998,pathogenic
I168F,0.9986,pathogenic
I168G,0.9999,pathogenic
I168H,1,pathogenic
I168K,0.9999,pathogenic
I168L,0.9878,pathogenic
I168M,0.9954,pathogenic
I168N,0.9997,pathogenic
I168P,0.9995,pathogenic
I168Q,0.9999,pathogenic
I168R,0.9998,pathogenic
I168S,0.9995,pathogenic
I168T,0.9993,pathogenic
I168V,0.9446,pathogenic
I168W,0.9999,pathogenic
I168Y,0.9997,pathogenic
P169A,0.9904,pathogenic
P169C,0.9996,pathogenic
P169D,1,pathogenic
P169E,0.9999,pathogenic
P169F,1,pathogenic
P169G,0.9992,pathogenic
P169H,0.9998,pathogenic
P169I,0.9999,pathogenic
P169K,0.9999,pathogenic
P169L,0.9992,pathogenic
P169M,0.9999,pathogenic
P169N,0.9999,pathogenic
P169Q,0.9998,pathogenic
P169R,0.9994,pathogenic
P169S,0.999,pathogenic
P169T,0.9994,pathogenic
P169V,0.9994,pathogenic
P169W,1,pathogenic
P169Y,0.9999,pathogenic
S170A,0.9326,pathogenic
S170C,0.9924,pathogenic
S170D,0.9998,pathogenic
S170E,0.9995,pathogenic
S170F,0.9999,pathogenic
S170G,0.9873,pathogenic
S170H,0.9997,pathogenic
S170I,0.9998,pathogenic
S170K,1,pathogenic
S170L,0.9996,pathogenic
S170M,0.9995,pathogenic
S170N,0.9996,pathogenic
S170P,0.9992,pathogenic
S170Q,0.9996,pathogenic
S170R,0.9999,pathogenic
S170T,0.9865,pathogenic
S170V,0.9994,pathogenic
S170W,0.9998,pathogenic
S170Y,0.9998,pathogenic
Q171A,0.9888,pathogenic
Q171C,0.9999,pathogenic
Q171D,0.9998,pathogenic
Q171E,0.9765,pathogenic
Q171F,0.9999,pathogenic
Q171G,0.9878,pathogenic
Q171H,0.9999,pathogenic
Q171I,0.9993,pathogenic
Q171K,0.9988,pathogenic
Q171L,0.9988,pathogenic
Q171M,0.9957,pathogenic
Q171N,0.998,pathogenic
Q171P,0.9993,pathogenic
Q171R,0.9993,pathogenic
Q171S,0.985,pathogenic
Q171T,0.9935,pathogenic
Q171V,0.9983,pathogenic
Q171W,0.9999,pathogenic
Q171Y,1,pathogenic
R172A,0.9932,pathogenic
R172C,0.8877,pathogenic
R172D,0.9987,pathogenic
R172E,0.978,pathogenic
R172F,0.9961,pathogenic
R172G,0.99,pathogenic
R172H,0.9401,pathogenic
R172I,0.8739,pathogenic
R172K,0.6408,pathogenic
R172L,0.9416,pathogenic
R172M,0.9727,pathogenic
R172N,0.9948,pathogenic
R172P,0.9997,pathogenic
R172Q,0.7904,pathogenic
R172S,0.997,pathogenic
R172T,0.9873,pathogenic
R172V,0.9107,pathogenic
R172W,0.9665,pathogenic
R172Y,0.9862,pathogenic
R173A,0.9998,pathogenic
R173C,0.9981,pathogenic
R173D,0.9998,pathogenic
R173E,0.999,pathogenic
R173F,0.9999,pathogenic
R173G,0.9995,pathogenic
R173H,0.9951,pathogenic
R173I,0.9997,pathogenic
R173K,0.9802,pathogenic
R173L,0.998,pathogenic
R173M,0.9999,pathogenic
R173N,0.9996,pathogenic
R173P,0.9999,pathogenic
R173Q,0.9961,pathogenic
R173S,0.9999,pathogenic
R173T,0.9999,pathogenic
R173V,0.9996,pathogenic
R173W,0.9985,pathogenic
R173Y,0.999,pathogenic
Y174A,0.9991,pathogenic
Y174C,0.9985,pathogenic
Y174D,0.9996,pathogenic
Y174E,0.9999,pathogenic
Y174F,0.6944,pathogenic
Y174G,0.9963,pathogenic
Y174H,0.9995,pathogenic
Y174I,0.9984,pathogenic
Y174K,0.9999,pathogenic
Y174L,0.9943,pathogenic
Y174M,0.9984,pathogenic
Y174N,0.9985,pathogenic
Y174P,0.9997,pathogenic
Y174Q,0.9999,pathogenic
Y174R,0.9997,pathogenic
Y174S,0.9967,pathogenic
Y174T,0.9992,pathogenic
Y174V,0.9956,pathogenic
Y174W,0.9716,pathogenic
V175A,0.9951,pathogenic
V175C,0.9912,pathogenic
V175D,0.9999,pathogenic
V175E,0.9997,pathogenic
V175F,0.9989,pathogenic
V175G,0.9944,pathogenic
V175H,0.9999,pathogenic
V175I,0.3292,benign
V175K,0.9998,pathogenic
V175L,0.9929,pathogenic
V175M,0.9964,pathogenic
V175N,0.9995,pathogenic
V175P,0.9988,pathogenic
V175Q,0.9995,pathogenic
V175R,0.999,pathogenic
V175S,0.9962,pathogenic
V175T,0.9684,pathogenic
V175W,1,pathogenic
V175Y,0.9999,pathogenic
Y176A,0.2827,benign
Y176C,0.0758,benign
Y176D,0.3472,ambiguous
Y176E,0.4537,ambiguous
Y176F,0.0609,benign
Y176G,0.2457,benign
Y176H,0.1428,benign
Y176I,0.1956,benign
Y176K,0.4956,ambiguous
Y176L,0.2289,benign
Y176M,0.2771,benign
Y176N,0.1273,benign
Y176P,0.9853,pathogenic
Y176Q,0.2915,benign
Y176R,0.3416,ambiguous
Y176S,0.1487,benign
Y176T,0.2245,benign
Y176V,0.1641,benign
Y176W,0.3252,benign
Y177A,0.9959,pathogenic
Y177C,0.9912,pathogenic
Y177D,0.9983,pathogenic
Y177E,0.9993,pathogenic
Y177F,0.7372,pathogenic
Y177G,0.9846,pathogenic
Y177H,0.9969,pathogenic
Y177I,0.9934,pathogenic
Y177K,0.9994,pathogenic
Y177L,0.9486,pathogenic
Y177M,0.9913,pathogenic
Y177N,0.9887,pathogenic
Y177P,0.9991,pathogenic
Y177Q,0.9986,pathogenic
Y177R,0.9974,pathogenic
Y177S,0.9853,pathogenic
Y177T,0.9958,pathogenic
Y177V,0.9885,pathogenic
Y177W,0.9794,pathogenic
Y178A,0.9988,pathogenic
Y178C,0.9883,pathogenic
Y178D,0.9995,pathogenic
Y178E,0.9998,pathogenic
Y178F,0.398,ambiguous
Y178G,0.9953,pathogenic
Y178H,0.9947,pathogenic
Y178I,0.9975,pathogenic
Y178K,0.9998,pathogenic
Y178L,0.9809,pathogenic
Y178M,0.9967,pathogenic
Y178N,0.9976,pathogenic
Y178P,0.9997,pathogenic
Y178Q,0.9996,pathogenic
Y178R,0.9988,pathogenic
Y178S,0.994,pathogenic
Y178T,0.998,pathogenic
Y178V,0.9915,pathogenic
Y178W,0.9366,pathogenic
S179A,0.2356,benign
S179C,0.2382,benign
S179D,0.7295,pathogenic
S179E,0.8731,pathogenic
S179F,0.8928,pathogenic
S179G,0.1389,benign
S179H,0.6081,pathogenic
S179I,0.9545,pathogenic
S179K,0.9847,pathogenic
S179L,0.8418,pathogenic
S179M,0.8244,pathogenic
S179N,0.2831,benign
S179P,0.9969,pathogenic
S179Q,0.8267,pathogenic
S179R,0.9645,pathogenic
S179T,0.5283,ambiguous
S179V,0.9324,pathogenic
S179W,0.896,pathogenic
S179Y,0.7075,pathogenic
Y180A,0.4614,ambiguous
Y180C,0.1289,benign
Y180D,0.4443,ambiguous
Y180E,0.625,pathogenic
Y180F,0.0649,benign
Y180G,0.5981,pathogenic
Y180H,0.1024,benign
Y180I,0.4453,ambiguous
Y180K,0.6664,pathogenic
Y180L,0.4737,ambiguous
Y180M,0.5068,ambiguous
Y180N,0.2288,benign
Y180P,0.9954,pathogenic
Y180Q,0.3863,ambiguous
Y180R,0.4477,ambiguous
Y180S,0.239,benign
Y180T,0.3472,ambiguous
Y180V,0.3552,ambiguous
Y180W,0.3311,benign
L181A,0.9721,pathogenic
L181C,0.9325,pathogenic
L181D,0.9998,pathogenic
L181E,0.9978,pathogenic
L181F,0.8573,pathogenic
L181G,0.9962,pathogenic
L181H,0.9858,pathogenic
L181I,0.5465,ambiguous
L181K,0.9918,pathogenic
L181M,0.4129,ambiguous
L181N,0.9973,pathogenic
L181P,0.9997,pathogenic
L181Q,0.9732,pathogenic
L181R,0.9823,pathogenic
L181S,0.9936,pathogenic
L181T,0.9803,pathogenic
L181V,0.6102,pathogenic
L181W,0.9771,pathogenic
L181Y,0.9705,pathogenic
L182A,0.8606,pathogenic
L182C,0.7718,pathogenic
L182D,0.996,pathogenic
L182E,0.934,pathogenic
L182F,0.9254,pathogenic
L182G,0.9676,pathogenic
L182H,0.8792,pathogenic
L182I,0.1913,benign
L182K,0.6971,pathogenic
L182M,0.3547,ambiguous
L182N,0.9453,pathogenic
L182P,0.998,pathogenic
L182Q,0.5905,pathogenic
L182R,0.6144,pathogenic
L182S,0.947,pathogenic
L182T,0.7598,pathogenic
L182V,0.1713,benign
L182W,0.9425,pathogenic
L182Y,0.9664,pathogenic
K183A,0.3634,ambiguous
K183C,0.533,ambiguous
K183D,0.5518,ambiguous
K183E,0.1492,benign
K183F,0.8701,pathogenic
K183G,0.4725,ambiguous
K183H,0.242,benign
K183I,0.4959,ambiguous
K183L,0.4101,ambiguous
K183M,0.3339,benign
K183N,0.4046,ambiguous
K183P,0.9711,pathogenic
K183Q,0.0852,benign
K183R,0.0656,benign
K183S,0.3888,ambiguous
K183T,0.2097,benign
K183V,0.44,ambiguous
K183W,0.7656,pathogenic
K183Y,0.7103,pathogenic
N184A,0.4412,ambiguous
N184C,0.2243,benign
N184D,0.555,ambiguous
N184E,0.4228,ambiguous
N184F,0.5565,ambiguous
N184G,0.4969,ambiguous
N184H,0.0505,benign
N184I,0.6532,pathogenic
N184K,0.3311,benign
N184L,0.5709,pathogenic
N184M,0.4476,ambiguous
N184P,0.9797,pathogenic
N184Q,0.2212,benign
N184R,0.291,benign
N184S,0.1956,benign
N184T,0.3511,ambiguous
N184V,0.5561,ambiguous
N184W,0.7325,pathogenic
N184Y,0.1748,benign
H185A,0.1357,benign
H185C,0.1135,benign
H185D,0.0879,benign
H185E,0.1176,benign
H185F,0.358,ambiguous
H185G,0.0991,benign
H185I,0.3322,benign
H185K,0.0909,benign
H185L,0.1496,benign
H185M,0.2992,benign
H185N,0.0613,benign
H185P,0.326,benign
H185Q,0.0677,benign
H185R,0.0645,benign
H185S,0.0946,benign
H185T,0.1438,benign
H185V,0.2388,benign
H185W,0.4527,ambiguous
H185Y,0.1516,benign
L186A,0.5847,pathogenic
L186C,0.6637,pathogenic
L186D,0.973,pathogenic
L186E,0.8047,pathogenic
L186F,0.4386,ambiguous
L186G,0.8791,pathogenic
L186H,0.6647,pathogenic
L186I,0.2018,benign
L186K,0.5552,ambiguous
L186M,0.1812,benign
L186N,0.8849,pathogenic
L186P,0.979,pathogenic
L186Q,0.4034,ambiguous
L186R,0.4733,ambiguous
L186S,0.7959,pathogenic
L186T,0.58,pathogenic
L186V,0.1776,benign
L186W,0.6741,pathogenic
L186Y,0.7306,pathogenic
D187A,0.1317,benign
D187C,0.3892,ambiguous
D187E,0.0835,benign
D187F,0.4688,ambiguous
D187G,0.2024,benign
D187H,0.1992,benign
D187I,0.1832,benign
D187K,0.2956,benign
D187L,0.2195,benign
D187M,0.3641,ambiguous
D187N,0.0939,benign
D187P,0.5094,ambiguous
D187Q,0.1694,benign
D187R,0.32,benign
D187S,0.1063,benign
D187T,0.1368,benign
D187V,0.1131,benign
D187W,0.8155,pathogenic
D187Y,0.2385,benign
Y188A,0.9979,pathogenic
Y188C,0.9803,pathogenic
Y188D,0.9989,pathogenic
Y188E,0.9995,pathogenic
Y188F,0.6278,pathogenic
Y188G,0.9906,pathogenic
Y188H,0.9973,pathogenic
Y188I,0.987,pathogenic
Y188K,0.9994,pathogenic
Y188L,0.9571,pathogenic
Y188M,0.9946,pathogenic
Y188N,0.9928,pathogenic
Y188P,0.9855,pathogenic
Y188Q,0.9995,pathogenic
Y188R,0.9977,pathogenic
Y188S,0.9916,pathogenic
Y188T,0.9972,pathogenic
Y188V,0.9714,pathogenic
Y188W,0.9579,pathogenic
R189A,0.6254,pathogenic
R189C,0.2522,benign
R189D,0.8532,pathogenic
R189E,0.4862,ambiguous
R189F,0.7974,pathogenic
R189G,0.5899,pathogenic
R189H,0.134,benign
R189I,0.4851,ambiguous
R189K,0.0758,benign
R189L,0.434,ambiguous
R189M,0.474,ambiguous
R189N,0.7039,pathogenic
R189P,0.9679,pathogenic
R189Q,0.1161,benign
R189S,0.6118,pathogenic
R189T,0.3538,ambiguous
R189V,0.4869,ambiguous
R189W,0.498,ambiguous
R189Y,0.6501,pathogenic
P190A,0.5056,ambiguous
P190C,0.9752,pathogenic
P190D,0.99,pathogenic
P190E,0.952,pathogenic
P190F,0.9979,pathogenic
P190G,0.9374,pathogenic
P190H,0.9551,pathogenic
P190I,0.988,pathogenic
P190K,0.9749,pathogenic
P190L,0.9455,pathogenic
P190M,0.9782,pathogenic
P190N,0.9674,pathogenic
P190Q,0.8372,pathogenic
P190R,0.9262,pathogenic
P190S,0.8426,pathogenic
P190T,0.8494,pathogenic
P190V,0.9501,pathogenic
P190W,0.9983,pathogenic
P190Y,0.996,pathogenic
V191A,0.5279,ambiguous
V191C,0.8689,pathogenic
V191D,0.9603,pathogenic
V191E,0.7887,pathogenic
V191F,0.7424,pathogenic
V191G,0.8224,pathogenic
V191H,0.938,pathogenic
V191I,0.1092,benign
V191K,0.819,pathogenic
V191L,0.6091,pathogenic
V191M,0.3672,ambiguous
V191N,0.8392,pathogenic
V191P,0.9904,pathogenic
V191Q,0.6892,pathogenic
V191R,0.7716,pathogenic
V191S,0.6889,pathogenic
V191T,0.2736,benign
V191W,0.9916,pathogenic
V191Y,0.9544,pathogenic
A192C,0.7871,pathogenic
A192D,0.9941,pathogenic
A192E,0.9861,pathogenic
A192F,0.9626,pathogenic
A192G,0.7526,pathogenic
A192H,0.97,pathogenic
A192I,0.935,pathogenic
A192K,0.9944,pathogenic
A192L,0.7929,pathogenic
A192M,0.8639,pathogenic
A192N,0.9431,pathogenic
A192P,0.4939,ambiguous
A192Q,0.9349,pathogenic
A192R,0.9775,pathogenic
A192S,0.3888,ambiguous
A192T,0.6329,pathogenic
A192V,0.7902,pathogenic
A192W,0.9945,pathogenic
A192Y,0.9801,pathogenic
L193A,0.9784,pathogenic
L193C,0.9388,pathogenic
L193D,0.9999,pathogenic
L193E,0.999,pathogenic
L193F,0.9355,pathogenic
L193G,0.9969,pathogenic
L193H,0.9958,pathogenic
L193I,0.5061,ambiguous
L193K,0.9926,pathogenic
L193M,0.5204,ambiguous
L193N,0.9985,pathogenic
L193P,0.9999,pathogenic
L193Q,0.9885,pathogenic
L193R,0.9859,pathogenic
L193S,0.9967,pathogenic
L193T,0.9837,pathogenic
L193V,0.342,ambiguous
L193W,0.9944,pathogenic
L193Y,0.9886,pathogenic
L194A,0.968,pathogenic
L194C,0.9653,pathogenic
L194D,0.9993,pathogenic
L194E,0.9951,pathogenic
L194F,0.871,pathogenic
L194G,0.9934,pathogenic
L194H,0.972,pathogenic
L194I,0.7176,pathogenic
L194K,0.9815,pathogenic
L194M,0.661,pathogenic
L194N,0.9875,pathogenic
L194P,0.9994,pathogenic
L194Q,0.957,pathogenic
L194R,0.9475,pathogenic
L194S,0.99,pathogenic
L194T,0.9766,pathogenic
L194V,0.7765,pathogenic
L194W,0.974,pathogenic
L194Y,0.9551,pathogenic
F195A,0.9963,pathogenic
F195C,0.9287,pathogenic
F195D,1,pathogenic
F195E,0.9999,pathogenic
F195G,0.9991,pathogenic
F195H,0.9987,pathogenic
F195I,0.9261,pathogenic
F195K,0.9999,pathogenic
F195L,0.9415,pathogenic
F195M,0.9343,pathogenic
F195N,0.9997,pathogenic
F195P,1,pathogenic
F195Q,0.9996,pathogenic
F195R,0.9995,pathogenic
F195S,0.9994,pathogenic
F195T,0.9994,pathogenic
F195V,0.9339,pathogenic
F195W,0.9848,pathogenic
F195Y,0.8608,pathogenic
H196A,0.9319,pathogenic
H196C,0.554,ambiguous
H196D,0.9305,pathogenic
H196E,0.8662,pathogenic
H196F,0.8349,pathogenic
H196G,0.9401,pathogenic
H196I,0.943,pathogenic
H196K,0.7674,pathogenic
H196L,0.6485,pathogenic
H196M,0.9426,pathogenic
H196N,0.6221,pathogenic
H196P,0.9887,pathogenic
H196Q,0.5897,pathogenic
H196R,0.448,ambiguous
H196S,0.8059,pathogenic
H196T,0.8532,pathogenic
H196V,0.8837,pathogenic
H196W,0.8296,pathogenic
H196Y,0.4446,ambiguous
K197A,0.8595,pathogenic
K197C,0.784,pathogenic
K197D,0.97,pathogenic
K197E,0.7305,pathogenic
K197F,0.9891,pathogenic
K197G,0.8461,pathogenic
K197H,0.5532,ambiguous
K197I,0.9727,pathogenic
K197L,0.9307,pathogenic
K197M,0.8295,pathogenic
K197N,0.9229,pathogenic
K197P,0.9991,pathogenic
K197Q,0.2661,benign
K197R,0.0864,benign
K197S,0.8196,pathogenic
K197T,0.738,pathogenic
K197V,0.9281,pathogenic
K197W,0.9778,pathogenic
K197Y,0.9482,pathogenic
M198A,0.9494,pathogenic
M198C,0.9304,pathogenic
M198D,0.9999,pathogenic
M198E,0.9988,pathogenic
M198F,0.8099,pathogenic
M198G,0.9955,pathogenic
M198H,0.9991,pathogenic
M198I,0.5749,pathogenic
M198K,0.998,pathogenic
M198L,0.3647,ambiguous
M198N,0.9982,pathogenic
M198P,0.9998,pathogenic
M198Q,0.9919,pathogenic
M198R,0.9983,pathogenic
M198S,0.9938,pathogenic
M198T,0.9749,pathogenic
M198V,0.2638,benign
M198W,0.998,pathogenic
M198Y,0.9955,pathogenic
M199A,0.2851,benign
M199C,0.4815,ambiguous
M199D,0.9467,pathogenic
M199E,0.549,ambiguous
M199F,0.4386,ambiguous
M199G,0.745,pathogenic
M199H,0.5478,ambiguous
M199I,0.1966,benign
M199K,0.2872,benign
M199L,0.1265,benign
M199N,0.6706,pathogenic
M199P,0.9973,pathogenic
M199Q,0.2155,benign
M199R,0.3175,benign
M199S,0.3948,ambiguous
M199T,0.1944,benign
M199V,0.0637,benign
M199W,0.8369,pathogenic
M199Y,0.6692,pathogenic
F200A,0.9919,pathogenic
F200C,0.9623,pathogenic
F200D,0.9999,pathogenic
F200E,0.9998,pathogenic
F200G,0.9984,pathogenic
F200H,0.9993,pathogenic
F200I,0.8279,pathogenic
F200K,0.9999,pathogenic
F200L,0.962,pathogenic
F200M,0.8283,pathogenic
F200N,0.9996,pathogenic
F200P,0.9999,pathogenic
F200Q,0.9995,pathogenic
F200R,0.9996,pathogenic
F200S,0.9989,pathogenic
F200T,0.9972,pathogenic
F200V,0.8594,pathogenic
F200W,0.9787,pathogenic
F200Y,0.9325,pathogenic
E201A,0.6537,pathogenic
E201C,0.9482,pathogenic
E201D,0.4565,ambiguous
E201F,0.9696,pathogenic
E201G,0.8338,pathogenic
E201H,0.8389,pathogenic
E201I,0.7882,pathogenic
E201K,0.8206,pathogenic
E201L,0.8493,pathogenic
E201M,0.8565,pathogenic
E201N,0.7518,pathogenic
E201P,0.9969,pathogenic
E201Q,0.3322,benign
E201R,0.8803,pathogenic
E201S,0.6227,pathogenic
E201T,0.7067,pathogenic
E201V,0.621,pathogenic
E201W,0.992,pathogenic
E201Y,0.9482,pathogenic
T202A,0.8066,pathogenic
T202C,0.9564,pathogenic
T202D,0.9849,pathogenic
T202E,0.9825,pathogenic
T202F,0.9927,pathogenic
T202G,0.6788,pathogenic
T202H,0.9686,pathogenic
T202I,0.9943,pathogenic
T202K,0.9786,pathogenic
T202L,0.9565,pathogenic
T202M,0.873,pathogenic
T202N,0.7928,pathogenic
T202P,0.8073,pathogenic
T202Q,0.9543,pathogenic
T202R,0.9747,pathogenic
T202S,0.7112,pathogenic
T202V,0.955,pathogenic
T202W,0.9982,pathogenic
T202Y,0.9882,pathogenic
I203A,0.7599,pathogenic
I203C,0.8694,pathogenic
I203D,0.9942,pathogenic
I203E,0.9815,pathogenic
I203F,0.6631,pathogenic
I203G,0.9627,pathogenic
I203H,0.968,pathogenic
I203K,0.9622,pathogenic
I203L,0.1487,benign
I203M,0.2549,benign
I203N,0.8554,pathogenic
I203P,0.8977,pathogenic
I203Q,0.9389,pathogenic
I203R,0.9493,pathogenic
I203S,0.837,pathogenic
I203T,0.637,pathogenic
I203V,0.0706,benign
I203W,0.9871,pathogenic
I203Y,0.946,pathogenic
P204A,0.993,pathogenic
P204C,0.9992,pathogenic
P204D,0.9999,pathogenic
P204E,0.9999,pathogenic
P204F,0.9999,pathogenic
P204G,0.9982,pathogenic
P204H,0.9998,pathogenic
P204I,0.9996,pathogenic
P204K,0.9999,pathogenic
P204L,0.9973,pathogenic
P204M,0.9998,pathogenic
P204N,0.9999,pathogenic
P204Q,0.9998,pathogenic
P204R,0.9997,pathogenic
P204S,0.9991,pathogenic
P204T,0.9991,pathogenic
P204V,0.9986,pathogenic
P204W,1,pathogenic
P204Y,1,pathogenic
M205A,0.7937,pathogenic
M205C,0.8328,pathogenic
M205D,0.9884,pathogenic
M205E,0.9825,pathogenic
M205F,0.7041,pathogenic
M205G,0.9002,pathogenic
M205H,0.9314,pathogenic
M205I,0.8836,pathogenic
M205K,0.9704,pathogenic
M205L,0.3323,benign
M205N,0.6828,pathogenic
M205P,0.9769,pathogenic
M205Q,0.813,pathogenic
M205R,0.9562,pathogenic
M205S,0.6471,pathogenic
M205T,0.7587,pathogenic
M205V,0.2764,benign
M205W,0.9741,pathogenic
M205Y,0.9088,pathogenic
F206A,0.9898,pathogenic
F206C,0.9324,pathogenic
F206D,0.9982,pathogenic
F206E,0.9981,pathogenic
F206G,0.9935,pathogenic
F206H,0.9678,pathogenic
F206I,0.9069,pathogenic
F206K,0.9983,pathogenic
F206L,0.9896,pathogenic
F206M,0.9101,pathogenic
F206N,0.9828,pathogenic
F206P,0.9995,pathogenic
F206Q,0.9915,pathogenic
F206R,0.9962,pathogenic
F206S,0.9875,pathogenic
F206T,0.9902,pathogenic
F206V,0.904,pathogenic
F206W,0.9215,pathogenic
F206Y,0.5187,ambiguous
S207A,0.1444,benign
S207C,0.2647,benign
S207D,0.9627,pathogenic
S207E,0.979,pathogenic
S207F,0.7189,pathogenic
S207G,0.1824,benign
S207H,0.8549,pathogenic
S207I,0.6627,pathogenic
S207K,0.9937,pathogenic
S207L,0.2941,benign
S207M,0.3518,ambiguous
S207N,0.4224,ambiguous
S207P,0.7238,pathogenic
S207Q,0.8794,pathogenic
S207R,0.9912,pathogenic
S207T,0.0951,benign
S207V,0.507,ambiguous
S207W,0.8894,pathogenic
S207Y,0.764,pathogenic
G208A,0.1338,benign
G208C,0.239,benign
G208D,0.9599,pathogenic
G208E,0.9545,pathogenic
G208F,0.7719,pathogenic
G208H,0.8442,pathogenic
G208I,0.52,ambiguous
G208K,0.9796,pathogenic
G208L,0.5522,ambiguous
G208M,0.5021,ambiguous
G208N,0.4209,ambiguous
G208P,0.9046,pathogenic
G208Q,0.7765,pathogenic
G208R,0.9563,pathogenic
G208S,0.1145,benign
G208T,0.2367,benign
G208V,0.34,ambiguous
G208W,0.8632,pathogenic
G208Y,0.8064,pathogenic
G209A,0.5515,ambiguous
G209C,0.6838,pathogenic
G209D,0.9923,pathogenic
G209E,0.9928,pathogenic
G209F,0.9417,pathogenic
G209H,0.9694,pathogenic
G209I,0.9094,pathogenic
G209K,0.9953,pathogenic
G209L,0.9085,pathogenic
G209M,0.8844,pathogenic
G209N,0.7823,pathogenic
G209P,0.982,pathogenic
G209Q,0.9459,pathogenic
G209R,0.9875,pathogenic
G209S,0.3786,ambiguous
G209T,0.7258,pathogenic
G209V,0.8514,pathogenic
G209W,0.9695,pathogenic
G209Y,0.9494,pathogenic
T210A,0.2732,benign
T210C,0.6565,pathogenic
T210D,0.9712,pathogenic
T210E,0.9694,pathogenic
T210F,0.7098,pathogenic
T210G,0.3187,benign
T210H,0.8084,pathogenic
T210I,0.7265,pathogenic
T210K,0.957,pathogenic
T210L,0.4684,ambiguous
T210M,0.3206,benign
T210N,0.3731,ambiguous
T210P,0.7425,pathogenic
T210Q,0.753,pathogenic
T210R,0.9478,pathogenic
T210S,0.2146,benign
T210V,0.4842,ambiguous
T210W,0.9637,pathogenic
T210Y,0.8345,pathogenic
C211A,0.9582,pathogenic
C211D,0.9998,pathogenic
C211E,0.9999,pathogenic
C211F,0.9673,pathogenic
C211G,0.9378,pathogenic
C211H,0.9994,pathogenic
C211I,0.9916,pathogenic
C211K,1,pathogenic
C211L,0.9851,pathogenic
C211M,0.987,pathogenic
C211N,0.998,pathogenic
C211P,0.9996,pathogenic
C211Q,0.9997,pathogenic
C211R,0.9997,pathogenic
C211S,0.971,pathogenic
C211T,0.9828,pathogenic
C211V,0.9533,pathogenic
C211W,0.9978,pathogenic
C211Y,0.9962,pathogenic
N212A,0.2655,benign
N212C,0.1349,benign
N212D,0.6924,pathogenic
N212E,0.8908,pathogenic
N212F,0.4241,ambiguous
N212G,0.4256,ambiguous
N212H,0.1783,benign
N212I,0.2354,benign
N212K,0.8875,pathogenic
N212L,0.2261,benign
N212M,0.2831,benign
N212P,0.929,pathogenic
N212Q,0.4998,ambiguous
N212R,0.8516,pathogenic
N212S,0.0884,benign
N212T,0.161,benign
N212V,0.1929,benign
N212W,0.8205,pathogenic
N212Y,0.1964,benign
P213A,0.9142,pathogenic
P213C,0.9863,pathogenic
P213D,0.9998,pathogenic
P213E,0.9996,pathogenic
P213F,0.9988,pathogenic
P213G,0.9928,pathogenic
P213H,0.9989,pathogenic
P213I,0.9788,pathogenic
P213K,0.9997,pathogenic
P213L,0.9457,pathogenic
P213M,0.9921,pathogenic
P213N,0.9994,pathogenic
P213Q,0.9988,pathogenic
P213R,0.999,pathogenic
P213S,0.994,pathogenic
P213T,0.9837,pathogenic
P213V,0.9452,pathogenic
P213W,0.9998,pathogenic
P213Y,0.9994,pathogenic
Q214A,0.2087,benign
Q214C,0.4091,ambiguous
Q214D,0.8722,pathogenic
Q214E,0.3323,benign
Q214F,0.4439,ambiguous
Q214G,0.4071,ambiguous
Q214H,0.1753,benign
Q214I,0.2626,benign
Q214K,0.5693,pathogenic
Q214L,0.1121,benign
Q214M,0.1609,benign
Q214N,0.2765,benign
Q214P,0.9514,pathogenic
Q214R,0.5329,ambiguous
Q214S,0.1631,benign
Q214T,0.1471,benign
Q214V,0.16,benign
Q214W,0.7478,pathogenic
Q214Y,0.3662,ambiguous
F215A,0.9921,pathogenic
F215C,0.9515,pathogenic
F215D,0.9999,pathogenic
F215E,0.9999,pathogenic
F215G,0.9968,pathogenic
F215H,0.9979,pathogenic
F215I,0.9464,pathogenic
F215K,0.9999,pathogenic
F215L,0.9934,pathogenic
F215M,0.9569,pathogenic
F215N,0.9994,pathogenic
F215P,1,pathogenic
F215Q,0.9995,pathogenic
F215R,0.9996,pathogenic
F215S,0.9986,pathogenic
F215T,0.9979,pathogenic
F215V,0.9163,pathogenic
F215W,0.9664,pathogenic
F215Y,0.7257,pathogenic
V216A,0.5584,ambiguous
V216C,0.7755,pathogenic
V216D,0.9694,pathogenic
V216E,0.89,pathogenic
V216F,0.4992,ambiguous
V216G,0.8217,pathogenic
V216H,0.8893,pathogenic
V216I,0.0866,benign
V216K,0.955,pathogenic
V216L,0.4046,ambiguous
V216M,0.2645,benign
V216N,0.7011,pathogenic
V216P,0.9987,pathogenic
V216Q,0.7217,pathogenic
V216R,0.935,pathogenic
V216S,0.506,ambiguous
V216T,0.307,benign
V216W,0.97,pathogenic
V216Y,0.8724,pathogenic
V217A,0.9776,pathogenic
V217C,0.9844,pathogenic
V217D,0.9999,pathogenic
V217E,0.9996,pathogenic
V217F,0.982,pathogenic
V217G,0.9935,pathogenic
V217H,0.9998,pathogenic
V217I,0.143,benign
V217K,0.9997,pathogenic
V217L,0.865,pathogenic
V217M,0.9624,pathogenic
V217N,0.9996,pathogenic
V217P,0.9993,pathogenic
V217Q,0.9994,pathogenic
V217R,0.999,pathogenic
V217S,0.9971,pathogenic
V217T,0.9864,pathogenic
V217W,0.9999,pathogenic
V217Y,0.9993,pathogenic
C218A,0.6822,pathogenic
C218D,0.9768,pathogenic
C218E,0.9812,pathogenic
C218F,0.2079,benign
C218G,0.5359,ambiguous
C218H,0.6959,pathogenic
C218I,0.8287,pathogenic
C218K,0.9875,pathogenic
C218L,0.6523,pathogenic
C218M,0.6958,pathogenic
C218N,0.6763,pathogenic
C218P,0.9993,pathogenic
C218Q,0.8763,pathogenic
C218R,0.9357,pathogenic
C218S,0.3867,ambiguous
C218T,0.6359,pathogenic
C218V,0.6729,pathogenic
C218W,0.676,pathogenic
C218Y,0.2191,benign
Q219A,0.8966,pathogenic
Q219C,0.9898,pathogenic
Q219D,0.996,pathogenic
Q219E,0.8379,pathogenic
Q219F,0.9918,pathogenic
Q219G,0.9496,pathogenic
Q219H,0.9776,pathogenic
Q219I,0.9685,pathogenic
Q219K,0.9751,pathogenic
Q219L,0.9457,pathogenic
Q219M,0.9075,pathogenic
Q219N,0.9173,pathogenic
Q219P,0.9937,pathogenic
Q219R,0.9668,pathogenic
Q219S,0.8127,pathogenic
Q219T,0.8929,pathogenic
Q219V,0.9362,pathogenic
Q219W,0.9974,pathogenic
Q219Y,0.9942,pathogenic
L220A,0.7913,pathogenic
L220C,0.8634,pathogenic
L220D,0.9755,pathogenic
L220E,0.9051,pathogenic
L220F,0.7651,pathogenic
L220G,0.8071,pathogenic
L220H,0.8557,pathogenic
L220I,0.6679,pathogenic
L220K,0.8526,pathogenic
L220M,0.3735,ambiguous
L220N,0.7754,pathogenic
L220P,0.9781,pathogenic
L220Q,0.652,pathogenic
L220R,0.8062,pathogenic
L220S,0.8881,pathogenic
L220T,0.8802,pathogenic
L220V,0.6321,pathogenic
L220W,0.8711,pathogenic
L220Y,0.8101,pathogenic
K221A,0.9612,pathogenic
K221C,0.9758,pathogenic
K221D,0.9747,pathogenic
K221E,0.9748,pathogenic
K221F,0.9961,pathogenic
K221G,0.9081,pathogenic
K221H,0.8428,pathogenic
K221I,0.9926,pathogenic
K221L,0.9691,pathogenic
K221M,0.9608,pathogenic
K221N,0.9632,pathogenic
K221P,0.9478,pathogenic
K221Q,0.8322,pathogenic
K221R,0.2331,benign
K221S,0.973,pathogenic
K221T,0.9531,pathogenic
K221V,0.9815,pathogenic
K221W,0.9927,pathogenic
K221Y,0.9861,pathogenic
V222A,0.9882,pathogenic
V222C,0.9817,pathogenic
V222D,0.9971,pathogenic
V222E,0.99,pathogenic
V222F,0.9423,pathogenic
V222G,0.9457,pathogenic
V222H,0.9967,pathogenic
V222I,0.5291,ambiguous
V222K,0.9921,pathogenic
V222L,0.9828,pathogenic
V222M,0.965,pathogenic
V222N,0.9826,pathogenic
V222P,0.9985,pathogenic
V222Q,0.9817,pathogenic
V222R,0.9817,pathogenic
V222S,0.9849,pathogenic
V222T,0.9641,pathogenic
V222W,0.9979,pathogenic
V222Y,0.9807,pathogenic
K223A,0.9726,pathogenic
K223C,0.9549,pathogenic
K223D,0.9911,pathogenic
K223E,0.9745,pathogenic
K223F,0.9951,pathogenic
K223G,0.9807,pathogenic
K223H,0.8658,pathogenic
K223I,0.9535,pathogenic
K223L,0.938,pathogenic
K223M,0.9221,pathogenic
K223N,0.9773,pathogenic
K223P,0.9569,pathogenic
K223Q,0.7574,pathogenic
K223R,0.151,benign
K223S,0.9835,pathogenic
K223T,0.9324,pathogenic
K223V,0.915,pathogenic
K223W,0.9885,pathogenic
K223Y,0.9843,pathogenic
I224A,0.9911,pathogenic
I224C,0.9949,pathogenic
I224D,0.9995,pathogenic
I224E,0.9984,pathogenic
I224F,0.9489,pathogenic
I224G,0.9979,pathogenic
I224H,0.9987,pathogenic
I224K,0.9974,pathogenic
I224L,0.4735,ambiguous
I224M,0.7655,pathogenic
I224N,0.9935,pathogenic
I224P,0.997,pathogenic
I224Q,0.9973,pathogenic
I224R,0.995,pathogenic
I224S,0.9955,pathogenic
I224T,0.9936,pathogenic
I224V,0.5191,ambiguous
I224W,0.9978,pathogenic
I224Y,0.9922,pathogenic
Y225A,0.8433,pathogenic
Y225C,0.1987,benign
Y225D,0.9528,pathogenic
Y225E,0.9729,pathogenic
Y225F,0.0598,benign
Y225G,0.8825,pathogenic
Y225H,0.1649,benign
Y225I,0.7844,pathogenic
Y225K,0.9593,pathogenic
Y225L,0.7374,pathogenic
Y225M,0.8561,pathogenic
Y225N,0.6744,pathogenic
Y225P,0.9954,pathogenic
Y225Q,0.8514,pathogenic
Y225R,0.8623,pathogenic
Y225S,0.6678,pathogenic
Y225T,0.862,pathogenic
Y225V,0.703,pathogenic
Y225W,0.4533,ambiguous
S226A,0.1051,benign
S226C,0.1122,benign
S226D,0.9296,pathogenic
S226E,0.9395,pathogenic
S226F,0.4836,ambiguous
S226G,0.1881,benign
S226H,0.6265,pathogenic
S226I,0.3417,ambiguous
S226K,0.9669,pathogenic
S226L,0.207,benign
S226M,0.2271,benign
S226N,0.286,benign
S226P,0.7935,pathogenic
S226Q,0.7293,pathogenic
S226R,0.9558,pathogenic
S226T,0.0664,benign
S226V,0.2438,benign
S226W,0.7484,pathogenic
S226Y,0.5022,ambiguous
S227A,0.1764,benign
S227C,0.1669,benign
S227D,0.9635,pathogenic
S227E,0.9776,pathogenic
S227F,0.8012,pathogenic
S227G,0.2365,benign
S227H,0.8461,pathogenic
S227I,0.8147,pathogenic
S227K,0.9935,pathogenic
S227L,0.5507,ambiguous
S227M,0.6161,pathogenic
S227N,0.6753,pathogenic
S227P,0.9218,pathogenic
S227Q,0.9103,pathogenic
S227R,0.9904,pathogenic
S227T,0.2314,benign
S227V,0.645,pathogenic
S227W,0.8883,pathogenic
S227Y,0.7776,pathogenic
N228A,0.0638,benign
N228C,0.0861,benign
N228D,0.3363,benign
N228E,0.497,ambiguous
N228F,0.2368,benign
N228G,0.0925,benign
N228H,0.1111,benign
N228I,0.0956,benign
N228K,0.501,ambiguous
N228L,0.0933,benign
N228M,0.1221,benign
N228P,0.0951,benign
N228Q,0.2211,benign
N228R,0.5225,ambiguous
N228S,0.0519,benign
N228T,0.0521,benign
N228V,0.0815,benign
N228W,0.584,pathogenic
N228Y,0.1692,benign
S229A,0.0534,benign
S229C,0.069,benign
S229D,0.8196,pathogenic
S229E,0.8349,pathogenic
S229F,0.2148,benign
S229G,0.0907,benign
S229H,0.439,ambiguous
S229I,0.1175,benign
S229K,0.913,pathogenic
S229L,0.0985,benign
S229M,0.1306,benign
S229N,0.1771,benign
S229P,0.0772,benign
S229Q,0.5102,ambiguous
S229R,0.8979,pathogenic
S229T,0.0635,benign
S229V,0.0986,benign
S229W,0.5074,ambiguous
S229Y,0.2974,benign
G230A,0.0789,benign
G230C,0.0936,benign
G230D,0.6613,pathogenic
G230E,0.5958,pathogenic
G230F,0.2659,benign
G230H,0.4273,ambiguous
G230I,0.1096,benign
G230K,0.7666,pathogenic
G230L,0.1669,benign
G230M,0.1785,benign
G230N,0.2261,benign
G230P,0.475,ambiguous
G230Q,0.4142,ambiguous
G230R,0.7042,pathogenic
G230S,0.0839,benign
G230T,0.0889,benign
G230V,0.0851,benign
G230W,0.4431,ambiguous
G230Y,0.3261,benign
P231A,0.0554,benign
P231C,0.1668,benign
P231D,0.6172,pathogenic
P231E,0.4955,ambiguous
P231F,0.1869,benign
P231G,0.151,benign
P231H,0.1325,benign
P231I,0.1002,benign
P231K,0.5397,ambiguous
P231L,0.0722,benign
P231M,0.1101,benign
P231N,0.1333,benign
P231Q,0.1277,benign
P231R,0.4703,ambiguous
P231S,0.0781,benign
P231T,0.0623,benign
P231V,0.0837,benign
P231W,0.5066,ambiguous
P231Y,0.2633,benign
T232A,0.0684,benign
T232C,0.1952,benign
T232D,0.8236,pathogenic
T232E,0.763,pathogenic
T232F,0.3137,benign
T232G,0.1507,benign
T232H,0.4277,ambiguous
T232I,0.172,benign
T232K,0.7231,pathogenic
T232L,0.1159,benign
T232M,0.1159,benign
T232N,0.1944,benign
T232P,0.1128,benign
T232Q,0.4037,ambiguous
T232R,0.6878,pathogenic
T232S,0.0937,benign
T232V,0.1115,benign
T232W,0.7446,pathogenic
T232Y,0.4553,ambiguous
R233A,0.8884,pathogenic
R233C,0.5436,ambiguous
R233D,0.966,pathogenic
R233E,0.9023,pathogenic
R233F,0.9299,pathogenic
R233G,0.7655,pathogenic
R233H,0.3553,ambiguous
R233I,0.8223,pathogenic
R233K,0.1444,benign
R233L,0.7519,pathogenic
R233M,0.8518,pathogenic
R233N,0.9415,pathogenic
R233P,0.8843,pathogenic
R233Q,0.3841,ambiguous
R233S,0.9275,pathogenic
R233T,0.874,pathogenic
R233V,0.813,pathogenic
R233W,0.7154,pathogenic
R233Y,0.8574,pathogenic
R234A,0.9889,pathogenic
R234C,0.9551,pathogenic
R234D,0.9936,pathogenic
R234E,0.9786,pathogenic
R234F,0.9904,pathogenic
R234G,0.9548,pathogenic
R234H,0.8335,pathogenic
R234I,0.9838,pathogenic
R234K,0.3465,ambiguous
R234L,0.9636,pathogenic
R234M,0.9814,pathogenic
R234N,0.993,pathogenic
R234P,0.9787,pathogenic
R234Q,0.8238,pathogenic
R234S,0.9944,pathogenic
R234T,0.9889,pathogenic
R234V,0.9832,pathogenic
R234W,0.9305,pathogenic
R234Y,0.9736,pathogenic
E235A,0.5094,ambiguous
E235C,0.9322,pathogenic
E235D,0.1407,benign
E235F,0.958,pathogenic
E235G,0.3359,benign
E235H,0.891,pathogenic
E235I,0.846,pathogenic
E235K,0.8062,pathogenic
E235L,0.8442,pathogenic
E235M,0.8597,pathogenic
E235N,0.5706,pathogenic
E235P,0.9236,pathogenic
E235Q,0.5387,ambiguous
E235R,0.8568,pathogenic
E235S,0.4836,ambiguous
E235T,0.5767,pathogenic
E235V,0.6927,pathogenic
E235W,0.9848,pathogenic
E235Y,0.9264,pathogenic
D236A,0.4989,ambiguous
D236C,0.8523,pathogenic
D236E,0.1285,benign
D236F,0.9148,pathogenic
D236G,0.4719,ambiguous
D236H,0.7972,pathogenic
D236I,0.8031,pathogenic
D236K,0.8446,pathogenic
D236L,0.7926,pathogenic
D236M,0.8511,pathogenic
D236N,0.2994,benign
D236P,0.9447,pathogenic
D236Q,0.6435,pathogenic
D236R,0.8784,pathogenic
D236S,0.4134,ambiguous
D236T,0.5956,pathogenic
D236V,0.617,pathogenic
D236W,0.9778,pathogenic
D236Y,0.7169,pathogenic
K237A,0.8241,pathogenic
K237C,0.8627,pathogenic
K237D,0.8714,pathogenic
K237E,0.8081,pathogenic
K237F,0.9806,pathogenic
K237G,0.7832,pathogenic
K237H,0.5488,ambiguous
K237I,0.8942,pathogenic
K237L,0.8618,pathogenic
K237M,0.8406,pathogenic
K237N,0.7953,pathogenic
K237P,0.893,pathogenic
K237Q,0.4548,ambiguous
K237R,0.0929,benign
K237S,0.8129,pathogenic
K237T,0.6445,pathogenic
K237V,0.83,pathogenic
K237W,0.9599,pathogenic
K237Y,0.9157,pathogenic
F238A,0.269,benign
F238C,0.0986,benign
F238D,0.5627,ambiguous
F238E,0.5404,ambiguous
F238G,0.4665,ambiguous
F238H,0.2099,benign
F238I,0.1278,benign
F238K,0.516,ambiguous
F238L,0.419,ambiguous
F238M,0.2258,benign
F238N,0.2267,benign
F238P,0.9369,pathogenic
F238Q,0.343,ambiguous
F238R,0.4151,ambiguous
F238S,0.2067,benign
F238T,0.2131,benign
F238V,0.1114,benign
F238W,0.2862,benign
F238Y,0.0715,benign
M239A,0.6564,pathogenic
M239C,0.635,pathogenic
M239D,0.9921,pathogenic
M239E,0.9555,pathogenic
M239F,0.4542,ambiguous
M239G,0.9118,pathogenic
M239H,0.8192,pathogenic
M239I,0.4463,ambiguous
M239K,0.8143,pathogenic
M239L,0.1432,benign
M239N,0.8906,pathogenic
M239P,0.9925,pathogenic
M239Q,0.6319,pathogenic
M239R,0.8123,pathogenic
M239S,0.7121,pathogenic
M239T,0.5284,ambiguous
M239V,0.1415,benign
M239W,0.8895,pathogenic
M239Y,0.8035,pathogenic
Y240A,0.2398,benign
Y240C,0.0702,benign
Y240D,0.3275,benign
Y240E,0.4319,ambiguous
Y240F,0.0503,benign
Y240G,0.3394,benign
Y240H,0.1265,benign
Y240I,0.1107,benign
Y240K,0.4307,ambiguous
Y240L,0.1683,benign
Y240M,0.2311,benign
Y240N,0.1382,benign
Y240P,0.6507,pathogenic
Y240Q,0.2578,benign
Y240R,0.3013,benign
Y240S,0.1459,benign
Y240T,0.1678,benign
Y240V,0.0947,benign
Y240W,0.2887,benign
F241A,0.9789,pathogenic
F241C,0.7936,pathogenic
F241D,0.9994,pathogenic
F241E,0.9984,pathogenic
F241G,0.9938,pathogenic
F241H,0.9746,pathogenic
F241I,0.8042,pathogenic
F241K,0.9982,pathogenic
F241L,0.9601,pathogenic
F241M,0.8293,pathogenic
F241N,0.9953,pathogenic
F241P,0.9997,pathogenic
F241Q,0.9922,pathogenic
F241R,0.995,pathogenic
F241S,0.9871,pathogenic
F241T,0.9834,pathogenic
F241V,0.7925,pathogenic
F241W,0.8555,pathogenic
F241Y,0.5935,pathogenic
E242A,0.2461,benign
E242C,0.7325,pathogenic
E242D,0.0893,benign
E242F,0.8398,pathogenic
E242G,0.4172,ambiguous
E242H,0.5306,ambiguous
E242I,0.4192,ambiguous
E242K,0.523,ambiguous
E242L,0.5293,ambiguous
E242M,0.5861,pathogenic
E242N,0.2455,benign
E242P,0.6165,pathogenic
E242Q,0.222,benign
E242R,0.5948,pathogenic
E242S,0.2127,benign
E242T,0.2377,benign
E242V,0.2664,benign
E242W,0.9514,pathogenic
E242Y,0.734,pathogenic
F243A,0.9945,pathogenic
F243C,0.9665,pathogenic
F243D,0.9989,pathogenic
F243E,0.9991,pathogenic
F243G,0.9962,pathogenic
F243H,0.9956,pathogenic
F243I,0.8751,pathogenic
F243K,0.9991,pathogenic
F243L,0.9636,pathogenic
F243M,0.9054,pathogenic
F243N,0.9943,pathogenic
F243P,0.9987,pathogenic
F243Q,0.9982,pathogenic
F243R,0.9986,pathogenic
F243S,0.9965,pathogenic
F243T,0.9961,pathogenic
F243V,0.924,pathogenic
F243W,0.9649,pathogenic
F243Y,0.8319,pathogenic
P244A,0.2274,benign
P244C,0.7526,pathogenic
P244D,0.8286,pathogenic
P244E,0.6781,pathogenic
P244F,0.8953,pathogenic
P244G,0.5679,pathogenic
P244H,0.5262,ambiguous
P244I,0.7535,pathogenic
P244K,0.7872,pathogenic
P244L,0.3742,ambiguous
P244M,0.6655,pathogenic
P244N,0.601,pathogenic
P244Q,0.3874,ambiguous
P244R,0.6722,pathogenic
P244S,0.2791,benign
P244T,0.3228,benign
P244V,0.5888,pathogenic
P244W,0.9571,pathogenic
P244Y,0.887,pathogenic
Q245A,0.4487,ambiguous
Q245C,0.9263,pathogenic
Q245D,0.9304,pathogenic
Q245E,0.4741,ambiguous
Q245F,0.9267,pathogenic
Q245G,0.6952,pathogenic
Q245H,0.8174,pathogenic
Q245I,0.6824,pathogenic
Q245K,0.7294,pathogenic
Q245L,0.4587,ambiguous
Q245M,0.5542,ambiguous
Q245N,0.6551,pathogenic
Q245P,0.6441,pathogenic
Q245R,0.7478,pathogenic
Q245S,0.43,ambiguous
Q245T,0.4285,ambiguous
Q245V,0.4627,ambiguous
Q245W,0.9783,pathogenic
Q245Y,0.9333,pathogenic
P246A,0.4046,ambiguous
P246C,0.953,pathogenic
P246D,0.9951,pathogenic
P246E,0.987,pathogenic
P246F,0.9959,pathogenic
P246G,0.8929,pathogenic
P246H,0.9727,pathogenic
P246I,0.985,pathogenic
P246K,0.9915,pathogenic
P246L,0.9408,pathogenic
P246M,0.9769,pathogenic
P246N,0.9828,pathogenic
P246Q,0.9567,pathogenic
P246R,0.9779,pathogenic
P246S,0.8344,pathogenic
P246T,0.9024,pathogenic
P246V,0.9459,pathogenic
P246W,0.9986,pathogenic
P246Y,0.9933,pathogenic
L247A,0.9648,pathogenic
L247C,0.9618,pathogenic
L247D,0.9998,pathogenic
L247E,0.9962,pathogenic
L247F,0.9313,pathogenic
L247G,0.9976,pathogenic
L247H,0.9931,pathogenic
L247I,0.3853,ambiguous
L247K,0.9913,pathogenic
L247M,0.5444,ambiguous
L247N,0.9963,pathogenic
L247P,0.9988,pathogenic
L247Q,0.9714,pathogenic
L247R,0.987,pathogenic
L247S,0.9951,pathogenic
L247T,0.967,pathogenic
L247V,0.452,ambiguous
L247W,0.9928,pathogenic
L247Y,0.9898,pathogenic
P248A,0.8989,pathogenic
P248C,0.9919,pathogenic
P248D,0.9994,pathogenic
P248E,0.9983,pathogenic
P248F,0.9979,pathogenic
P248G,0.9928,pathogenic
P248H,0.9958,pathogenic
P248I,0.9881,pathogenic
P248K,0.9989,pathogenic
P248L,0.927,pathogenic
P248M,0.9879,pathogenic
P248N,0.9983,pathogenic
P248Q,0.9957,pathogenic
P248R,0.9946,pathogenic
P248S,0.9912,pathogenic
P248T,0.9834,pathogenic
P248V,0.9651,pathogenic
P248W,0.9995,pathogenic
P248Y,0.9983,pathogenic
V249A,0.983,pathogenic
V249C,0.9847,pathogenic
V249D,1,pathogenic
V249E,0.9998,pathogenic
V249F,0.9923,pathogenic
V249G,0.9946,pathogenic
V249H,1,pathogenic
V249I,0.228,benign
V249K,0.9999,pathogenic
V249L,0.8504,pathogenic
V249M,0.9761,pathogenic
V249N,0.9998,pathogenic
V249P,0.9997,pathogenic
V249Q,0.9998,pathogenic
V249R,0.9995,pathogenic
V249S,0.9981,pathogenic
V249T,0.989,pathogenic
V249W,1,pathogenic
V249Y,0.9997,pathogenic
C250A,0.9249,pathogenic
C250D,0.9983,pathogenic
C250E,0.9983,pathogenic
C250F,0.9363,pathogenic
C250G,0.8975,pathogenic
C250H,0.9915,pathogenic
C250I,0.9844,pathogenic
C250K,0.9976,pathogenic
C250L,0.9678,pathogenic
C250M,0.9649,pathogenic
C250N,0.9888,pathogenic
C250P,0.9998,pathogenic
C250Q,0.9894,pathogenic
C250R,0.9808,pathogenic
C250S,0.932,pathogenic
C250T,0.9412,pathogenic
C250V,0.9393,pathogenic
C250W,0.9907,pathogenic
C250Y,0.9842,pathogenic
G251A,0.9776,pathogenic
G251C,0.996,pathogenic
G251D,0.9983,pathogenic
G251E,0.9989,pathogenic
G251F,0.9997,pathogenic
G251H,0.9994,pathogenic
G251I,0.9999,pathogenic
G251K,0.9996,pathogenic
G251L,0.9994,pathogenic
G251M,0.9996,pathogenic
G251N,0.9968,pathogenic
G251P,1,pathogenic
G251Q,0.9981,pathogenic
G251R,0.9986,pathogenic
G251S,0.9608,pathogenic
G251T,0.9972,pathogenic
G251V,0.9996,pathogenic
G251W,0.9995,pathogenic
G251Y,0.9995,pathogenic
D252A,0.9997,pathogenic
D252C,0.9999,pathogenic
D252E,0.9983,pathogenic
D252F,1,pathogenic
D252G,0.9997,pathogenic
D252H,0.9999,pathogenic
D252I,0.9999,pathogenic
D252K,0.9999,pathogenic
D252L,0.9999,pathogenic
D252M,1,pathogenic
D252N,0.995,pathogenic
D252P,0.9999,pathogenic
D252Q,0.9999,pathogenic
D252R,0.9999,pathogenic
D252S,0.9992,pathogenic
D252T,0.9998,pathogenic
D252V,0.9998,pathogenic
D252W,1,pathogenic
D252Y,0.9997,pathogenic
I253A,0.9965,pathogenic
I253C,0.9924,pathogenic
I253D,0.9999,pathogenic
I253E,0.9997,pathogenic
I253F,0.9643,pathogenic
I253G,0.9997,pathogenic
I253H,0.9998,pathogenic
I253K,0.9996,pathogenic
I253L,0.7986,pathogenic
I253M,0.8217,pathogenic
I253N,0.999,pathogenic
I253P,0.9999,pathogenic
I253Q,0.9995,pathogenic
I253R,0.9994,pathogenic
I253S,0.9978,pathogenic
I253T,0.9892,pathogenic
I253V,0.2426,benign
I253W,0.9994,pathogenic
I253Y,0.9985,pathogenic
K254A,0.996,pathogenic
K254C,0.9831,pathogenic
K254D,0.9998,pathogenic
K254E,0.9982,pathogenic
K254F,0.999,pathogenic
K254G,0.9969,pathogenic
K254H,0.9668,pathogenic
K254I,0.9967,pathogenic
K254L,0.985,pathogenic
K254M,0.979,pathogenic
K254N,0.9993,pathogenic
K254P,0.9998,pathogenic
K254Q,0.964,pathogenic
K254R,0.3071,benign
K254S,0.9988,pathogenic
K254T,0.9954,pathogenic
K254V,0.9927,pathogenic
K254W,0.9982,pathogenic
K254Y,0.9965,pathogenic
V255A,0.9681,pathogenic
V255C,0.9735,pathogenic
V255D,0.9999,pathogenic
V255E,0.9995,pathogenic
V255F,0.9439,pathogenic
V255G,0.9788,pathogenic
V255H,0.9999,pathogenic
V255I,0.212,benign
V255K,0.9998,pathogenic
V255L,0.9136,pathogenic
V255M,0.9181,pathogenic
V255N,0.9995,pathogenic
V255P,0.9997,pathogenic
V255Q,0.9993,pathogenic
V255R,0.9992,pathogenic
V255S,0.9974,pathogenic
V255T,0.9816,pathogenic
V255W,0.9996,pathogenic
V255Y,0.9983,pathogenic
E256A,0.9555,pathogenic
E256C,0.991,pathogenic
E256D,0.6779,pathogenic
E256F,0.9977,pathogenic
E256G,0.9884,pathogenic
E256H,0.9939,pathogenic
E256I,0.9591,pathogenic
E256K,0.9942,pathogenic
E256L,0.9899,pathogenic
E256M,0.9884,pathogenic
E256N,0.975,pathogenic
E256P,0.9999,pathogenic
E256Q,0.9133,pathogenic
E256R,0.9924,pathogenic
E256S,0.9563,pathogenic
E256T,0.9559,pathogenic
E256V,0.9036,pathogenic
E256W,0.9992,pathogenic
E256Y,0.9957,pathogenic
F257A,0.9951,pathogenic
F257C,0.8475,pathogenic
F257D,0.9999,pathogenic
F257E,0.9999,pathogenic
F257G,0.9966,pathogenic
F257H,0.999,pathogenic
F257I,0.9593,pathogenic
F257K,0.9999,pathogenic
F257L,0.9959,pathogenic
F257M,0.9765,pathogenic
F257N,0.9993,pathogenic
F257P,1,pathogenic
F257Q,0.9998,pathogenic
F257R,0.9997,pathogenic
F257S,0.9991,pathogenic
F257T,0.9986,pathogenic
F257V,0.9029,pathogenic
F257W,0.9872,pathogenic
F257Y,0.8286,pathogenic
F258A,0.9866,pathogenic
F258C,0.8604,pathogenic
F258D,0.9981,pathogenic
F258E,0.9971,pathogenic
F258G,0.9932,pathogenic
F258H,0.8675,pathogenic
F258I,0.8636,pathogenic
F258K,0.9967,pathogenic
F258L,0.9878,pathogenic
F258M,0.9444,pathogenic
F258N,0.9709,pathogenic
F258P,0.9999,pathogenic
F258Q,0.9783,pathogenic
F258R,0.9879,pathogenic
F258S,0.9505,pathogenic
F258T,0.9641,pathogenic
F258V,0.8693,pathogenic
F258W,0.747,pathogenic
F258Y,0.2638,benign
H259A,0.9843,pathogenic
H259C,0.7574,pathogenic
H259D,0.9864,pathogenic
H259E,0.996,pathogenic
H259F,0.9661,pathogenic
H259G,0.9852,pathogenic
H259I,0.9906,pathogenic
H259K,0.9984,pathogenic
H259L,0.9519,pathogenic
H259M,0.9852,pathogenic
H259N,0.5924,pathogenic
H259P,0.9901,pathogenic
H259Q,0.9629,pathogenic
H259R,0.9948,pathogenic
H259S,0.8737,pathogenic
H259T,0.9849,pathogenic
H259V,0.9882,pathogenic
H259W,0.9678,pathogenic
H259Y,0.9029,pathogenic
K260A,0.9763,pathogenic
K260C,0.9497,pathogenic
K260D,0.9938,pathogenic
K260E,0.9834,pathogenic
K260F,0.9904,pathogenic
K260G,0.9675,pathogenic
K260H,0.8046,pathogenic
K260I,0.9629,pathogenic
K260L,0.9549,pathogenic
K260M,0.9575,pathogenic
K260N,0.9852,pathogenic
K260P,0.9796,pathogenic
K260Q,0.7576,pathogenic
K260R,0.108,benign
K260S,0.9798,pathogenic
K260T,0.9562,pathogenic
K260V,0.9423,pathogenic
K260W,0.9746,pathogenic
K260Y,0.9651,pathogenic
Q261A,0.138,benign
Q261C,0.6633,pathogenic
Q261D,0.7586,pathogenic
Q261E,0.3798,ambiguous
Q261F,0.8157,pathogenic
Q261G,0.1983,benign
Q261H,0.3895,ambiguous
Q261I,0.4601,ambiguous
Q261K,0.5711,pathogenic
Q261L,0.2286,benign
Q261M,0.2911,benign
Q261N,0.1879,benign
Q261P,0.0731,benign
Q261R,0.6282,pathogenic
Q261S,0.1355,benign
Q261T,0.1447,benign
Q261V,0.2747,benign
Q261W,0.8979,pathogenic
Q261Y,0.7014,pathogenic
N262A,0.2515,benign
N262C,0.2483,benign
N262D,0.657,pathogenic
N262E,0.8807,pathogenic
N262F,0.649,pathogenic
N262G,0.1759,benign
N262H,0.2367,benign
N262I,0.4153,ambiguous
N262K,0.8689,pathogenic
N262L,0.3578,ambiguous
N262M,0.3849,ambiguous
N262P,0.43,ambiguous
N262Q,0.5097,ambiguous
N262R,0.88,pathogenic
N262S,0.0878,benign
N262T,0.1656,benign
N262V,0.3276,benign
N262W,0.852,pathogenic
N262Y,0.3493,ambiguous
K263A,0.8968,pathogenic
K263C,0.9143,pathogenic
K263D,0.9758,pathogenic
K263E,0.9591,pathogenic
K263F,0.9415,pathogenic
K263G,0.8521,pathogenic
K263H,0.6808,pathogenic
K263I,0.8752,pathogenic
K263L,0.8291,pathogenic
K263M,0.7958,pathogenic
K263N,0.9392,pathogenic
K263P,0.8908,pathogenic
K263Q,0.6119,pathogenic
K263R,0.095,benign
K263S,0.9283,pathogenic
K263T,0.8469,pathogenic
K263V,0.8205,pathogenic
K263W,0.917,pathogenic
K263Y,0.8935,pathogenic
M264A,0.655,pathogenic
M264C,0.8131,pathogenic
M264D,0.9873,pathogenic
M264E,0.9818,pathogenic
M264F,0.3247,benign
M264G,0.7647,pathogenic
M264H,0.8545,pathogenic
M264I,0.4797,ambiguous
M264K,0.8653,pathogenic
M264L,0.1667,benign
M264N,0.786,pathogenic
M264P,0.7936,pathogenic
M264Q,0.7446,pathogenic
M264R,0.8671,pathogenic
M264S,0.7532,pathogenic
M264T,0.7286,pathogenic
M264V,0.1395,benign
M264W,0.8282,pathogenic
M264Y,0.7147,pathogenic
L265A,0.447,ambiguous
L265C,0.6432,pathogenic
L265D,0.9788,pathogenic
L265E,0.9419,pathogenic
L265F,0.2492,benign
L265G,0.5912,pathogenic
L265H,0.6814,pathogenic
L265I,0.2471,benign
L265K,0.7657,pathogenic
L265M,0.0728,benign
L265N,0.6952,pathogenic
L265P,0.7259,pathogenic
L265Q,0.4133,ambiguous
L265R,0.7507,pathogenic
L265S,0.6376,pathogenic
L265T,0.5479,ambiguous
L265V,0.1947,benign
L265W,0.5374,ambiguous
L265Y,0.6093,pathogenic
K266A,0.9306,pathogenic
K266C,0.9202,pathogenic
K266D,0.9836,pathogenic
K266E,0.9565,pathogenic
K266F,0.9754,pathogenic
K266G,0.83,pathogenic
K266H,0.7629,pathogenic
K266I,0.9469,pathogenic
K266L,0.8788,pathogenic
K266M,0.9033,pathogenic
K266N,0.969,pathogenic
K266P,0.8909,pathogenic
K266Q,0.5779,pathogenic
K266R,0.0989,benign
K266S,0.9525,pathogenic
K266T,0.9146,pathogenic
K266V,0.9111,pathogenic
K266W,0.9554,pathogenic
K266Y,0.9454,pathogenic
K267A,0.9556,pathogenic
K267C,0.9712,pathogenic
K267D,0.965,pathogenic
K267E,0.9408,pathogenic
K267F,0.9906,pathogenic
K267G,0.9029,pathogenic
K267H,0.8677,pathogenic
K267I,0.979,pathogenic
K267L,0.9558,pathogenic
K267M,0.9466,pathogenic
K267N,0.968,pathogenic
K267P,0.9538,pathogenic
K267Q,0.7495,pathogenic
K267R,0.1235,benign
K267S,0.9744,pathogenic
K267T,0.9233,pathogenic
K267V,0.9524,pathogenic
K267W,0.9712,pathogenic
K267Y,0.9558,pathogenic
D268A,0.8999,pathogenic
D268C,0.9756,pathogenic
D268E,0.1834,benign
D268F,0.9683,pathogenic
D268G,0.8999,pathogenic
D268H,0.9613,pathogenic
D268I,0.9375,pathogenic
D268K,0.9569,pathogenic
D268L,0.9532,pathogenic
D268M,0.9781,pathogenic
D268N,0.8337,pathogenic
D268P,0.9936,pathogenic
D268Q,0.8931,pathogenic
D268R,0.9539,pathogenic
D268S,0.9085,pathogenic
D268T,0.9022,pathogenic
D268V,0.831,pathogenic
D268W,0.9897,pathogenic
D268Y,0.866,pathogenic
K269A,0.9871,pathogenic
K269C,0.9731,pathogenic
K269D,0.995,pathogenic
K269E,0.9908,pathogenic
K269F,0.9973,pathogenic
K269G,0.9909,pathogenic
K269H,0.9452,pathogenic
K269I,0.9786,pathogenic
K269L,0.9677,pathogenic
K269M,0.9743,pathogenic
K269N,0.9944,pathogenic
K269P,0.982,pathogenic
K269Q,0.9431,pathogenic
K269R,0.1863,benign
K269S,0.9955,pathogenic
K269T,0.97,pathogenic
K269V,0.9492,pathogenic
K269W,0.9947,pathogenic
K269Y,0.9889,pathogenic
M270A,0.9871,pathogenic
M270C,0.9841,pathogenic
M270D,0.9999,pathogenic
M270E,0.9991,pathogenic
M270F,0.9703,pathogenic
M270G,0.9984,pathogenic
M270H,0.9995,pathogenic
M270I,0.9502,pathogenic
M270K,0.9985,pathogenic
M270L,0.5896,pathogenic
M270N,0.9987,pathogenic
M270P,0.9997,pathogenic
M270Q,0.9901,pathogenic
M270R,0.9992,pathogenic
M270S,0.9973,pathogenic
M270T,0.9976,pathogenic
M270V,0.7836,pathogenic
M270W,0.9995,pathogenic
M270Y,0.9976,pathogenic
F271A,0.9977,pathogenic
F271C,0.9654,pathogenic
F271D,0.9999,pathogenic
F271E,0.9999,pathogenic
F271G,0.9951,pathogenic
F271H,0.9991,pathogenic
F271I,0.9988,pathogenic
F271K,0.9999,pathogenic
F271L,0.9992,pathogenic
F271M,0.9957,pathogenic
F271N,0.9995,pathogenic
F271P,1,pathogenic
F271Q,0.9998,pathogenic
F271R,0.9996,pathogenic
F271S,0.9993,pathogenic
F271T,0.9996,pathogenic
F271V,0.9971,pathogenic
F271W,0.9899,pathogenic
F271Y,0.9627,pathogenic
H272A,0.9698,pathogenic
H272C,0.7707,pathogenic
H272D,0.9973,pathogenic
H272E,0.9961,pathogenic
H272F,0.9296,pathogenic
H272G,0.9811,pathogenic
H272I,0.9837,pathogenic
H272K,0.9956,pathogenic
H272L,0.9214,pathogenic
H272M,0.9738,pathogenic
H272N,0.9267,pathogenic
H272P,0.9964,pathogenic
H272Q,0.9402,pathogenic
H272R,0.9865,pathogenic
H272S,0.912,pathogenic
H272T,0.9738,pathogenic
H272V,0.9786,pathogenic
H272W,0.9585,pathogenic
H272Y,0.899,pathogenic
F273A,0.9938,pathogenic
F273C,0.8966,pathogenic
F273D,0.9999,pathogenic
F273E,0.9999,pathogenic
F273G,0.9968,pathogenic
F273H,0.9991,pathogenic
F273I,0.9496,pathogenic
F273K,0.9999,pathogenic
F273L,0.9945,pathogenic
F273M,0.9725,pathogenic
F273N,0.9995,pathogenic
F273P,1,pathogenic
F273Q,0.9997,pathogenic
F273R,0.9996,pathogenic
F273S,0.9984,pathogenic
F273T,0.9975,pathogenic
F273V,0.9209,pathogenic
F273W,0.9914,pathogenic
F273Y,0.9348,pathogenic
W274A,0.9949,pathogenic
W274C,0.9942,pathogenic
W274D,0.9999,pathogenic
W274E,0.9998,pathogenic
W274F,0.9235,pathogenic
W274G,0.9932,pathogenic
W274H,0.9969,pathogenic
W274I,0.9983,pathogenic
W274K,1,pathogenic
W274L,0.9965,pathogenic
W274M,0.9987,pathogenic
W274N,0.9996,pathogenic
W274P,0.9998,pathogenic
W274Q,0.9995,pathogenic
W274R,0.9998,pathogenic
W274S,0.9914,pathogenic
W274T,0.9954,pathogenic
W274V,0.9958,pathogenic
W274Y,0.977,pathogenic
V275A,0.9586,pathogenic
V275C,0.9183,pathogenic
V275D,0.9995,pathogenic
V275E,0.9981,pathogenic
V275F,0.6898,pathogenic
V275G,0.97,pathogenic
V275H,0.9991,pathogenic
V275I,0.1311,benign
V275K,0.9989,pathogenic
V275L,0.6942,pathogenic
V275M,0.8081,pathogenic
V275N,0.997,pathogenic
V275P,0.9994,pathogenic
V275Q,0.9975,pathogenic
V275R,0.9968,pathogenic
V275S,0.9921,pathogenic
V275T,0.9729,pathogenic
V275W,0.9976,pathogenic
V275Y,0.9883,pathogenic
N276A,0.9988,pathogenic
N276C,0.9728,pathogenic
N276D,0.9987,pathogenic
N276E,0.9993,pathogenic
N276F,0.9998,pathogenic
N276G,0.9977,pathogenic
N276H,0.952,pathogenic
N276I,0.9997,pathogenic
N276K,0.9998,pathogenic
N276L,0.9985,pathogenic
N276M,0.9994,pathogenic
N276P,0.9981,pathogenic
N276Q,0.999,pathogenic
N276R,0.9995,pathogenic
N276S,0.9416,pathogenic
N276T,0.9968,pathogenic
N276V,0.9993,pathogenic
N276W,0.9998,pathogenic
N276Y,0.9975,pathogenic
T277A,0.9908,pathogenic
T277C,0.9955,pathogenic
T277D,0.9995,pathogenic
T277E,0.9996,pathogenic
T277F,0.9998,pathogenic
T277G,0.9923,pathogenic
T277H,0.9991,pathogenic
T277I,0.9993,pathogenic
T277K,0.9995,pathogenic
T277L,0.9941,pathogenic
T277M,0.9953,pathogenic
T277N,0.9948,pathogenic
T277P,0.9957,pathogenic
T277Q,0.9991,pathogenic
T277R,0.9989,pathogenic
T277S,0.9539,pathogenic
T277V,0.9929,pathogenic
T277W,1,pathogenic
T277Y,0.9998,pathogenic
F278A,0.9918,pathogenic
F278C,0.9466,pathogenic
F278D,0.9997,pathogenic
F278E,0.9998,pathogenic
F278G,0.9967,pathogenic
F278H,0.9704,pathogenic
F278I,0.9965,pathogenic
F278K,0.9996,pathogenic
F278L,0.9991,pathogenic
F278M,0.9936,pathogenic
F278N,0.9952,pathogenic
F278P,1,pathogenic
F278Q,0.9984,pathogenic
F278R,0.997,pathogenic
F278S,0.9894,pathogenic
F278T,0.9981,pathogenic
F278V,0.9896,pathogenic
F278W,0.911,pathogenic
F278Y,0.337,benign
F279A,0.9986,pathogenic
F279C,0.9925,pathogenic
F279D,0.9999,pathogenic
F279E,0.9998,pathogenic
F279G,0.9989,pathogenic
F279H,0.9962,pathogenic
F279I,0.9973,pathogenic
F279K,0.9999,pathogenic
F279L,0.9989,pathogenic
F279M,0.9956,pathogenic
F279N,0.9995,pathogenic
F279P,1,pathogenic
F279Q,0.9994,pathogenic
F279R,0.999,pathogenic
F279S,0.999,pathogenic
F279T,0.9994,pathogenic
F279V,0.9947,pathogenic
F279W,0.9831,pathogenic
F279Y,0.9334,pathogenic
I280A,0.9924,pathogenic
I280C,0.985,pathogenic
I280D,0.9998,pathogenic
I280E,0.9994,pathogenic
I280F,0.9083,pathogenic
I280G,0.9993,pathogenic
I280H,0.9989,pathogenic
I280K,0.999,pathogenic
I280L,0.5795,pathogenic
I280M,0.8317,pathogenic
I280N,0.9969,pathogenic
I280P,0.9969,pathogenic
I280Q,0.9984,pathogenic
I280R,0.998,pathogenic
I280S,0.9929,pathogenic
I280T,0.9926,pathogenic
I280V,0.2652,benign
I280W,0.9988,pathogenic
I280Y,0.9953,pathogenic
P281A,0.2663,benign
P281C,0.7677,pathogenic
P281D,0.8112,pathogenic
P281E,0.625,pathogenic
P281F,0.9004,pathogenic
P281G,0.5942,pathogenic
P281H,0.5348,ambiguous
P281I,0.7945,pathogenic
P281K,0.6373,pathogenic
P281L,0.4746,ambiguous
P281M,0.7694,pathogenic
P281N,0.7086,pathogenic
P281Q,0.4214,ambiguous
P281R,0.4455,ambiguous
P281S,0.4117,ambiguous
P281T,0.3598,ambiguous
P281V,0.6218,pathogenic
P281W,0.9344,pathogenic
P281Y,0.8579,pathogenic
G282A,0.1369,benign
G282C,0.2177,benign
G282D,0.5824,pathogenic
G282E,0.49,ambiguous
G282F,0.6043,pathogenic
G282H,0.6453,pathogenic
G282I,0.361,ambiguous
G282K,0.7755,pathogenic
G282L,0.4331,ambiguous
G282M,0.5164,ambiguous
G282N,0.4945,ambiguous
G282P,0.6629,pathogenic
G282Q,0.5568,ambiguous
G282R,0.6642,pathogenic
G282S,0.1536,benign
G282T,0.2615,benign
G282V,0.2503,benign
G282W,0.5998,pathogenic
G282Y,0.5515,ambiguous
P283A,0.0922,benign
P283C,0.3349,benign
P283D,0.3687,ambiguous
P283E,0.2362,benign
P283F,0.352,ambiguous
P283G,0.2333,benign
P283H,0.1923,benign
P283I,0.2255,benign
P283K,0.2605,benign
P283L,0.1096,benign
P283M,0.2101,benign
P283N,0.2406,benign
P283Q,0.1407,benign
P283R,0.1979,benign
P283S,0.1346,benign
P283T,0.111,benign
P283V,0.1594,benign
P283W,0.5416,ambiguous
P283Y,0.3692,ambiguous
E284A,0.187,benign
E284C,0.6334,pathogenic
E284D,0.0798,benign
E284F,0.6402,pathogenic
E284G,0.1596,benign
E284H,0.4364,ambiguous
E284I,0.3604,ambiguous
E284K,0.2399,benign
E284L,0.3521,ambiguous
E284M,0.4707,ambiguous
E284N,0.2179,benign
E284P,0.4663,ambiguous
E284Q,0.1805,benign
E284R,0.3197,benign
E284S,0.1886,benign
E284T,0.2369,benign
E284V,0.2361,benign
E284W,0.8008,pathogenic
E284Y,0.5136,ambiguous
E285A,0.1755,benign
E285C,0.6501,pathogenic
E285D,0.075,benign
E285F,0.6403,pathogenic
E285G,0.142,benign
E285H,0.4266,ambiguous
E285I,0.3085,benign
E285K,0.2493,benign
E285L,0.3747,ambiguous
E285M,0.422,ambiguous
E285N,0.1881,benign
E285P,0.4827,ambiguous
E285Q,0.1869,benign
E285R,0.3571,ambiguous
E285S,0.204,benign
E285T,0.2129,benign
E285V,0.1956,benign
E285W,0.8427,pathogenic
E285Y,0.4717,ambiguous
T286A,0.0611,benign
T286C,0.1188,benign
T286D,0.1277,benign
T286E,0.1473,benign
T286F,0.1003,benign
T286G,0.0838,benign
T286H,0.1,benign
T286I,0.0797,benign
T286K,0.1533,benign
T286L,0.0676,benign
T286M,0.0751,benign
T286N,0.0542,benign
T286P,0.0701,benign
T286Q,0.1228,benign
T286R,0.1471,benign
T286S,0.0612,benign
T286V,0.0753,benign
T286W,0.2518,benign
T286Y,0.1031,benign
S287A,0.0572,benign
S287C,0.0759,benign
S287D,0.1671,benign
S287E,0.1983,benign
S287F,0.1143,benign
S287G,0.0595,benign
S287H,0.1606,benign
S287I,0.0878,benign
S287K,0.2661,benign
S287L,0.0657,benign
S287M,0.1031,benign
S287N,0.0762,benign
S287P,0.071,benign
S287Q,0.189,benign
S287R,0.2496,benign
S287T,0.0584,benign
S287V,0.0815,benign
S287W,0.1897,benign
S287Y,0.1155,benign
E288A,0.1442,benign
E288C,0.4433,ambiguous
E288D,0.0633,benign
E288F,0.4676,ambiguous
E288G,0.0988,benign
E288H,0.2697,benign
E288I,0.2463,benign
E288K,0.175,benign
E288L,0.2384,benign
E288M,0.336,benign
E288N,0.1361,benign
E288P,0.3163,benign
E288Q,0.1285,benign
E288R,0.2302,benign
E288S,0.1216,benign
E288T,0.1623,benign
E288V,0.1718,benign
E288W,0.6403,pathogenic
E288Y,0.3417,ambiguous
K289A,0.209,benign
K289C,0.4627,ambiguous
K289D,0.3183,benign
K289E,0.1398,benign
K289F,0.565,pathogenic
K289G,0.2626,benign
K289H,0.2057,benign
K289I,0.255,benign
K289L,0.243,benign
K289M,0.1844,benign
K289N,0.2582,benign
K289P,0.4006,ambiguous
K289Q,0.111,benign
K289R,0.0716,benign
K289S,0.2733,benign
K289T,0.1318,benign
K289V,0.2204,benign
K289W,0.5496,ambiguous
K289Y,0.4317,ambiguous
V290A,0.1042,benign
V290C,0.4219,ambiguous
V290D,0.2073,benign
V290E,0.168,benign
V290F,0.0976,benign
V290G,0.105,benign
V290H,0.326,benign
V290I,0.0677,benign
V290K,0.2195,benign
V290L,0.0967,benign
V290M,0.0834,benign
V290N,0.1517,benign
V290P,0.1924,benign
V290Q,0.1791,benign
V290R,0.2031,benign
V290S,0.1259,benign
V290T,0.1072,benign
V290W,0.4216,ambiguous
V290Y,0.2737,benign
E291A,0.2686,benign
E291C,0.7981,pathogenic
E291D,0.1509,benign
E291F,0.8306,pathogenic
E291G,0.2354,benign
E291H,0.6471,pathogenic
E291I,0.5276,ambiguous
E291K,0.3493,ambiguous
E291L,0.5338,ambiguous
E291M,0.6421,pathogenic
E291N,0.3901,ambiguous
E291P,0.5592,ambiguous
E291Q,0.2204,benign
E291R,0.4458,ambiguous
E291S,0.309,benign
E291T,0.3533,ambiguous
E291V,0.3277,benign
E291W,0.9345,pathogenic
E291Y,0.7467,pathogenic
N292A,0.8826,pathogenic
N292C,0.9197,pathogenic
N292D,0.7653,pathogenic
N292E,0.9296,pathogenic
N292F,0.9736,pathogenic
N292G,0.8212,pathogenic
N292H,0.8512,pathogenic
N292I,0.8974,pathogenic
N292K,0.9645,pathogenic
N292L,0.8956,pathogenic
N292M,0.9149,pathogenic
N292P,0.904,pathogenic
N292Q,0.9557,pathogenic
N292R,0.9484,pathogenic
N292S,0.6372,pathogenic
N292T,0.8089,pathogenic
N292V,0.8832,pathogenic
N292W,0.9877,pathogenic
N292Y,0.8117,pathogenic
G293A,0.6657,pathogenic
G293C,0.879,pathogenic
G293D,0.9538,pathogenic
G293E,0.9669,pathogenic
G293F,0.9691,pathogenic
G293H,0.9761,pathogenic
G293I,0.9504,pathogenic
G293K,0.9857,pathogenic
G293L,0.9606,pathogenic
G293M,0.9724,pathogenic
G293N,0.9176,pathogenic
G293P,0.9869,pathogenic
G293Q,0.9671,pathogenic
G293R,0.9627,pathogenic
G293S,0.6811,pathogenic
G293T,0.8923,pathogenic
G293V,0.9224,pathogenic
G293W,0.975,pathogenic
G293Y,0.9591,pathogenic
S294A,0.0715,benign
S294C,0.0761,benign
S294D,0.314,benign
S294E,0.4017,ambiguous
S294F,0.1278,benign
S294G,0.0698,benign
S294H,0.2628,benign
S294I,0.1025,benign
S294K,0.511,ambiguous
S294L,0.0736,benign
S294M,0.132,benign
S294N,0.0998,benign
S294P,0.2424,benign
S294Q,0.357,ambiguous
S294R,0.4506,ambiguous
S294T,0.0651,benign
S294V,0.1008,benign
S294W,0.2962,benign
S294Y,0.1521,benign
L295A,0.1027,benign
L295C,0.1986,benign
L295D,0.2971,benign
L295E,0.2215,benign
L295F,0.0713,benign
L295G,0.1814,benign
L295H,0.1344,benign
L295I,0.0662,benign
L295K,0.1915,benign
L295M,0.0877,benign
L295N,0.1462,benign
L295P,0.1176,benign
L295Q,0.1098,benign
L295R,0.1517,benign
L295S,0.1116,benign
L295T,0.1021,benign
L295V,0.0621,benign
L295W,0.1774,benign
L295Y,0.17,benign
C296A,0.09,benign
C296D,0.1374,benign
C296E,0.2097,benign
C296F,0.0724,benign
C296G,0.0651,benign
C296H,0.1198,benign
C296I,0.1096,benign
C296K,0.1985,benign
C296L,0.1138,benign
C296M,0.1829,benign
C296N,0.0949,benign
C296P,0.1379,benign
C296Q,0.1294,benign
C296R,0.113,benign
C296S,0.0785,benign
C296T,0.098,benign
C296V,0.1045,benign
C296W,0.1405,benign
C296Y,0.0864,benign
D297A,0.1194,benign
D297C,0.2308,benign
D297E,0.0768,benign
D297F,0.2964,benign
D297G,0.1025,benign
D297H,0.1512,benign
D297I,0.177,benign
D297K,0.217,benign
D297L,0.1823,benign
D297M,0.3121,benign
D297N,0.0793,benign
D297P,0.2378,benign
D297Q,0.1461,benign
D297R,0.2301,benign
D297S,0.0828,benign
D297T,0.1197,benign
D297V,0.1337,benign
D297W,0.6099,pathogenic
D297Y,0.1552,benign
Q298A,0.1007,benign
Q298C,0.2466,benign
Q298D,0.1158,benign
Q298E,0.0664,benign
Q298F,0.3339,benign
Q298G,0.1067,benign
Q298H,0.0951,benign
Q298I,0.1899,benign
Q298K,0.0796,benign
Q298L,0.0993,benign
Q298M,0.1905,benign
Q298N,0.1029,benign
Q298P,0.0773,benign
Q298R,0.0911,benign
Q298S,0.0962,benign
Q298T,0.0853,benign
Q298V,0.1298,benign
Q298W,0.2993,benign
Q298Y,0.1963,benign
E299A,0.1494,benign
E299C,0.5093,ambiguous
E299D,0.0568,benign
E299F,0.515,ambiguous
E299G,0.1131,benign
E299H,0.2794,benign
E299I,0.2679,benign
E299K,0.2034,benign
E299L,0.2771,benign
E299M,0.3557,ambiguous
E299N,0.122,benign
E299P,0.2795,benign
E299Q,0.1363,benign
E299R,0.2821,benign
E299S,0.1396,benign
E299T,0.1665,benign
E299V,0.1809,benign
E299W,0.7367,pathogenic
E299Y,0.362,ambiguous
I300A,0.0798,benign
I300C,0.2588,benign
I300D,0.2025,benign
I300E,0.1625,benign
I300F,0.0785,benign
I300G,0.1466,benign
I300H,0.1831,benign
I300K,0.143,benign
I300L,0.0623,benign
I300M,0.0535,benign
I300N,0.0884,benign
I300P,0.1395,benign
I300Q,0.1351,benign
I300R,0.1247,benign
I300S,0.0874,benign
I300T,0.0638,benign
I300V,0.0624,benign
I300W,0.2638,benign
I300Y,0.2037,benign
D301A,0.1765,benign
D301C,0.4352,ambiguous
D301E,0.1158,benign
D301F,0.4735,ambiguous
D301G,0.1418,benign
D301H,0.2607,benign
D301I,0.3533,ambiguous
D301K,0.378,ambiguous
D301L,0.3356,benign
D301M,0.5307,ambiguous
D301N,0.111,benign
D301P,0.3739,ambiguous
D301Q,0.2657,benign
D301R,0.3756,ambiguous
D301S,0.1209,benign
D301T,0.1947,benign
D301V,0.2449,benign
D301W,0.7943,pathogenic
D301Y,0.2598,benign
S302A,0.0712,benign
S302C,0.0834,benign
S302D,0.1819,benign
S302E,0.2805,benign
S302F,0.194,benign
S302G,0.0542,benign
S302H,0.1936,benign
S302I,0.1298,benign
S302K,0.3933,ambiguous
S302L,0.1114,benign
S302M,0.1627,benign
S302N,0.0729,benign
S302P,0.1209,benign
S302Q,0.2811,benign
S302R,0.3604,ambiguous
S302T,0.065,benign
S302V,0.1168,benign
S302W,0.3349,benign
S302Y,0.1631,benign
I303A,0.1435,benign
I303C,0.3053,benign
I303D,0.3302,benign
I303E,0.3253,benign
I303F,0.0801,benign
I303G,0.2444,benign
I303H,0.2574,benign
I303K,0.3136,benign
I303L,0.0718,benign
I303M,0.0886,benign
I303N,0.1369,benign
I303P,0.2098,benign
I303Q,0.2434,benign
I303R,0.2451,benign
I303S,0.1328,benign
I303T,0.1527,benign
I303V,0.0631,benign
I303W,0.4774,ambiguous
I303Y,0.2819,benign
C304A,0.1239,benign
C304D,0.1819,benign
C304E,0.2886,benign
C304F,0.0747,benign
C304G,0.0746,benign
C304H,0.144,benign
C304I,0.1491,benign
C304K,0.2999,benign
C304L,0.1624,benign
C304M,0.26,benign
C304N,0.1177,benign
C304P,0.2276,benign
C304Q,0.1783,benign
C304R,0.1563,benign
C304S,0.0891,benign
C304T,0.1183,benign
C304V,0.1391,benign
C304W,0.1835,benign
C304Y,0.0909,benign
S305A,0.0653,benign
S305C,0.0804,benign
S305D,0.2188,benign
S305E,0.3097,benign
S305F,0.1396,benign
S305G,0.0692,benign
S305H,0.1928,benign
S305I,0.1227,benign
S305K,0.4162,ambiguous
S305L,0.0799,benign
S305M,0.1471,benign
S305N,0.0814,benign
S305P,0.078,benign
S305Q,0.2734,benign
S305R,0.3859,ambiguous
S305T,0.0627,benign
S305V,0.11,benign
S305W,0.28,benign
S305Y,0.1431,benign
I306A,0.0637,benign
I306C,0.2155,benign
I306D,0.187,benign
I306E,0.1445,benign
I306F,0.0705,benign
I306G,0.1183,benign
I306H,0.1455,benign
I306K,0.1182,benign
I306L,0.0611,benign
I306M,0.0587,benign
I306N,0.0869,benign
I306P,0.1045,benign
I306Q,0.1088,benign
I306R,0.1011,benign
I306S,0.0716,benign
I306T,0.0565,benign
I306V,0.0555,benign
I306W,0.2588,benign
I306Y,0.1919,benign
E307A,0.1479,benign
E307C,0.5312,ambiguous
E307D,0.0688,benign
E307F,0.5524,ambiguous
E307G,0.1088,benign
E307H,0.2801,benign
E307I,0.2932,benign
E307K,0.1855,benign
E307L,0.296,benign
E307M,0.4022,ambiguous
E307N,0.1476,benign
E307P,0.2631,benign
E307Q,0.1172,benign
E307R,0.2483,benign
E307S,0.1223,benign
E307T,0.156,benign
E307V,0.1981,benign
E307W,0.7484,pathogenic
E307Y,0.438,ambiguous
R308A,0.1817,benign
R308C,0.1585,benign
R308D,0.2452,benign
R308E,0.1649,benign
R308F,0.3631,ambiguous
R308G,0.1028,benign
R308H,0.1007,benign
R308I,0.1779,benign
R308K,0.0716,benign
R308L,0.162,benign
R308M,0.1786,benign
R308N,0.2452,benign
R308P,0.2129,benign
R308Q,0.0843,benign
R308S,0.2219,benign
R308T,0.1305,benign
R308V,0.1955,benign
R308W,0.2,benign
R308Y,0.2663,benign
A309C,0.1641,benign
A309D,0.1301,benign
A309E,0.1328,benign
A309F,0.1591,benign
A309G,0.0674,benign
A309H,0.1984,benign
A309I,0.1097,benign
A309K,0.2213,benign
A309L,0.085,benign
A309M,0.1075,benign
A309N,0.0967,benign
A309P,0.0843,benign
A309Q,0.1563,benign
A309R,0.2287,benign
A309S,0.0684,benign
A309T,0.0615,benign
A309V,0.0775,benign
A309W,0.3376,benign
A309Y,0.196,benign
D310A,0.1301,benign
D310C,0.3201,benign
D310E,0.0748,benign
D310F,0.392,ambiguous
D310G,0.1076,benign
D310H,0.2307,benign
D310I,0.2217,benign
D310K,0.2721,benign
D310L,0.2458,benign
D310M,0.3556,ambiguous
D310N,0.0918,benign
D310P,0.3383,benign
D310Q,0.1857,benign
D310R,0.3023,benign
D310S,0.1005,benign
D310T,0.1533,benign
D310V,0.1551,benign
D310W,0.6805,pathogenic
D310Y,0.2244,benign
N311A,0.081,benign
N311C,0.0955,benign
N311D,0.0798,benign
N311E,0.1593,benign
N311F,0.2442,benign
N311G,0.098,benign
N311H,0.078,benign
N311I,0.1037,benign
N311K,0.1535,benign
N311L,0.1148,benign
N311M,0.1596,benign
N311P,0.1667,benign
N311Q,0.1426,benign
N311R,0.168,benign
N311S,0.0595,benign
N311T,0.0646,benign
N311V,0.0952,benign
N311W,0.4322,ambiguous
N311Y,0.1126,benign
D312A,0.1938,benign
D312C,0.4041,ambiguous
D312E,0.0885,benign
D312F,0.5155,ambiguous
D312G,0.1434,benign
D312H,0.2766,benign
D312I,0.3214,benign
D312K,0.3378,benign
D312L,0.3288,benign
D312M,0.4818,ambiguous
D312N,0.1068,benign
D312P,0.4915,ambiguous
D312Q,0.229,benign
D312R,0.3626,ambiguous
D312S,0.1283,benign
D312T,0.2036,benign
D312V,0.2249,benign
D312W,0.7902,pathogenic
D312Y,0.2638,benign
K313A,0.3064,benign
K313C,0.5556,ambiguous
K313D,0.3486,ambiguous
K313E,0.1481,benign
K313F,0.7799,pathogenic
K313G,0.2639,benign
K313H,0.2564,benign
K313I,0.4659,ambiguous
K313L,0.4049,ambiguous
K313M,0.3357,benign
K313N,0.352,ambiguous
K313P,0.4456,ambiguous
K313Q,0.1198,benign
K313R,0.0664,benign
K313S,0.3207,benign
K313T,0.1975,benign
K313V,0.4004,ambiguous
K313W,0.6685,pathogenic
K313Y,0.6036,pathogenic
E314A,0.247,benign
E314C,0.7293,pathogenic
E314D,0.0514,benign
E314F,0.7898,pathogenic
E314G,0.1916,benign
E314H,0.5174,ambiguous
E314I,0.5162,ambiguous
E314K,0.3882,ambiguous
E314L,0.5285,ambiguous
E314M,0.6282,pathogenic
E314N,0.1775,benign
E314P,0.4313,ambiguous
E314Q,0.2466,benign
E314R,0.4707,ambiguous
E314S,0.2144,benign
E314T,0.2915,benign
E314V,0.3623,ambiguous
E314W,0.8994,pathogenic
E314Y,0.5884,pathogenic
Y315A,0.5822,pathogenic
Y315C,0.1964,benign
Y315D,0.4941,ambiguous
Y315E,0.697,pathogenic
Y315F,0.0809,benign
Y315G,0.5732,pathogenic
Y315H,0.3043,benign
Y315I,0.3973,ambiguous
Y315K,0.7284,pathogenic
Y315L,0.4517,ambiguous
Y315M,0.4949,ambiguous
Y315N,0.2333,benign
Y315P,0.8476,pathogenic
Y315Q,0.6071,pathogenic
Y315R,0.6625,pathogenic
Y315S,0.4,ambiguous
Y315T,0.4525,ambiguous
Y315V,0.3334,benign
Y315W,0.4159,ambiguous
L316A,0.6192,pathogenic
L316C,0.588,pathogenic
L316D,0.9705,pathogenic
L316E,0.8229,pathogenic
L316F,0.3046,benign
L316G,0.8823,pathogenic
L316H,0.5159,ambiguous
L316I,0.2274,benign
L316K,0.6223,pathogenic
L316M,0.1776,benign
L316N,0.84,pathogenic
L316P,0.9872,pathogenic
L316Q,0.3919,ambiguous
L316R,0.4548,ambiguous
L316S,0.7536,pathogenic
L316T,0.5906,pathogenic
L316V,0.1956,benign
L316W,0.5233,ambiguous
L316Y,0.5009,ambiguous
V317A,0.4239,ambiguous
V317C,0.6017,pathogenic
V317D,0.8822,pathogenic
V317E,0.6244,pathogenic
V317F,0.2672,benign
V317G,0.5799,pathogenic
V317H,0.7581,pathogenic
V317I,0.062,benign
V317K,0.6815,pathogenic
V317L,0.2209,benign
V317M,0.1927,benign
V317N,0.6191,pathogenic
V317P,0.9434,pathogenic
V317Q,0.5535,ambiguous
V317R,0.6441,pathogenic
V317S,0.4415,ambiguous
V317T,0.2528,benign
V317W,0.8708,pathogenic
V317Y,0.646,pathogenic
L318A,0.9211,pathogenic
L318C,0.8477,pathogenic
L318D,0.9984,pathogenic
L318E,0.9889,pathogenic
L318F,0.507,ambiguous
L318G,0.9872,pathogenic
L318H,0.9398,pathogenic
L318I,0.3176,benign
L318K,0.963,pathogenic
L318M,0.2887,benign
L318N,0.9893,pathogenic
L318P,0.999,pathogenic
L318Q,0.9298,pathogenic
L318R,0.9392,pathogenic
L318S,0.9824,pathogenic
L318T,0.9452,pathogenic
L318V,0.3505,ambiguous
L318W,0.8877,pathogenic
L318Y,0.8569,pathogenic
T319A,0.1173,benign
T319C,0.1911,benign
T319D,0.7161,pathogenic
T319E,0.4901,ambiguous
T319F,0.3106,benign
T319G,0.3646,ambiguous
T319H,0.3233,benign
T319I,0.1621,benign
T319K,0.5098,ambiguous
T319L,0.1542,benign
T319M,0.1135,benign
T319N,0.2234,benign
T319P,0.6565,pathogenic
T319Q,0.3182,benign
T319R,0.4532,ambiguous
T319S,0.1302,benign
T319V,0.1132,benign
T319W,0.6855,pathogenic
T319Y,0.352,ambiguous
L320A,0.9889,pathogenic
L320C,0.9718,pathogenic
L320D,0.9999,pathogenic
L320E,0.9993,pathogenic
L320F,0.6444,pathogenic
L320G,0.9986,pathogenic
L320H,0.9967,pathogenic
L320I,0.4335,ambiguous
L320K,0.9981,pathogenic
L320M,0.492,ambiguous
L320N,0.9992,pathogenic
L320P,0.9996,pathogenic
L320Q,0.9975,pathogenic
L320R,0.9963,pathogenic
L320S,0.9992,pathogenic
L320T,0.9965,pathogenic
L320V,0.6022,pathogenic
L320W,0.987,pathogenic
L320Y,0.9825,pathogenic
T321A,0.1033,benign
T321C,0.1942,benign
T321D,0.404,ambiguous
T321E,0.4009,ambiguous
T321F,0.3034,benign
T321G,0.126,benign
T321H,0.2079,benign
T321I,0.3628,ambiguous
T321K,0.3274,benign
T321L,0.1223,benign
T321M,0.1183,benign
T321N,0.098,benign
T321P,0.182,benign
T321Q,0.203,benign
T321R,0.2905,benign
T321S,0.0771,benign
T321V,0.2381,benign
T321W,0.5905,pathogenic
T321Y,0.3172,benign
K322A,0.9986,pathogenic
K322C,0.9991,pathogenic
K322D,0.9999,pathogenic
K322E,0.9995,pathogenic
K322F,1,pathogenic
K322G,0.9991,pathogenic
K322H,0.9987,pathogenic
K322I,0.9992,pathogenic
K322L,0.9989,pathogenic
K322M,0.9989,pathogenic
K322N,0.9998,pathogenic
K322P,0.9984,pathogenic
K322Q,0.9977,pathogenic
K322R,0.702,pathogenic
K322S,0.9997,pathogenic
K322T,0.9985,pathogenic
K322V,0.9972,pathogenic
K322W,0.9999,pathogenic
K322Y,0.9998,pathogenic
N323A,0.1626,benign
N323C,0.1675,benign
N323D,0.2989,benign
N323E,0.5664,pathogenic
N323F,0.511,ambiguous
N323G,0.19,benign
N323H,0.1791,benign
N323I,0.2582,benign
N323K,0.6613,pathogenic
N323L,0.2362,benign
N323M,0.2447,benign
N323P,0.6455,pathogenic
N323Q,0.3833,ambiguous
N323R,0.6845,pathogenic
N323S,0.0871,benign
N323T,0.1145,benign
N323V,0.2184,benign
N323W,0.732,pathogenic
N323Y,0.2335,benign
D324A,0.8227,pathogenic
D324C,0.9406,pathogenic
D324E,0.6128,pathogenic
D324F,0.9695,pathogenic
D324G,0.9203,pathogenic
D324H,0.9007,pathogenic
D324I,0.9758,pathogenic
D324K,0.9826,pathogenic
D324L,0.967,pathogenic
D324M,0.9729,pathogenic
D324N,0.6598,pathogenic
D324P,0.9991,pathogenic
D324Q,0.893,pathogenic
D324R,0.9827,pathogenic
D324S,0.789,pathogenic
D324T,0.9512,pathogenic
D324V,0.9412,pathogenic
D324W,0.9955,pathogenic
D324Y,0.8765,pathogenic
L325A,0.9929,pathogenic
L325C,0.9933,pathogenic
L325D,1,pathogenic
L325E,0.9998,pathogenic
L325F,0.9982,pathogenic
L325G,0.9995,pathogenic
L325H,0.9999,pathogenic
L325I,0.4209,ambiguous
L325K,0.9996,pathogenic
L325M,0.89,pathogenic
L325N,0.9997,pathogenic
L325P,0.9999,pathogenic
L325Q,0.9998,pathogenic
L325R,0.9993,pathogenic
L325S,0.9998,pathogenic
L325T,0.9932,pathogenic
L325V,0.6687,pathogenic
L325W,0.9998,pathogenic
L325Y,0.9998,pathogenic
D326A,0.9997,pathogenic
D326C,1,pathogenic
D326E,0.9991,pathogenic
D326F,1,pathogenic
D326G,0.9996,pathogenic
D326H,0.9999,pathogenic
D326I,1,pathogenic
D326K,0.9999,pathogenic
D326L,0.9998,pathogenic
D326M,1,pathogenic
D326N,0.9995,pathogenic
D326P,0.9999,pathogenic
D326Q,0.9999,pathogenic
D326R,0.9999,pathogenic
D326S,0.9997,pathogenic
D326T,0.9999,pathogenic
D326V,0.9998,pathogenic
D326W,1,pathogenic
D326Y,0.9996,pathogenic
K327A,0.9818,pathogenic
K327C,0.989,pathogenic
K327D,0.991,pathogenic
K327E,0.9908,pathogenic
K327F,0.9965,pathogenic
K327G,0.9758,pathogenic
K327H,0.9579,pathogenic
K327I,0.9841,pathogenic
K327L,0.9797,pathogenic
K327M,0.9735,pathogenic
K327N,0.9925,pathogenic
K327P,0.9986,pathogenic
K327Q,0.9529,pathogenic
K327R,0.2632,benign
K327S,0.994,pathogenic
K327T,0.9753,pathogenic
K327V,0.9681,pathogenic
K327W,0.9958,pathogenic
K327Y,0.9869,pathogenic
A328C,0.9858,pathogenic
A328D,0.9999,pathogenic
A328E,0.9997,pathogenic
A328F,0.9989,pathogenic
A328G,0.927,pathogenic
A328H,0.9998,pathogenic
A328I,0.998,pathogenic
A328K,0.9999,pathogenic
A328L,0.9919,pathogenic
A328M,0.9984,pathogenic
A328N,0.9996,pathogenic
A328P,0.9985,pathogenic
A328Q,0.9992,pathogenic
A328R,0.9991,pathogenic
A328S,0.9031,pathogenic
A328T,0.9966,pathogenic
A328V,0.9897,pathogenic
A328W,0.9999,pathogenic
A328Y,0.9994,pathogenic
N329A,0.8491,pathogenic
N329C,0.4684,ambiguous
N329D,0.9828,pathogenic
N329E,0.9926,pathogenic
N329F,0.9064,pathogenic
N329G,0.8812,pathogenic
N329H,0.6146,pathogenic
N329I,0.914,pathogenic
N329K,0.9967,pathogenic
N329L,0.9102,pathogenic
N329M,0.9536,pathogenic
N329P,0.9753,pathogenic
N329Q,0.9666,pathogenic
N329R,0.9836,pathogenic
N329S,0.4224,ambiguous
N329T,0.8747,pathogenic
N329V,0.7864,pathogenic
N329W,0.956,pathogenic
N329Y,0.6604,pathogenic
K330A,0.9989,pathogenic
K330C,0.9995,pathogenic
K330D,0.9995,pathogenic
K330E,0.9994,pathogenic
K330F,0.9999,pathogenic
K330G,0.9979,pathogenic
K330H,0.9963,pathogenic
K330I,0.9996,pathogenic
K330L,0.999,pathogenic
K330M,0.999,pathogenic
K330N,0.9996,pathogenic
K330P,0.9996,pathogenic
K330Q,0.9981,pathogenic
K330R,0.6726,pathogenic
K330S,0.9996,pathogenic
K330T,0.9978,pathogenic
K330V,0.999,pathogenic
K330W,0.9996,pathogenic
K330Y,0.9988,pathogenic
D331A,0.9993,pathogenic
D331C,0.9993,pathogenic
D331E,0.9964,pathogenic
D331F,0.9999,pathogenic
D331G,0.9983,pathogenic
D331H,0.9997,pathogenic
D331I,0.9999,pathogenic
D331K,0.9999,pathogenic
D331L,0.9997,pathogenic
D331M,0.9999,pathogenic
D331N,0.9962,pathogenic
D331P,1,pathogenic
D331Q,0.9998,pathogenic
D331R,0.9998,pathogenic
D331S,0.9992,pathogenic
D331T,0.9998,pathogenic
D331V,0.9994,pathogenic
D331W,1,pathogenic
D331Y,0.9987,pathogenic
K332A,0.9572,pathogenic
K332C,0.9857,pathogenic
K332D,0.9901,pathogenic
K332E,0.9738,pathogenic
K332F,0.9944,pathogenic
K332G,0.97,pathogenic
K332H,0.9232,pathogenic
K332I,0.9449,pathogenic
K332L,0.9486,pathogenic
K332M,0.9444,pathogenic
K332N,0.9826,pathogenic
K332P,0.9643,pathogenic
K332Q,0.8742,pathogenic
K332R,0.2026,benign
K332S,0.9812,pathogenic
K332T,0.8959,pathogenic
K332V,0.9082,pathogenic
K332W,0.9932,pathogenic
K332Y,0.9856,pathogenic
A333C,0.8003,pathogenic
A333D,0.9848,pathogenic
A333E,0.9728,pathogenic
A333F,0.9105,pathogenic
A333G,0.5069,ambiguous
A333H,0.9434,pathogenic
A333I,0.9057,pathogenic
A333K,0.988,pathogenic
A333L,0.7102,pathogenic
A333M,0.7543,pathogenic
A333N,0.7295,pathogenic
A333P,0.9405,pathogenic
A333Q,0.8169,pathogenic
A333R,0.9766,pathogenic
A333S,0.2749,benign
A333T,0.4912,ambiguous
A333V,0.7274,pathogenic
A333W,0.9903,pathogenic
A333Y,0.9405,pathogenic
N334A,0.9459,pathogenic
N334C,0.6222,pathogenic
N334D,0.9788,pathogenic
N334E,0.9946,pathogenic
N334F,0.971,pathogenic
N334G,0.8902,pathogenic
N334H,0.5614,ambiguous
N334I,0.9931,pathogenic
N334K,0.9976,pathogenic
N334L,0.9699,pathogenic
N334M,0.9808,pathogenic
N334P,0.9931,pathogenic
N334Q,0.9776,pathogenic
N334R,0.9926,pathogenic
N334S,0.5419,ambiguous
N334T,0.9605,pathogenic
N334V,0.9809,pathogenic
N334W,0.9865,pathogenic
N334Y,0.843,pathogenic
R335A,0.987,pathogenic
R335C,0.9173,pathogenic
R335D,0.9958,pathogenic
R335E,0.9857,pathogenic
R335F,0.9948,pathogenic
R335G,0.9734,pathogenic
R335H,0.8155,pathogenic
R335I,0.9764,pathogenic
R335K,0.3451,ambiguous
R335L,0.9659,pathogenic
R335M,0.9875,pathogenic
R335N,0.9905,pathogenic
R335P,0.9975,pathogenic
R335Q,0.8154,pathogenic
R335S,0.9925,pathogenic
R335T,0.9831,pathogenic
R335V,0.9774,pathogenic
R335W,0.9695,pathogenic
R335Y,0.9745,pathogenic
Y336A,0.4998,ambiguous
Y336C,0.1442,benign
Y336D,0.8387,pathogenic
Y336E,0.9395,pathogenic
Y336F,0.0853,benign
Y336G,0.5846,pathogenic
Y336H,0.4371,ambiguous
Y336I,0.3292,benign
Y336K,0.9194,pathogenic
Y336L,0.2185,benign
Y336M,0.3944,ambiguous
Y336N,0.1512,benign
Y336P,0.9755,pathogenic
Y336Q,0.7057,pathogenic
Y336R,0.8675,pathogenic
Y336S,0.3327,benign
Y336T,0.4746,ambiguous
Y336V,0.2612,benign
Y336W,0.6137,pathogenic
F337A,0.9997,pathogenic
F337C,0.9987,pathogenic
F337D,1,pathogenic
F337E,1,pathogenic
F337G,0.9997,pathogenic
F337H,0.9986,pathogenic
F337I,0.9966,pathogenic
F337K,0.9999,pathogenic
F337L,0.9993,pathogenic
F337M,0.9984,pathogenic
F337N,0.9997,pathogenic
F337P,1,pathogenic
F337Q,0.9999,pathogenic
F337R,0.9996,pathogenic
F337S,0.9998,pathogenic
F337T,0.9998,pathogenic
F337V,0.9965,pathogenic
F337W,0.9805,pathogenic
F337Y,0.6988,pathogenic
S338A,0.7027,pathogenic
S338C,0.8515,pathogenic
S338D,0.9982,pathogenic
S338E,0.998,pathogenic
S338F,0.9955,pathogenic
S338G,0.9419,pathogenic
S338H,0.9731,pathogenic
S338I,0.9901,pathogenic
S338K,0.9996,pathogenic
S338L,0.974,pathogenic
S338M,0.9856,pathogenic
S338N,0.9809,pathogenic
S338P,0.9499,pathogenic
S338Q,0.9913,pathogenic
S338R,0.9992,pathogenic
S338T,0.9096,pathogenic
S338V,0.9875,pathogenic
S338W,0.9918,pathogenic
S338Y,0.9904,pathogenic
P339A,0.7826,pathogenic
P339C,0.9893,pathogenic
P339D,0.9945,pathogenic
P339E,0.9773,pathogenic
P339F,0.9981,pathogenic
P339G,0.9635,pathogenic
P339H,0.9731,pathogenic
P339I,0.9929,pathogenic
P339K,0.9902,pathogenic
P339L,0.967,pathogenic
P339M,0.9914,pathogenic
P339N,0.9813,pathogenic
P339Q,0.9498,pathogenic
P339R,0.9649,pathogenic
P339S,0.9238,pathogenic
P339T,0.9473,pathogenic
P339V,0.9696,pathogenic
P339W,0.9985,pathogenic
P339Y,0.9963,pathogenic
N340A,0.7663,pathogenic
N340C,0.746,pathogenic
N340D,0.8534,pathogenic
N340E,0.9712,pathogenic
N340F,0.9503,pathogenic
N340G,0.7586,pathogenic
N340H,0.6352,pathogenic
N340I,0.9396,pathogenic
N340K,0.9865,pathogenic
N340L,0.8405,pathogenic
N340M,0.9318,pathogenic
N340P,0.9806,pathogenic
N340Q,0.9411,pathogenic
N340R,0.9626,pathogenic
N340S,0.2989,benign
N340T,0.7671,pathogenic
N340V,0.8639,pathogenic
N340W,0.9856,pathogenic
N340Y,0.7353,pathogenic
F341A,0.999,pathogenic
F341C,0.9953,pathogenic
F341D,0.9999,pathogenic
F341E,0.9999,pathogenic
F341G,0.9988,pathogenic
F341H,0.9993,pathogenic
F341I,0.9961,pathogenic
F341K,0.9999,pathogenic
F341L,0.9971,pathogenic
F341M,0.9918,pathogenic
F341N,0.9997,pathogenic
F341P,1,pathogenic
F341Q,0.9997,pathogenic
F341R,0.9995,pathogenic
F341S,0.9996,pathogenic
F341T,0.9991,pathogenic
F341V,0.9931,pathogenic
F341W,0.992,pathogenic
F341Y,0.9667,pathogenic
K342A,0.9186,pathogenic
K342C,0.8058,pathogenic
K342D,0.9925,pathogenic
K342E,0.9056,pathogenic
K342F,0.9815,pathogenic
K342G,0.9644,pathogenic
K342H,0.6373,pathogenic
K342I,0.9095,pathogenic
K342L,0.898,pathogenic
K342M,0.8179,pathogenic
K342N,0.9712,pathogenic
K342P,0.9991,pathogenic
K342Q,0.4523,ambiguous
K342R,0.083,benign
K342S,0.9364,pathogenic
K342T,0.7821,pathogenic
K342V,0.8343,pathogenic
K342W,0.9672,pathogenic
K342Y,0.9486,pathogenic
V343A,0.9869,pathogenic
V343C,0.9808,pathogenic
V343D,0.9999,pathogenic
V343E,0.9993,pathogenic
V343F,0.9915,pathogenic
V343G,0.9759,pathogenic
V343H,0.9999,pathogenic
V343I,0.3112,benign
V343K,0.9996,pathogenic
V343L,0.9282,pathogenic
V343M,0.981,pathogenic
V343N,0.9992,pathogenic
V343P,0.9997,pathogenic
V343Q,0.9994,pathogenic
V343R,0.9989,pathogenic
V343S,0.998,pathogenic
V343T,0.9907,pathogenic
V343W,0.9999,pathogenic
V343Y,0.9992,pathogenic
K344A,0.8889,pathogenic
K344C,0.8012,pathogenic
K344D,0.9793,pathogenic
K344E,0.7952,pathogenic
K344F,0.9719,pathogenic
K344G,0.9514,pathogenic
K344H,0.566,pathogenic
K344I,0.6866,pathogenic
K344L,0.8435,pathogenic
K344M,0.6503,pathogenic
K344N,0.9249,pathogenic
K344P,0.9991,pathogenic
K344Q,0.3319,benign
K344R,0.1203,benign
K344S,0.8713,pathogenic
K344T,0.4813,ambiguous
K344V,0.6211,pathogenic
K344W,0.9473,pathogenic
K344Y,0.9165,pathogenic
L345A,0.9662,pathogenic
L345C,0.8399,pathogenic
L345D,0.9999,pathogenic
L345E,0.9996,pathogenic
L345F,0.9187,pathogenic
L345G,0.9945,pathogenic
L345H,0.9991,pathogenic
L345I,0.3986,ambiguous
L345K,0.9994,pathogenic
L345M,0.4086,ambiguous
L345N,0.9992,pathogenic
L345P,0.9998,pathogenic
L345Q,0.9985,pathogenic
L345R,0.9987,pathogenic
L345S,0.9984,pathogenic
L345T,0.9898,pathogenic
L345V,0.372,ambiguous
L345W,0.9971,pathogenic
L345Y,0.9952,pathogenic
Y346A,0.8982,pathogenic
Y346C,0.3058,benign
Y346D,0.9766,pathogenic
Y346E,0.9827,pathogenic
Y346F,0.0478,benign
Y346G,0.9355,pathogenic
Y346H,0.534,ambiguous
Y346I,0.5746,pathogenic
Y346K,0.9722,pathogenic
Y346L,0.6516,pathogenic
Y346M,0.7778,pathogenic
Y346N,0.8571,pathogenic
Y346P,0.9974,pathogenic
Y346Q,0.9337,pathogenic
Y346R,0.9251,pathogenic
Y346S,0.8174,pathogenic
Y346T,0.8994,pathogenic
Y346V,0.5686,pathogenic
Y346W,0.4241,ambiguous
F347A,0.999,pathogenic
F347C,0.9926,pathogenic
F347D,1,pathogenic
F347E,1,pathogenic
F347G,0.9994,pathogenic
F347H,0.9995,pathogenic
F347I,0.9892,pathogenic
F347K,0.9999,pathogenic
F347L,0.9978,pathogenic
F347M,0.9891,pathogenic
F347N,0.9999,pathogenic
F347P,1,pathogenic
F347Q,0.9998,pathogenic
F347R,0.9996,pathogenic
F347S,0.9997,pathogenic
F347T,0.9996,pathogenic
F347V,0.9812,pathogenic
F347W,0.9904,pathogenic
F347Y,0.9429,pathogenic
T348A,0.3785,ambiguous
T348C,0.6206,pathogenic
T348D,0.9304,pathogenic
T348E,0.8682,pathogenic
T348F,0.9022,pathogenic
T348G,0.5358,ambiguous
T348H,0.6876,pathogenic
T348I,0.9276,pathogenic
T348K,0.8417,pathogenic
T348L,0.7234,pathogenic
T348M,0.5087,ambiguous
T348N,0.6068,pathogenic
T348P,0.9746,pathogenic
T348Q,0.6122,pathogenic
T348R,0.7682,pathogenic
T348S,0.1523,benign
T348V,0.7444,pathogenic
T348W,0.957,pathogenic
T348Y,0.8715,pathogenic
K349A,0.7937,pathogenic
K349C,0.9027,pathogenic
K349D,0.914,pathogenic
K349E,0.5654,pathogenic
K349F,0.9828,pathogenic
K349G,0.8359,pathogenic
K349H,0.6812,pathogenic
K349I,0.9177,pathogenic
K349L,0.8437,pathogenic
K349M,0.7964,pathogenic
K349N,0.8952,pathogenic
K349P,0.8416,pathogenic
K349Q,0.3297,benign
K349R,0.0943,benign
K349S,0.8575,pathogenic
K349T,0.6838,pathogenic
K349V,0.8232,pathogenic
K349W,0.9641,pathogenic
K349Y,0.939,pathogenic
T350A,0.1433,benign
T350C,0.5463,ambiguous
T350D,0.8676,pathogenic
T350E,0.7878,pathogenic
T350F,0.7866,pathogenic
T350G,0.4264,ambiguous
T350H,0.7808,pathogenic
T350I,0.6242,pathogenic
T350K,0.8071,pathogenic
T350L,0.3314,benign
T350M,0.2271,benign
T350N,0.442,ambiguous
T350P,0.1559,benign
T350Q,0.6615,pathogenic
T350R,0.7474,pathogenic
T350S,0.3376,benign
T350V,0.3517,ambiguous
T350W,0.9432,pathogenic
T350Y,0.7996,pathogenic
V351A,0.2023,benign
V351C,0.6677,pathogenic
V351D,0.4881,ambiguous
V351E,0.4185,ambiguous
V351F,0.265,benign
V351G,0.2179,benign
V351H,0.6904,pathogenic
V351I,0.0931,benign
V351K,0.5714,pathogenic
V351L,0.2224,benign
V351M,0.1624,benign
V351N,0.3588,ambiguous
V351P,0.4934,ambiguous
V351Q,0.424,ambiguous
V351R,0.5443,ambiguous
V351S,0.2515,benign
V351T,0.212,benign
V351W,0.8563,pathogenic
V351Y,0.684,pathogenic
E352A,0.3335,benign
E352C,0.866,pathogenic
E352D,0.1098,benign
E352F,0.9024,pathogenic
E352G,0.2923,benign
E352H,0.7419,pathogenic
E352I,0.6748,pathogenic
E352K,0.5118,ambiguous
E352L,0.6654,pathogenic
E352M,0.7457,pathogenic
E352N,0.4563,ambiguous
E352P,0.6552,pathogenic
E352Q,0.3321,benign
E352R,0.5824,pathogenic
E352S,0.3629,ambiguous
E352T,0.4455,ambiguous
E352V,0.4565,ambiguous
E352W,0.9565,pathogenic
E352Y,0.8322,pathogenic
E353A,0.3154,benign
E353C,0.8059,pathogenic
E353D,0.0932,benign
E353F,0.7996,pathogenic
E353G,0.2428,benign
E353H,0.6907,pathogenic
E353I,0.5142,ambiguous
E353K,0.5082,ambiguous
E353L,0.5591,ambiguous
E353M,0.6315,pathogenic
E353N,0.3563,ambiguous
E353P,0.6002,pathogenic
E353Q,0.3242,benign
E353R,0.5945,pathogenic
E353S,0.3425,ambiguous
E353T,0.3906,ambiguous
E353V,0.3428,ambiguous
E353W,0.9425,pathogenic
E353Y,0.6993,pathogenic
P354A,0.0547,benign
P354C,0.1694,benign
P354D,0.264,benign
P354E,0.2131,benign
P354F,0.2254,benign
P354G,0.1131,benign
P354H,0.1281,benign
P354I,0.1287,benign
P354K,0.2628,benign
P354L,0.0828,benign
P354M,0.1451,benign
P354N,0.1212,benign
P354Q,0.1124,benign
P354R,0.2094,benign
P354S,0.0711,benign
P354T,0.0604,benign
P354V,0.095,benign
P354W,0.4041,ambiguous
P354Y,0.2274,benign
S355A,0.06,benign
S355C,0.075,benign
S355D,0.3733,ambiguous
S355E,0.4623,ambiguous
S355F,0.1772,benign
S355G,0.0655,benign
S355H,0.3359,benign
S355I,0.1236,benign
S355K,0.6758,pathogenic
S355L,0.0822,benign
S355M,0.1537,benign
S355N,0.11,benign
S355P,0.1008,benign
S355Q,0.409,ambiguous
S355R,0.6355,pathogenic
S355T,0.0628,benign
S355V,0.1012,benign
S355W,0.3662,ambiguous
S355Y,0.2115,benign
N356A,0.1049,benign
N356C,0.1059,benign
N356D,0.1558,benign
N356E,0.2911,benign
N356F,0.2515,benign
N356G,0.1357,benign
N356H,0.0917,benign
N356I,0.0901,benign
N356K,0.2859,benign
N356L,0.1051,benign
N356M,0.1718,benign
N356P,0.1904,benign
N356Q,0.2093,benign
N356R,0.3234,benign
N356S,0.0665,benign
N356T,0.0771,benign
N356V,0.0876,benign
N356W,0.5549,ambiguous
N356Y,0.1267,benign
P357A,0.0515,benign
P357C,0.1394,benign
P357D,0.2678,benign
P357E,0.2045,benign
P357F,0.2113,benign
P357G,0.1264,benign
P357H,0.1187,benign
P357I,0.1199,benign
P357K,0.2656,benign
P357L,0.0744,benign
P357M,0.129,benign
P357N,0.1291,benign
P357Q,0.1058,benign
P357R,0.2001,benign
P357S,0.07,benign
P357T,0.0568,benign
P357V,0.0913,benign
P357W,0.3637,ambiguous
P357Y,0.2111,benign
E358A,0.2664,benign
E358C,0.783,pathogenic
E358D,0.0867,benign
E358F,0.8026,pathogenic
E358G,0.2422,benign
E358H,0.6165,pathogenic
E358I,0.517,ambiguous
E358K,0.3892,ambiguous
E358L,0.5177,ambiguous
E358M,0.6313,pathogenic
E358N,0.3536,ambiguous
E358P,0.5875,pathogenic
E358Q,0.2769,benign
E358R,0.4841,ambiguous
E358S,0.2866,benign
E358T,0.366,ambiguous
E358V,0.3347,benign
E358W,0.9221,pathogenic
E358Y,0.7117,pathogenic
A359C,0.2717,benign
A359D,0.2997,benign
A359E,0.3268,benign
A359F,0.266,benign
A359G,0.1001,benign
A359H,0.4399,ambiguous
A359I,0.1797,benign
A359K,0.6201,pathogenic
A359L,0.1497,benign
A359M,0.1781,benign
A359N,0.1664,benign
A359P,0.1435,benign
A359Q,0.3805,ambiguous
A359R,0.6084,pathogenic
A359S,0.0828,benign
A359T,0.0762,benign
A359V,0.1013,benign
A359W,0.6799,pathogenic
A359Y,0.3699,ambiguous
S360A,0.0758,benign
S360C,0.1032,benign
S360D,0.6001,pathogenic
S360E,0.7116,pathogenic
S360F,0.2808,benign
S360G,0.0909,benign
S360H,0.5635,ambiguous
S360I,0.2382,benign
S360K,0.8958,pathogenic
S360L,0.131,benign
S360M,0.2521,benign
S360N,0.2075,benign
S360P,0.1517,benign
S360Q,0.6745,pathogenic
S360R,0.8631,pathogenic
S360T,0.0844,benign
S360V,0.1798,benign
S360W,0.5443,ambiguous
S360Y,0.3509,ambiguous
S361A,0.0776,benign
S361C,0.0867,benign
S361D,0.5401,ambiguous
S361E,0.6644,pathogenic
S361F,0.2139,benign
S361G,0.0779,benign
S361H,0.4261,ambiguous
S361I,0.168,benign
S361K,0.8272,pathogenic
S361L,0.0995,benign
S361M,0.1799,benign
S361N,0.132,benign
S361P,0.1254,benign
S361Q,0.5781,pathogenic
S361R,0.7934,pathogenic
S361T,0.0629,benign
S361V,0.1424,benign
S361W,0.4686,ambiguous
S361Y,0.2577,benign
S362A,0.0782,benign
S362C,0.0934,benign
S362D,0.6554,pathogenic
S362E,0.7431,pathogenic
S362F,0.2726,benign
S362G,0.0901,benign
S362H,0.5434,ambiguous
S362I,0.2372,benign
S362K,0.9034,pathogenic
S362L,0.1218,benign
S362M,0.2286,benign
S362N,0.2041,benign
S362P,0.158,benign
S362Q,0.6611,pathogenic
S362R,0.8748,pathogenic
S362T,0.0744,benign
S362V,0.1762,benign
S362W,0.5384,ambiguous
S362Y,0.3317,benign
T363A,0.0577,benign
T363C,0.2282,benign
T363D,0.459,ambiguous
T363E,0.4854,ambiguous
T363F,0.3027,benign
T363G,0.133,benign
T363H,0.2851,benign
T363I,0.2087,benign
T363K,0.4928,ambiguous
T363L,0.1116,benign
T363M,0.1126,benign
T363N,0.1231,benign
T363P,0.0807,benign
T363Q,0.3043,benign
T363R,0.4164,ambiguous
T363S,0.0802,benign
T363V,0.1388,benign
T363W,0.6658,pathogenic
T363Y,0.3673,ambiguous
S364A,0.1116,benign
S364C,0.1975,benign
S364D,0.8179,pathogenic
S364E,0.8664,pathogenic
S364F,0.5724,pathogenic
S364G,0.1825,benign
S364H,0.7882,pathogenic
S364I,0.4636,ambiguous
S364K,0.9691,pathogenic
S364L,0.2444,benign
S364M,0.3697,ambiguous
S364N,0.434,ambiguous
S364P,0.3284,benign
S364Q,0.8375,pathogenic
S364R,0.9549,pathogenic
S364T,0.1251,benign
S364V,0.3352,benign
S364W,0.7262,pathogenic
S364Y,0.6096,pathogenic
V365A,0.4304,ambiguous
V365C,0.7119,pathogenic
V365D,0.781,pathogenic
V365E,0.7393,pathogenic
V365F,0.3101,benign
V365G,0.4467,ambiguous
V365H,0.8659,pathogenic
V365I,0.0799,benign
V365K,0.8617,pathogenic
V365L,0.2306,benign
V365M,0.1804,benign
V365N,0.5741,pathogenic
V365P,0.7222,pathogenic
V365Q,0.7132,pathogenic
V365R,0.8267,pathogenic
V365S,0.4756,ambiguous
V365T,0.4597,ambiguous
V365W,0.927,pathogenic
V365Y,0.7624,pathogenic
T366A,0.2882,benign
T366C,0.7311,pathogenic
T366D,0.8885,pathogenic
T366E,0.8266,pathogenic
T366F,0.7493,pathogenic
T366G,0.5962,pathogenic
T366H,0.7645,pathogenic
T366I,0.6856,pathogenic
T366K,0.8459,pathogenic
T366L,0.3989,ambiguous
T366M,0.2792,benign
T366N,0.5165,ambiguous
T366P,0.3424,ambiguous
T366Q,0.7216,pathogenic
T366R,0.8207,pathogenic
T366S,0.3472,ambiguous
T366V,0.5199,ambiguous
T366W,0.9417,pathogenic
T366Y,0.8442,pathogenic
P367A,0.4153,ambiguous
P367C,0.9025,pathogenic
P367D,0.9538,pathogenic
P367E,0.894,pathogenic
P367F,0.9744,pathogenic
P367G,0.7935,pathogenic
P367H,0.861,pathogenic
P367I,0.9372,pathogenic
P367K,0.9629,pathogenic
P367L,0.7389,pathogenic
P367M,0.8944,pathogenic
P367N,0.9019,pathogenic
P367Q,0.8277,pathogenic
P367R,0.8886,pathogenic
P367S,0.6661,pathogenic
P367T,0.6118,pathogenic
P367V,0.8009,pathogenic
P367W,0.984,pathogenic
P367Y,0.9694,pathogenic
D368A,0.7919,pathogenic
D368C,0.9633,pathogenic
D368E,0.596,pathogenic
D368F,0.9622,pathogenic
D368G,0.8045,pathogenic
D368H,0.9353,pathogenic
D368I,0.9408,pathogenic
D368K,0.9739,pathogenic
D368L,0.9182,pathogenic
D368M,0.969,pathogenic
D368N,0.6529,pathogenic
D368P,0.9536,pathogenic
D368Q,0.9449,pathogenic
D368R,0.9557,pathogenic
D368S,0.692,pathogenic
D368T,0.87,pathogenic
D368V,0.8183,pathogenic
D368W,0.9918,pathogenic
D368Y,0.881,pathogenic
V369A,0.3701,ambiguous
V369C,0.6236,pathogenic
V369D,0.7045,pathogenic
V369E,0.721,pathogenic
V369F,0.329,benign
V369G,0.3957,ambiguous
V369H,0.8316,pathogenic
V369I,0.0897,benign
V369K,0.8745,pathogenic
V369L,0.3096,benign
V369M,0.2323,benign
V369N,0.4734,ambiguous
V369P,0.7305,pathogenic
V369Q,0.7232,pathogenic
V369R,0.8399,pathogenic
V369S,0.4124,ambiguous
V369T,0.3641,ambiguous
V369W,0.9221,pathogenic
V369Y,0.7505,pathogenic
S370A,0.242,benign
S370C,0.3671,ambiguous
S370D,0.8664,pathogenic
S370E,0.9208,pathogenic
S370F,0.8812,pathogenic
S370G,0.2541,benign
S370H,0.8917,pathogenic
S370I,0.7942,pathogenic
S370K,0.9902,pathogenic
S370L,0.4912,ambiguous
S370M,0.6281,pathogenic
S370N,0.6548,pathogenic
S370P,0.6901,pathogenic
S370Q,0.923,pathogenic
S370R,0.9831,pathogenic
S370T,0.219,benign
S370V,0.712,pathogenic
S370W,0.8811,pathogenic
S370Y,0.8488,pathogenic
D371A,0.8978,pathogenic
D371C,0.9735,pathogenic
D371E,0.5678,pathogenic
D371F,0.9723,pathogenic
D371G,0.8277,pathogenic
D371H,0.9566,pathogenic
D371I,0.9704,pathogenic
D371K,0.9775,pathogenic
D371L,0.9543,pathogenic
D371M,0.9852,pathogenic
D371N,0.7023,pathogenic
D371P,0.9722,pathogenic
D371Q,0.9534,pathogenic
D371R,0.9606,pathogenic
D371S,0.7666,pathogenic
D371T,0.9149,pathogenic
D371V,0.9169,pathogenic
D371W,0.992,pathogenic
D371Y,0.9143,pathogenic
N372A,0.3415,ambiguous
N372C,0.2815,benign
N372D,0.4879,ambiguous
N372E,0.7755,pathogenic
N372F,0.7299,pathogenic
N372G,0.3528,ambiguous
N372H,0.3078,benign
N372I,0.3511,ambiguous
N372K,0.8688,pathogenic
N372L,0.3734,ambiguous
N372M,0.4404,ambiguous
N372P,0.6335,pathogenic
N372Q,0.6546,pathogenic
N372R,0.8325,pathogenic
N372S,0.1074,benign
N372T,0.1823,benign
N372V,0.2728,benign
N372W,0.8904,pathogenic
N372Y,0.4272,ambiguous
E373A,0.9047,pathogenic
E373C,0.9847,pathogenic
E373D,0.5507,ambiguous
E373F,0.9913,pathogenic
E373G,0.8833,pathogenic
E373H,0.9777,pathogenic
E373I,0.9593,pathogenic
E373K,0.949,pathogenic
E373L,0.9689,pathogenic
E373M,0.974,pathogenic
E373N,0.9341,pathogenic
E373P,0.9622,pathogenic
E373Q,0.8543,pathogenic
E373R,0.9525,pathogenic
E373S,0.9063,pathogenic
E373T,0.93,pathogenic
E373V,0.9152,pathogenic
E373W,0.9974,pathogenic
E373Y,0.9822,pathogenic
P374A,0.3783,ambiguous
P374C,0.883,pathogenic
P374D,0.8304,pathogenic
P374E,0.7468,pathogenic
P374F,0.9332,pathogenic
P374G,0.7106,pathogenic
P374H,0.7935,pathogenic
P374I,0.7996,pathogenic
P374K,0.9047,pathogenic
P374L,0.5823,pathogenic
P374M,0.7645,pathogenic
P374N,0.767,pathogenic
P374Q,0.7248,pathogenic
P374R,0.8224,pathogenic
P374S,0.6428,pathogenic
P374T,0.5301,ambiguous
P374V,0.634,pathogenic
P374W,0.9634,pathogenic
P374Y,0.9089,pathogenic
D375A,0.7852,pathogenic
D375C,0.9512,pathogenic
D375E,0.3927,ambiguous
D375F,0.9417,pathogenic
D375G,0.7452,pathogenic
D375H,0.9149,pathogenic
D375I,0.9145,pathogenic
D375K,0.9591,pathogenic
D375L,0.8906,pathogenic
D375M,0.9606,pathogenic
D375N,0.5748,pathogenic
D375P,0.9425,pathogenic
D375Q,0.9072,pathogenic
D375R,0.9405,pathogenic
D375S,0.6522,pathogenic
D375T,0.841,pathogenic
D375V,0.8106,pathogenic
D375W,0.9858,pathogenic
D375Y,0.8236,pathogenic
H376A,0.4864,ambiguous
H376C,0.3104,benign
H376D,0.4672,ambiguous
H376E,0.5696,pathogenic
H376F,0.4601,ambiguous
H376G,0.4958,ambiguous
H376I,0.498,ambiguous
H376K,0.7275,pathogenic
H376L,0.2718,benign
H376M,0.5908,pathogenic
H376N,0.1661,benign
H376P,0.258,benign
H376Q,0.4152,ambiguous
H376R,0.5115,ambiguous
H376S,0.3464,ambiguous
H376T,0.4523,ambiguous
H376V,0.447,ambiguous
H376W,0.6823,pathogenic
H376Y,0.2538,benign
Y377A,0.8512,pathogenic
Y377C,0.4996,ambiguous
Y377D,0.7314,pathogenic
Y377E,0.8948,pathogenic
Y377F,0.2334,benign
Y377G,0.6783,pathogenic
Y377H,0.8254,pathogenic
Y377I,0.8239,pathogenic
Y377K,0.9623,pathogenic
Y377L,0.7137,pathogenic
Y377M,0.8754,pathogenic
Y377N,0.6327,pathogenic
Y377P,0.86,pathogenic
Y377Q,0.9254,pathogenic
Y377R,0.9215,pathogenic
Y377S,0.6043,pathogenic
Y377T,0.8292,pathogenic
Y377V,0.7139,pathogenic
Y377W,0.7364,pathogenic
R378A,0.8387,pathogenic
R378C,0.5662,pathogenic
R378D,0.852,pathogenic
R378E,0.7534,pathogenic
R378F,0.904,pathogenic
R378G,0.6755,pathogenic
R378H,0.3288,benign
R378I,0.7995,pathogenic
R378K,0.3439,ambiguous
R378L,0.6926,pathogenic
R378M,0.8683,pathogenic
R378N,0.838,pathogenic
R378P,0.8581,pathogenic
R378Q,0.3693,ambiguous
R378S,0.8505,pathogenic
R378T,0.8025,pathogenic
R378V,0.8092,pathogenic
R378W,0.7027,pathogenic
R378Y,0.7681,pathogenic
Y379A,0.855,pathogenic
Y379C,0.5423,ambiguous
Y379D,0.7116,pathogenic
Y379E,0.8957,pathogenic
Y379F,0.2155,benign
Y379G,0.6812,pathogenic
Y379H,0.8338,pathogenic
Y379I,0.8305,pathogenic
Y379K,0.9646,pathogenic
Y379L,0.7202,pathogenic
Y379M,0.875,pathogenic
Y379N,0.6158,pathogenic
Y379P,0.8255,pathogenic
Y379Q,0.9424,pathogenic
Y379R,0.9317,pathogenic
Y379S,0.6653,pathogenic
Y379T,0.8542,pathogenic
Y379V,0.7281,pathogenic
Y379W,0.7374,pathogenic
S380A,0.3252,benign
S380C,0.4671,ambiguous
S380D,0.9037,pathogenic
S380E,0.9326,pathogenic
S380F,0.9356,pathogenic
S380G,0.4246,ambiguous
S380H,0.9075,pathogenic
S380I,0.8962,pathogenic
S380K,0.994,pathogenic
S380L,0.7247,pathogenic
S380M,0.7947,pathogenic
S380N,0.7515,pathogenic
S380P,0.8328,pathogenic
S380Q,0.9349,pathogenic
S380R,0.9889,pathogenic
S380T,0.3408,ambiguous
S380V,0.8425,pathogenic
S380W,0.9144,pathogenic
S380Y,0.8901,pathogenic
D381A,0.9796,pathogenic
D381C,0.9963,pathogenic
D381E,0.873,pathogenic
D381F,0.9945,pathogenic
D381G,0.9716,pathogenic
D381H,0.9901,pathogenic
D381I,0.9962,pathogenic
D381K,0.9961,pathogenic
D381L,0.9905,pathogenic
D381M,0.9976,pathogenic
D381N,0.9158,pathogenic
D381P,0.9949,pathogenic
D381Q,0.9935,pathogenic
D381R,0.9925,pathogenic
D381S,0.9493,pathogenic
D381T,0.9887,pathogenic
D381V,0.9869,pathogenic
D381W,0.999,pathogenic
D381Y,0.9779,pathogenic
T382A,0.535,ambiguous
T382C,0.8689,pathogenic
T382D,0.8619,pathogenic
T382E,0.8718,pathogenic
T382F,0.9319,pathogenic
T382G,0.7663,pathogenic
T382H,0.8807,pathogenic
T382I,0.9104,pathogenic
T382K,0.9343,pathogenic
T382L,0.739,pathogenic
T382M,0.62,pathogenic
T382N,0.6621,pathogenic
T382P,0.7129,pathogenic
T382Q,0.8854,pathogenic
T382R,0.911,pathogenic
T382S,0.5596,ambiguous
T382V,0.7562,pathogenic
T382W,0.9845,pathogenic
T382Y,0.9429,pathogenic
T383A,0.5332,ambiguous
T383C,0.9154,pathogenic
T383D,0.9085,pathogenic
T383E,0.8928,pathogenic
T383F,0.9652,pathogenic
T383G,0.721,pathogenic
T383H,0.9213,pathogenic
T383I,0.9653,pathogenic
T383K,0.9573,pathogenic
T383L,0.7976,pathogenic
T383M,0.7215,pathogenic
T383N,0.807,pathogenic
T383P,0.7317,pathogenic
T383Q,0.9043,pathogenic
T383R,0.9242,pathogenic
T383S,0.5275,ambiguous
T383V,0.8334,pathogenic
T383W,0.9816,pathogenic
T383Y,0.9684,pathogenic
D384A,0.9732,pathogenic
D384C,0.9957,pathogenic
D384E,0.8963,pathogenic
D384F,0.9914,pathogenic
D384G,0.9644,pathogenic
D384H,0.9916,pathogenic
D384I,0.9941,pathogenic
D384K,0.9965,pathogenic
D384L,0.9869,pathogenic
D384M,0.9968,pathogenic
D384N,0.9203,pathogenic
D384P,0.9938,pathogenic
D384Q,0.9944,pathogenic
D384R,0.9934,pathogenic
D384S,0.9456,pathogenic
D384T,0.9853,pathogenic
D384V,0.9792,pathogenic
D384W,0.9983,pathogenic
D384Y,0.9659,pathogenic
S385A,0.3407,ambiguous
S385C,0.5696,pathogenic
S385D,0.8674,pathogenic
S385E,0.9293,pathogenic
S385F,0.9336,pathogenic
S385G,0.4978,ambiguous
S385H,0.9357,pathogenic
S385I,0.8584,pathogenic
S385K,0.994,pathogenic
S385L,0.7089,pathogenic
S385M,0.7581,pathogenic
S385N,0.7721,pathogenic
S385P,0.9299,pathogenic
S385Q,0.9567,pathogenic
S385R,0.9911,pathogenic
S385T,0.3019,benign
S385V,0.8091,pathogenic
S385W,0.9281,pathogenic
S385Y,0.8904,pathogenic
D386A,0.9343,pathogenic
D386C,0.977,pathogenic
D386E,0.7345,pathogenic
D386F,0.9701,pathogenic
D386G,0.9572,pathogenic
D386H,0.9698,pathogenic
D386I,0.9597,pathogenic
D386K,0.988,pathogenic
D386L,0.94,pathogenic
D386M,0.986,pathogenic
D386N,0.8536,pathogenic
D386P,0.9764,pathogenic
D386Q,0.9826,pathogenic
D386R,0.9814,pathogenic
D386S,0.9009,pathogenic
D386T,0.962,pathogenic
D386V,0.9161,pathogenic
D386W,0.9925,pathogenic
D386Y,0.8979,pathogenic
P387A,0.3471,ambiguous
P387C,0.8396,pathogenic
P387D,0.8046,pathogenic
P387E,0.6684,pathogenic
P387F,0.8922,pathogenic
P387G,0.7055,pathogenic
P387H,0.7248,pathogenic
P387I,0.7359,pathogenic
P387K,0.8627,pathogenic
P387L,0.5457,ambiguous
P387M,0.702,pathogenic
P387N,0.7446,pathogenic
P387Q,0.668,pathogenic
P387R,0.763,pathogenic
P387S,0.5884,pathogenic
P387T,0.401,ambiguous
P387V,0.5606,ambiguous
P387W,0.9385,pathogenic
P387Y,0.88,pathogenic
E388A,0.8773,pathogenic
E388C,0.9825,pathogenic
E388D,0.4786,ambiguous
E388F,0.9939,pathogenic
E388G,0.7832,pathogenic
E388H,0.9827,pathogenic
E388I,0.9718,pathogenic
E388K,0.9323,pathogenic
E388L,0.969,pathogenic
E388M,0.9775,pathogenic
E388N,0.9288,pathogenic
E388P,0.9725,pathogenic
E388Q,0.8338,pathogenic
E388R,0.9308,pathogenic
E388S,0.8954,pathogenic
E388T,0.9339,pathogenic
E388V,0.9144,pathogenic
E388W,0.9964,pathogenic
E388Y,0.9862,pathogenic
N389A,0.4569,ambiguous
N389C,0.4263,ambiguous
N389D,0.3893,ambiguous
N389E,0.6792,pathogenic
N389F,0.7573,pathogenic
N389G,0.4523,ambiguous
N389H,0.3613,ambiguous
N389I,0.4219,ambiguous
N389K,0.8193,pathogenic
N389L,0.4845,ambiguous
N389M,0.4729,ambiguous
N389P,0.8176,pathogenic
N389Q,0.6962,pathogenic
N389R,0.8307,pathogenic
N389S,0.2139,benign
N389T,0.2773,benign
N389V,0.3685,ambiguous
N389W,0.9027,pathogenic
N389Y,0.3523,ambiguous
E390A,0.6095,pathogenic
E390C,0.9118,pathogenic
E390D,0.1883,benign
E390F,0.9253,pathogenic
E390G,0.5375,ambiguous
E390H,0.8513,pathogenic
E390I,0.7612,pathogenic
E390K,0.7261,pathogenic
E390L,0.7787,pathogenic
E390M,0.8494,pathogenic
E390N,0.6419,pathogenic
E390P,0.8534,pathogenic
E390Q,0.5109,ambiguous
E390R,0.7726,pathogenic
E390S,0.6032,pathogenic
E390T,0.6793,pathogenic
E390V,0.6136,pathogenic
E390W,0.9804,pathogenic
E390Y,0.8773,pathogenic
P391A,0.0845,benign
P391C,0.3023,benign
P391D,0.321,benign
P391E,0.2452,benign
P391F,0.3493,ambiguous
P391G,0.2166,benign
P391H,0.1814,benign
P391I,0.1764,benign
P391K,0.3544,ambiguous
P391L,0.1161,benign
P391M,0.2093,benign
P391N,0.1848,benign
P391Q,0.1562,benign
P391R,0.2945,benign
P391S,0.124,benign
P391T,0.0981,benign
P391V,0.1306,benign
P391W,0.5512,ambiguous
P391Y,0.3262,benign
F392A,0.2804,benign
F392C,0.2029,benign
F392D,0.445,ambiguous
F392E,0.5123,ambiguous
F392G,0.4198,ambiguous
F392H,0.5049,ambiguous
F392I,0.1988,benign
F392K,0.807,pathogenic
F392L,0.649,pathogenic
F392M,0.3428,ambiguous
F392N,0.3572,ambiguous
F392P,0.7471,pathogenic
F392Q,0.5793,pathogenic
F392R,0.7338,pathogenic
F392S,0.2274,benign
F392T,0.2793,benign
F392V,0.1725,benign
F392W,0.3591,ambiguous
F392Y,0.1415,benign
D393A,0.3045,benign
D393C,0.557,ambiguous
D393E,0.0873,benign
D393F,0.6286,pathogenic
D393G,0.281,benign
D393H,0.4696,ambiguous
D393I,0.4716,ambiguous
D393K,0.5893,pathogenic
D393L,0.4338,ambiguous
D393M,0.6417,pathogenic
D393N,0.2081,benign
D393P,0.6421,pathogenic
D393Q,0.4165,ambiguous
D393R,0.5851,pathogenic
D393S,0.2332,benign
D393T,0.3349,benign
D393V,0.3291,benign
D393W,0.8611,pathogenic
D393Y,0.3999,ambiguous
E394A,0.3805,ambiguous
E394C,0.778,pathogenic
E394D,0.072,benign
E394F,0.8266,pathogenic
E394G,0.3008,benign
E394H,0.6514,pathogenic
E394I,0.6239,pathogenic
E394K,0.486,ambiguous
E394L,0.6356,pathogenic
E394M,0.709,pathogenic
E394N,0.3288,benign
E394P,0.6815,pathogenic
E394Q,0.3616,ambiguous
E394R,0.564,pathogenic
E394S,0.3272,benign
E394T,0.4158,ambiguous
E394V,0.4742,ambiguous
E394W,0.9239,pathogenic
E394Y,0.7224,pathogenic
D395A,0.2545,benign
D395C,0.4788,ambiguous
D395E,0.0684,benign
D395F,0.5567,ambiguous
D395G,0.2079,benign
D395H,0.4135,ambiguous
D395I,0.3521,ambiguous
D395K,0.4364,ambiguous
D395L,0.3558,ambiguous
D395M,0.5125,ambiguous
D395N,0.1479,benign
D395P,0.5344,ambiguous
D395Q,0.3049,benign
D395R,0.5078,ambiguous
D395S,0.1964,benign
D395T,0.2665,benign
D395V,0.2582,benign
D395W,0.8244,pathogenic
D395Y,0.3321,benign
Q396A,0.1046,benign
Q396C,0.2642,benign
Q396D,0.1632,benign
Q396E,0.0867,benign
Q396F,0.3314,benign
Q396G,0.1412,benign
Q396H,0.0901,benign
Q396I,0.1558,benign
Q396K,0.1369,benign
Q396L,0.1005,benign
Q396M,0.1784,benign
Q396N,0.0898,benign
Q396P,0.0998,benign
Q396R,0.1573,benign
Q396S,0.0918,benign
Q396T,0.0872,benign
Q396V,0.1183,benign
Q396W,0.4588,ambiguous
Q396Y,0.2164,benign
H397A,0.1804,benign
H397C,0.162,benign
H397D,0.2159,benign
H397E,0.231,benign
H397F,0.2105,benign
H397G,0.2064,benign
H397I,0.1625,benign
H397K,0.2762,benign
H397L,0.1,benign
H397M,0.2239,benign
H397N,0.0795,benign
H397P,0.1095,benign
H397Q,0.1252,benign
H397R,0.1956,benign
H397S,0.1609,benign
H397T,0.1605,benign
H397V,0.1434,benign
H397W,0.4297,ambiguous
H397Y,0.1255,benign
T398A,0.0705,benign
T398C,0.1558,benign
T398D,0.2823,benign
T398E,0.2958,benign
T398F,0.1969,benign
T398G,0.1155,benign
T398H,0.1542,benign
T398I,0.1578,benign
T398K,0.3448,ambiguous
T398L,0.0972,benign
T398M,0.1053,benign
T398N,0.0767,benign
T398P,0.0945,benign
T398Q,0.1815,benign
T398R,0.3171,benign
T398S,0.0747,benign
T398V,0.122,benign
T398W,0.4539,ambiguous
T398Y,0.2122,benign
Q399A,0.1434,benign
Q399C,0.5294,ambiguous
Q399D,0.34,benign
Q399E,0.1241,benign
Q399F,0.6134,pathogenic
Q399G,0.262,benign
Q399H,0.2,benign
Q399I,0.2745,benign
Q399K,0.2163,benign
Q399L,0.1508,benign
Q399M,0.2393,benign
Q399N,0.1679,benign
Q399P,0.1374,benign
Q399R,0.2639,benign
Q399S,0.1464,benign
Q399T,0.1187,benign
Q399V,0.1614,benign
Q399W,0.7542,pathogenic
Q399Y,0.4777,ambiguous
I400A,0.8722,pathogenic
I400C,0.9281,pathogenic
I400D,0.9364,pathogenic
I400E,0.888,pathogenic
I400F,0.4564,ambiguous
I400G,0.9362,pathogenic
I400H,0.9018,pathogenic
I400K,0.9002,pathogenic
I400L,0.333,benign
I400M,0.2996,benign
I400N,0.7676,pathogenic
I400P,0.8721,pathogenic
I400Q,0.8762,pathogenic
I400R,0.8696,pathogenic
I400S,0.875,pathogenic
I400T,0.8934,pathogenic
I400V,0.2415,benign
I400W,0.9272,pathogenic
I400Y,0.7839,pathogenic
T401A,0.3369,benign
T401C,0.6897,pathogenic
T401D,0.811,pathogenic
T401E,0.7235,pathogenic
T401F,0.7624,pathogenic
T401G,0.4749,ambiguous
T401H,0.6684,pathogenic
T401I,0.7813,pathogenic
T401K,0.6988,pathogenic
T401L,0.5066,ambiguous
T401M,0.4448,ambiguous
T401N,0.4506,ambiguous
T401P,0.5625,ambiguous
T401Q,0.5592,ambiguous
T401R,0.6654,pathogenic
T401S,0.3182,benign
T401V,0.5641,pathogenic
T401W,0.9205,pathogenic
T401Y,0.7956,pathogenic
K402A,0.7439,pathogenic
K402C,0.9112,pathogenic
K402D,0.8409,pathogenic
K402E,0.6275,pathogenic
K402F,0.9739,pathogenic
K402G,0.7733,pathogenic
K402H,0.6394,pathogenic
K402I,0.8879,pathogenic
K402L,0.8579,pathogenic
K402M,0.802,pathogenic
K402N,0.8055,pathogenic
K402P,0.8625,pathogenic
K402Q,0.4598,ambiguous
K402R,0.1388,benign
K402S,0.8155,pathogenic
K402T,0.6219,pathogenic
K402V,0.7857,pathogenic
K402W,0.9659,pathogenic
K402Y,0.9232,pathogenic
V403A,0.8037,pathogenic
V403C,0.9132,pathogenic
V403D,0.8804,pathogenic
V403E,0.812,pathogenic
V403F,0.5989,pathogenic
V403G,0.6341,pathogenic
V403H,0.9548,pathogenic
V403I,0.2221,benign
V403K,0.907,pathogenic
V403L,0.6521,pathogenic
V403M,0.6979,pathogenic
V403N,0.8157,pathogenic
V403P,0.8709,pathogenic
V403Q,0.8766,pathogenic
V403R,0.88,pathogenic
V403S,0.8452,pathogenic
V403T,0.7885,pathogenic
V403W,0.9759,pathogenic
V403Y,0.843,pathogenic
